X_mm,Y_mm,ux_sparlab,uy_sparlab,uz_sparlab,ux_ccx,uy_ccx,uz_ccx
-2.000000000000000000e+01,0.000000000000000000e+00,0.000000000000000000e+00,0.000000000000000000e+00,0.000000000000000000e+00,0.000000000000000000e+00,0.000000000000000000e+00,0.000000000000000000e+00
-1.950000000000000000e+01,0.000000000000000000e+00,0.000000000000000000e+00,0.000000000000000000e+00,0.000000000000000000e+00,0.000000000000000000e+00,0.000000000000000000e+00,0.000000000000000000e+00
-1.900000000000000000e+01,0.000000000000000000e+00,0.000000000000000000e+00,0.000000000000000000e+00,0.000000000000000000e+00,0.000000000000000000e+00,0.000000000000000000e+00,0.000000000000000000e+00
-1.850000000000000000e+01,0.000000000000000000e+00,0.000000000000000000e+00,0.000000000000000000e+00,0.000000000000000000e+00,0.000000000000000000e+00,0.000000000000000000e+00,0.000000000000000000e+00
-1.800000000000000000e+01,0.000000000000000000e+00,0.000000000000000000e+00,0.000000000000000000e+00,0.000000000000000000e+00,0.000000000000000000e+00,0.000000000000000000e+00,0.000000000000000000e+00
-1.750000000000000000e+01,0.000000000000000000e+00,0.000000000000000000e+00,0.000000000000000000e+00,0.000000000000000000e+00,0.000000000000000000e+00,0.000000000000000000e+00,0.000000000000000000e+00
-1.700000000000000000e+01,0.000000000000000000e+00,0.000000000000000000e+00,0.000000000000000000e+00,0.000000000000000000e+00,0.000000000000000000e+00,0.000000000000000000e+00,0.000000000000000000e+00
-1.650000000000000000e+01,0.000000000000000000e+00,0.000000000000000000e+00,0.000000000000000000e+00,0.000000000000000000e+00,0.000000000000000000e+00,0.000000000000000000e+00,0.000000000000000000e+00
-1.600000000000000000e+01,0.000000000000000000e+00,0.000000000000000000e+00,0.000000000000000000e+00,0.000000000000000000e+00,0.000000000000000000e+00,0.000000000000000000e+00,0.000000000000000000e+00
-1.550000000000000000e+01,0.000000000000000000e+00,0.000000000000000000e+00,0.000000000000000000e+00,0.000000000000000000e+00,0.000000000000000000e+00,0.000000000000000000e+00,0.000000000000000000e+00
-1.500000000000000000e+01,0.000000000000000000e+00,0.000000000000000000e+00,0.000000000000000000e+00,0.000000000000000000e+00,0.000000000000000000e+00,0.000000000000000000e+00,0.000000000000000000e+00
-1.450000000000000000e+01,0.000000000000000000e+00,5.905076610298685275e-02,0.000000000000000000e+00,-9.990517740559869131e-02,5.893945999999999907e-02,0.000000000000000000e+00,-9.969350000000000434e-02
-1.400000000000000000e+01,0.000000000000000000e+00,1.305497289479381762e-01,0.000000000000000000e+00,-1.581709076388689017e-01,1.303131999999999902e-01,0.000000000000000000e+00,-1.579888999999999877e-01
-1.350000000000000000e+01,0.000000000000000000e+00,1.620648030728155109e-01,0.000000000000000000e+00,-2.633278186358332107e-01,1.618425000000000002e-01,0.000000000000000000e+00,-2.631037999999999988e-01
-1.300000000000000000e+01,0.000000000000000000e+00,1.839252538332116493e-01,0.000000000000000000e+00,-3.861736218094172779e-01,1.837351000000000123e-01,0.000000000000000000e+00,-3.858755999999999853e-01
-1.250000000000000000e+01,0.000000000000000000e+00,1.845064670174371424e-01,0.000000000000000000e+00,-5.229911780820548639e-01,1.844308000000000058e-01,0.000000000000000000e+00,-5.225845000000000073e-01
-1.200000000000000000e+01,0.000000000000000000e+00,1.829042561594443894e-01,0.000000000000000000e+00,-6.630759260866245786e-01,1.829128999999999894e-01,0.000000000000000000e+00,-6.626031000000000004e-01
-1.150000000000000000e+01,0.000000000000000000e+00,1.788442210913349095e-01,0.000000000000000000e+00,-8.046776921412873707e-01,1.789226999999999901e-01,0.000000000000000000e+00,-8.041821000000000108e-01
-1.100000000000000000e+01,0.000000000000000000e+00,1.744031259865351513e-01,0.000000000000000000e+00,-9.476204046232657996e-01,1.745350999999999986e-01,0.000000000000000000e+00,-9.471289000000000513e-01
-1.050000000000000000e+01,0.000000000000000000e+00,1.685006895121750337e-01,0.000000000000000000e+00,-1.091237321441448582e+00,1.686320000000000041e-01,0.000000000000000000e+00,-1.090789999999999926e+00
-1.000000000000000000e+01,0.000000000000000000e+00,1.628664814692721285e-01,0.000000000000000000e+00,-1.234973016767006548e+00,1.629791999999999907e-01,0.000000000000000000e+00,-1.234577000000000035e+00
-9.500000000000000000e+00,0.000000000000000000e+00,1.567112005796854057e-01,0.000000000000000000e+00,-1.378966351507199928e+00,1.568207000000000073e-01,0.000000000000000000e+00,-1.378609999999999891e+00
-9.000000000000000000e+00,0.000000000000000000e+00,1.506176148471957410e-01,0.000000000000000000e+00,-1.523017871715709459e+00,1.507143999999999984e-01,0.000000000000000000e+00,-1.522707000000000033e+00
-8.500000000000000000e+00,0.000000000000000000e+00,1.444003232011267512e-01,0.000000000000000000e+00,-1.667129788666550150e+00,1.444857999999999976e-01,0.000000000000000000e+00,-1.666857000000000033e+00
-8.000000000000000000e+00,0.000000000000000000e+00,1.381668488348005708e-01,0.000000000000000000e+00,-1.811253904493216771e+00,1.382500000000000118e-01,0.000000000000000000e+00,-1.811020999999999992e+00
-7.500000000000000000e+00,0.000000000000000000e+00,1.319255174218403603e-01,0.000000000000000000e+00,-1.955429508076468759e+00,1.319961000000000051e-01,0.000000000000000000e+00,-1.955232000000000081e+00
-7.000000000000000000e+00,0.000000000000000000e+00,1.256307959682831654e-01,0.000000000000000000e+00,-2.099592788639792929e+00,1.257024999999999948e-01,0.000000000000000000e+00,-2.099432000000000187e+00
-6.500000000000000000e+00,0.000000000000000000e+00,1.193670514448503112e-01,0.000000000000000000e+00,-2.243793458285560316e+00,1.194302000000000002e-01,0.000000000000000000e+00,-2.243670999999999971e+00
-6.000000000000000000e+00,0.000000000000000000e+00,1.130175281495427869e-01,0.000000000000000000e+00,-2.387944107794478743e+00,1.130789999999999990e-01,0.000000000000000000e+00,-2.387861000000000011e+00
-5.500000000000000000e+00,0.000000000000000000e+00,1.067203653500930771e-01,0.000000000000000000e+00,-2.532120718864009579e+00,1.067764999999999964e-01,0.000000000000000000e+00,-2.532080000000000108e+00
-5.000000000000000000e+00,0.000000000000000000e+00,1.002791953294312893e-01,0.000000000000000000e+00,-2.676148282726541261e+00,1.003336999999999979e-01,0.000000000000000000e+00,-2.676158000000000037e+00
-4.500000000000000000e+00,0.000000000000000000e+00,9.385747172340411226e-02,0.000000000000000000e+00,-2.820035461634966101e+00,9.389925000000000355e-02,0.000000000000000000e+00,-2.820082000000000200e+00
-4.000000000000000000e+00,0.000000000000000000e+00,8.714212625856176953e-02,0.000000000000000000e+00,-2.963364532273593088e+00,8.717260000000000286e-02,0.000000000000000000e+00,-2.963449000000000222e+00
-3.500000000000000000e+00,0.000000000000000000e+00,8.047901130286630456e-02,0.000000000000000000e+00,-3.106191112233662288e+00,8.047606000000000204e-02,0.000000000000000000e+00,-3.106276999999999955e+00
-3.000000000000000000e+00,0.000000000000000000e+00,7.322617754371878174e-02,0.000000000000000000e+00,-3.247484054653794860e+00,7.320316000000000323e-02,0.000000000000000000e+00,-3.247571999999999903e+00
-2.500000000000000000e+00,0.000000000000000000e+00,6.517123386945937458e-02,0.000000000000000000e+00,-3.385534450945989704e+00,6.517351999999999868e-02,0.000000000000000000e+00,-3.385629000000000222e+00
-2.000000000000000000e+00,0.000000000000000000e+00,5.606349760361462736e-02,0.000000000000000000e+00,-3.518793769500002000e+00,5.608011999999999719e-02,0.000000000000000000e+00,-3.518791999999999920e+00
-1.500000000000000000e+00,0.000000000000000000e+00,4.398118030400428174e-02,0.000000000000000000e+00,-3.640603597009056447e+00,4.411869000000000207e-02,0.000000000000000000e+00,-3.640652000000000221e+00
-1.000000000000000000e+00,0.000000000000000000e+00,3.228430413425278228e-02,0.000000000000000000e+00,-3.751301362796853667e+00,3.236822999999999784e-02,0.000000000000000000e+00,-3.751431999999999878e+00
-5.000000000000000000e-01,0.000000000000000000e+00,1.470081063847330193e-02,0.000000000000000000e+00,-3.837606943305546636e+00,1.478577000000000016e-02,0.000000000000000000e+00,-3.837638999999999800e+00
0.000000000000000000e+00,0.000000000000000000e+00,3.563349955696972038e-16,0.000000000000000000e+00,-3.868304299050658202e+00,-6.882899999999999879e-09,0.000000000000000000e+00,-3.868206999999999951e+00
5.000000000000000000e-01,0.000000000000000000e+00,-1.470081063847205292e-02,0.000000000000000000e+00,-3.837606943305547524e+00,-1.478591999999999927e-02,0.000000000000000000e+00,-3.837638999999999800e+00
1.000000000000000000e+00,0.000000000000000000e+00,-3.228430413425206758e-02,0.000000000000000000e+00,-3.751301362796853667e+00,-3.237004999999999744e-02,0.000000000000000000e+00,-3.751430000000000042e+00
1.500000000000000000e+00,0.000000000000000000e+00,-4.398118030400496176e-02,0.000000000000000000e+00,-3.640603597009057335e+00,-4.411866999999999872e-02,0.000000000000000000e+00,-3.640652000000000221e+00
2.000000000000000000e+00,0.000000000000000000e+00,-5.606349760361319101e-02,0.000000000000000000e+00,-3.518793769500005109e+00,-5.607999999999999791e-02,0.000000000000000000e+00,-3.518791999999999920e+00
2.500000000000000000e+00,0.000000000000000000e+00,-6.517123386945845864e-02,0.000000000000000000e+00,-3.385534450945992813e+00,-6.517352999999999341e-02,0.000000000000000000e+00,-3.385629000000000222e+00
3.000000000000000000e+00,0.000000000000000000e+00,-7.322617754371871235e-02,0.000000000000000000e+00,-3.247484054653797969e+00,-7.320316000000000323e-02,0.000000000000000000e+00,-3.247571999999999903e+00
3.500000000000000000e+00,0.000000000000000000e+00,-8.047901130286534699e-02,0.000000000000000000e+00,-3.106191112233665397e+00,-8.047606000000000204e-02,0.000000000000000000e+00,-3.106276999999999955e+00
4.000000000000000000e+00,0.000000000000000000e+00,-8.714212625856064542e-02,0.000000000000000000e+00,-2.963364532273594421e+00,-8.717260000000000286e-02,0.000000000000000000e+00,-2.963449000000000222e+00
4.500000000000000000e+00,0.000000000000000000e+00,-9.385747172340522249e-02,0.000000000000000000e+00,-2.820035461634967433e+00,-9.389925000000000355e-02,0.000000000000000000e+00,-2.820082000000000200e+00
5.000000000000000000e+00,0.000000000000000000e+00,-1.002791953294303318e-01,0.000000000000000000e+00,-2.676148282726544814e+00,-1.003336999999999979e-01,0.000000000000000000e+00,-2.676158000000000037e+00
5.500000000000000000e+00,0.000000000000000000e+00,-1.067203653500918142e-01,0.000000000000000000e+00,-2.532120718864012687e+00,-1.067764999999999964e-01,0.000000000000000000e+00,-2.532080000000000108e+00
6.000000000000000000e+00,0.000000000000000000e+00,-1.130175281495423012e-01,0.000000000000000000e+00,-2.387944107794480519e+00,-1.130789999999999990e-01,0.000000000000000000e+00,-2.387861000000000011e+00
6.500000000000000000e+00,0.000000000000000000e+00,-1.193670514448503112e-01,0.000000000000000000e+00,-2.243793458285563425e+00,-1.194302000000000002e-01,0.000000000000000000e+00,-2.243670999999999971e+00
7.000000000000000000e+00,0.000000000000000000e+00,-1.256307959682828601e-01,0.000000000000000000e+00,-2.099592788639796925e+00,-1.257024999999999948e-01,0.000000000000000000e+00,-2.099432000000000187e+00
7.500000000000000000e+00,0.000000000000000000e+00,-1.319255174218396109e-01,0.000000000000000000e+00,-1.955429508076472755e+00,-1.319961000000000051e-01,0.000000000000000000e+00,-1.955232000000000081e+00
8.000000000000000000e+00,0.000000000000000000e+00,-1.381668488348006263e-01,0.000000000000000000e+00,-1.811253904493221434e+00,-1.382500000000000118e-01,0.000000000000000000e+00,-1.811020999999999992e+00
8.500000000000000000e+00,0.000000000000000000e+00,-1.444003232011277782e-01,0.000000000000000000e+00,-1.667129788666551038e+00,-1.444857999999999976e-01,0.000000000000000000e+00,-1.666857000000000033e+00
9.000000000000000000e+00,0.000000000000000000e+00,-1.506176148471946585e-01,0.000000000000000000e+00,-1.523017871715711236e+00,-1.507143999999999984e-01,0.000000000000000000e+00,-1.522707000000000033e+00
9.500000000000000000e+00,0.000000000000000000e+00,-1.567112005796858221e-01,0.000000000000000000e+00,-1.378966351507202370e+00,-1.568207000000000073e-01,0.000000000000000000e+00,-1.378609999999999891e+00
1.000000000000000000e+01,0.000000000000000000e+00,-1.628664814692729057e-01,0.000000000000000000e+00,-1.234973016767004550e+00,-1.629791999999999907e-01,0.000000000000000000e+00,-1.234577000000000035e+00
1.050000000000000000e+01,0.000000000000000000e+00,-1.685006895121737569e-01,0.000000000000000000e+00,-1.091237321441454577e+00,-1.686320000000000041e-01,0.000000000000000000e+00,-1.090789999999999926e+00
1.100000000000000000e+01,0.000000000000000000e+00,-1.744031259865360950e-01,0.000000000000000000e+00,-9.476204046232650224e-01,-1.745350999999999986e-01,0.000000000000000000e+00,-9.471289000000000513e-01
1.150000000000000000e+01,0.000000000000000000e+00,-1.788442210913345487e-01,0.000000000000000000e+00,-8.046776921412888139e-01,-1.789226999999999901e-01,0.000000000000000000e+00,-8.041821000000000108e-01
1.200000000000000000e+01,0.000000000000000000e+00,-1.829042561594449723e-01,0.000000000000000000e+00,-6.630759260866256888e-01,-1.829128999999999894e-01,0.000000000000000000e+00,-6.626031000000000004e-01
1.250000000000000000e+01,0.000000000000000000e+00,-1.845064670174378085e-01,0.000000000000000000e+00,-5.229911780820531986e-01,-1.844308000000000058e-01,0.000000000000000000e+00,-5.225845000000000073e-01
1.300000000000000000e+01,0.000000000000000000e+00,-1.839252538332127596e-01,0.000000000000000000e+00,-3.861736218094164452e-01,-1.837351000000000123e-01,0.000000000000000000e+00,-3.858755999999999853e-01
1.350000000000000000e+01,0.000000000000000000e+00,-1.620648030728146505e-01,0.000000000000000000e+00,-2.633278186358361528e-01,-1.618425000000000002e-01,0.000000000000000000e+00,-2.631037999999999988e-01
1.400000000000000000e+01,0.000000000000000000e+00,-1.305497289479385370e-01,0.000000000000000000e+00,-1.581709076388667645e-01,-1.303131999999999902e-01,0.000000000000000000e+00,-1.579888999999999877e-01
1.450000000000000000e+01,0.000000000000000000e+00,-5.905076610298634621e-02,0.000000000000000000e+00,-9.990517740559867743e-02,-5.893945999999999907e-02,0.000000000000000000e+00,-9.969350000000000434e-02
1.500000000000000000e+01,0.000000000000000000e+00,0.000000000000000000e+00,0.000000000000000000e+00,0.000000000000000000e+00,0.000000000000000000e+00,0.000000000000000000e+00,0.000000000000000000e+00
1.550000000000000000e+01,0.000000000000000000e+00,0.000000000000000000e+00,0.000000000000000000e+00,0.000000000000000000e+00,0.000000000000000000e+00,0.000000000000000000e+00,0.000000000000000000e+00
1.600000000000000000e+01,0.000000000000000000e+00,0.000000000000000000e+00,0.000000000000000000e+00,0.000000000000000000e+00,0.000000000000000000e+00,0.000000000000000000e+00,0.000000000000000000e+00
1.650000000000000000e+01,0.000000000000000000e+00,0.000000000000000000e+00,0.000000000000000000e+00,0.000000000000000000e+00,0.000000000000000000e+00,0.000000000000000000e+00,0.000000000000000000e+00
1.700000000000000000e+01,0.000000000000000000e+00,0.000000000000000000e+00,0.000000000000000000e+00,0.000000000000000000e+00,0.000000000000000000e+00,0.000000000000000000e+00,0.000000000000000000e+00
1.750000000000000000e+01,0.000000000000000000e+00,0.000000000000000000e+00,0.000000000000000000e+00,0.000000000000000000e+00,0.000000000000000000e+00,0.000000000000000000e+00,0.000000000000000000e+00
1.800000000000000000e+01,0.000000000000000000e+00,0.000000000000000000e+00,0.000000000000000000e+00,0.000000000000000000e+00,0.000000000000000000e+00,0.000000000000000000e+00,0.000000000000000000e+00
1.850000000000000000e+01,0.000000000000000000e+00,0.000000000000000000e+00,0.000000000000000000e+00,0.000000000000000000e+00,0.000000000000000000e+00,0.000000000000000000e+00,0.000000000000000000e+00
1.900000000000000000e+01,0.000000000000000000e+00,0.000000000000000000e+00,0.000000000000000000e+00,0.000000000000000000e+00,0.000000000000000000e+00,0.000000000000000000e+00,0.000000000000000000e+00
1.950000000000000000e+01,0.000000000000000000e+00,0.000000000000000000e+00,0.000000000000000000e+00,0.000000000000000000e+00,0.000000000000000000e+00,0.000000000000000000e+00,0.000000000000000000e+00
2.000000000000000000e+01,0.000000000000000000e+00,0.000000000000000000e+00,0.000000000000000000e+00,0.000000000000000000e+00,0.000000000000000000e+00,0.000000000000000000e+00,0.000000000000000000e+00
-2.000000000000000000e+01,5.000000000000000000e-01,0.000000000000000000e+00,0.000000000000000000e+00,0.000000000000000000e+00,0.000000000000000000e+00,0.000000000000000000e+00,0.000000000000000000e+00
-1.950000000000000000e+01,5.000000000000000000e-01,0.000000000000000000e+00,0.000000000000000000e+00,0.000000000000000000e+00,0.000000000000000000e+00,0.000000000000000000e+00,0.000000000000000000e+00
-1.900000000000000000e+01,5.000000000000000000e-01,0.000000000000000000e+00,0.000000000000000000e+00,0.000000000000000000e+00,0.000000000000000000e+00,0.000000000000000000e+00,0.000000000000000000e+00
-1.850000000000000000e+01,5.000000000000000000e-01,0.000000000000000000e+00,0.000000000000000000e+00,0.000000000000000000e+00,0.000000000000000000e+00,0.000000000000000000e+00,0.000000000000000000e+00
-1.800000000000000000e+01,5.000000000000000000e-01,0.000000000000000000e+00,0.000000000000000000e+00,0.000000000000000000e+00,0.000000000000000000e+00,0.000000000000000000e+00,0.000000000000000000e+00
-1.750000000000000000e+01,5.000000000000000000e-01,0.000000000000000000e+00,0.000000000000000000e+00,0.000000000000000000e+00,0.000000000000000000e+00,0.000000000000000000e+00,0.000000000000000000e+00
-1.700000000000000000e+01,5.000000000000000000e-01,0.000000000000000000e+00,0.000000000000000000e+00,0.000000000000000000e+00,0.000000000000000000e+00,0.000000000000000000e+00,0.000000000000000000e+00
-1.650000000000000000e+01,5.000000000000000000e-01,0.000000000000000000e+00,0.000000000000000000e+00,0.000000000000000000e+00,0.000000000000000000e+00,0.000000000000000000e+00,0.000000000000000000e+00
-1.600000000000000000e+01,5.000000000000000000e-01,0.000000000000000000e+00,0.000000000000000000e+00,0.000000000000000000e+00,0.000000000000000000e+00,0.000000000000000000e+00,0.000000000000000000e+00
-1.550000000000000000e+01,5.000000000000000000e-01,0.000000000000000000e+00,0.000000000000000000e+00,0.000000000000000000e+00,0.000000000000000000e+00,0.000000000000000000e+00,0.000000000000000000e+00
-1.500000000000000000e+01,5.000000000000000000e-01,0.000000000000000000e+00,0.000000000000000000e+00,0.000000000000000000e+00,0.000000000000000000e+00,0.000000000000000000e+00,0.000000000000000000e+00
-1.450000000000000000e+01,5.000000000000000000e-01,5.905076610298615886e-02,0.000000000000000000e+00,-9.990517740560064808e-02,5.893945999999999907e-02,0.000000000000000000e+00,-9.969350000000000434e-02
-1.400000000000000000e+01,5.000000000000000000e-01,1.305497289479390921e-01,0.000000000000000000e+00,-1.581709076388682911e-01,1.303131999999999902e-01,0.000000000000000000e+00,-1.579888999999999877e-01
-1.350000000000000000e+01,5.000000000000000000e-01,1.620648030728147615e-01,0.000000000000000000e+00,-2.633278186358356532e-01,1.618425000000000002e-01,0.000000000000000000e+00,-2.631037999999999988e-01
-1.300000000000000000e+01,5.000000000000000000e-01,1.839252538332108999e-01,0.000000000000000000e+00,-3.861736218094163897e-01,1.837351000000000123e-01,0.000000000000000000e+00,-3.858755999999999853e-01
-1.250000000000000000e+01,5.000000000000000000e-01,1.845064670174388077e-01,0.000000000000000000e+00,-5.229911780820518663e-01,1.844308000000000058e-01,0.000000000000000000e+00,-5.225845000000000073e-01
-1.200000000000000000e+01,5.000000000000000000e-01,1.829042561594459160e-01,0.000000000000000000e+00,-6.630759260866176952e-01,1.829128999999999894e-01,0.000000000000000000e+00,-6.626031000000000004e-01
-1.150000000000000000e+01,5.000000000000000000e-01,1.788442210913326058e-01,0.000000000000000000e+00,-8.046776921412946981e-01,1.789226999999999901e-01,0.000000000000000000e+00,-8.041821000000000108e-01
-1.100000000000000000e+01,5.000000000000000000e-01,1.744031259865352623e-01,0.000000000000000000e+00,-9.476204046232653555e-01,1.745350999999999986e-01,0.000000000000000000e+00,-9.471289000000000513e-01
-1.050000000000000000e+01,5.000000000000000000e-01,1.685006895121736736e-01,0.000000000000000000e+00,-1.091237321441450803e+00,1.686320000000000041e-01,0.000000000000000000e+00,-1.090789999999999926e+00
-1.000000000000000000e+01,5.000000000000000000e-01,1.628664814692742380e-01,0.000000000000000000e+00,-1.234973016767003662e+00,1.629791999999999907e-01,0.000000000000000000e+00,-1.234577000000000035e+00
-9.500000000000000000e+00,5.000000000000000000e-01,1.567112005796850727e-01,0.000000000000000000e+00,-1.378966351507200816e+00,1.568207000000000073e-01,0.000000000000000000e+00,-1.378609999999999891e+00
-9.000000000000000000e+00,5.000000000000000000e-01,1.506176148471953247e-01,0.000000000000000000e+00,-1.523017871715707461e+00,1.507143999999999984e-01,0.000000000000000000e+00,-1.522707000000000033e+00
-8.500000000000000000e+00,5.000000000000000000e-01,1.444003232011270565e-01,0.000000000000000000e+00,-1.667129788666549928e+00,1.444857999999999976e-01,0.000000000000000000e+00,-1.666857000000000033e+00
-8.000000000000000000e+00,5.000000000000000000e-01,1.381668488348003487e-01,0.000000000000000000e+00,-1.811253904493219880e+00,1.382500000000000118e-01,0.000000000000000000e+00,-1.811020999999999992e+00
-7.500000000000000000e+00,5.000000000000000000e-01,1.319255174218408599e-01,0.000000000000000000e+00,-1.955429508076466982e+00,1.319961000000000051e-01,0.000000000000000000e+00,-1.955232000000000081e+00
-7.000000000000000000e+00,5.000000000000000000e-01,1.256307959682830822e-01,0.000000000000000000e+00,-2.099592788639791596e+00,1.257024999999999948e-01,0.000000000000000000e+00,-2.099432000000000187e+00
-6.500000000000000000e+00,5.000000000000000000e-01,1.193670514448503805e-01,0.000000000000000000e+00,-2.243793458285560760e+00,1.194302000000000002e-01,0.000000000000000000e+00,-2.243670999999999971e+00
-6.000000000000000000e+00,5.000000000000000000e-01,1.130175281495432588e-01,0.000000000000000000e+00,-2.387944107794479187e+00,1.130789999999999990e-01,0.000000000000000000e+00,-2.387861000000000011e+00
-5.500000000000000000e+00,5.000000000000000000e-01,1.067203653500926330e-01,0.000000000000000000e+00,-2.532120718864008690e+00,1.067764999999999964e-01,0.000000000000000000e+00,-2.532080000000000108e+00
-5.000000000000000000e+00,5.000000000000000000e-01,1.002791953294307203e-01,0.000000000000000000e+00,-2.676148282726543925e+00,1.003336999999999979e-01,0.000000000000000000e+00,-2.676158000000000037e+00
-4.500000000000000000e+00,5.000000000000000000e-01,9.385747172340534739e-02,0.000000000000000000e+00,-2.820035461634963880e+00,9.389925000000000355e-02,0.000000000000000000e+00,-2.820082000000000200e+00
-4.000000000000000000e+00,5.000000000000000000e-01,8.714212625856089522e-02,0.000000000000000000e+00,-2.963364532273592644e+00,8.717260000000000286e-02,0.000000000000000000e+00,-2.963449000000000222e+00
-3.500000000000000000e+00,5.000000000000000000e-01,8.047901130286731763e-02,0.000000000000000000e+00,-3.106191112233660512e+00,8.047606000000000204e-02,0.000000000000000000e+00,-3.106276999999999955e+00
-3.000000000000000000e+00,5.000000000000000000e-01,7.322617754371828214e-02,0.000000000000000000e+00,-3.247484054653794416e+00,7.320316000000000323e-02,0.000000000000000000e+00,-3.247571999999999903e+00
-2.500000000000000000e+00,5.000000000000000000e-01,6.517123386945922192e-02,0.000000000000000000e+00,-3.385534450945991036e+00,6.517352999999999341e-02,0.000000000000000000e+00,-3.385629000000000222e+00
-2.000000000000000000e+00,5.000000000000000000e-01,5.606349760361381551e-02,0.000000000000000000e+00,-3.518793769500002444e+00,5.607999999999999791e-02,0.000000000000000000e+00,-3.518791999999999920e+00
-1.500000000000000000e+00,5.000000000000000000e-01,4.398118030400489931e-02,0.000000000000000000e+00,-3.640603597009057335e+00,4.411866999999999872e-02,0.000000000000000000e+00,-3.640652000000000221e+00
-1.000000000000000000e+00,5.000000000000000000e-01,3.228430413425255330e-02,0.000000000000000000e+00,-3.751301362796852779e+00,3.237004999999999744e-02,0.000000000000000000e+00,-3.751430000000000042e+00
-5.000000000000000000e-01,5.000000000000000000e-01,1.470081063847320305e-02,0.000000000000000000e+00,-3.837606943305545748e+00,1.478591999999999927e-02,0.000000000000000000e+00,-3.837638999999999800e+00
0.000000000000000000e+00,5.000000000000000000e-01,4.298488619345835331e-16,0.000000000000000000e+00,-3.868304299050657757e+00,6.882899999999999879e-09,0.000000000000000000e+00,-3.868206999999999951e+00
5.000000000000000000e-01,5.000000000000000000e-01,-1.470081063847247967e-02,0.000000000000000000e+00,-3.837606943305547524e+00,-1.478577000000000016e-02,0.000000000000000000e+00,-3.837638999999999800e+00
1.000000000000000000e+00,5.000000000000000000e-01,-3.228430413425243534e-02,0.000000000000000000e+00,-3.751301362796854555e+00,-3.236822999999999784e-02,0.000000000000000000e+00,-3.751431999999999878e+00
1.500000000000000000e+00,5.000000000000000000e-01,-4.398118030400348377e-02,0.000000000000000000e+00,-3.640603597009058667e+00,-4.411869000000000207e-02,0.000000000000000000e+00,-3.640652000000000221e+00
2.000000000000000000e+00,5.000000000000000000e-01,-5.606349760361283713e-02,0.000000000000000000e+00,-3.518793769500005109e+00,-5.608011999999999719e-02,0.000000000000000000e+00,-3.518791999999999920e+00
2.500000000000000000e+00,5.000000000000000000e-01,-6.517123386945883334e-02,0.000000000000000000e+00,-3.385534450945991924e+00,-6.517351999999999868e-02,0.000000000000000000e+00,-3.385629000000000222e+00
3.000000000000000000e+00,5.000000000000000000e-01,-7.322617754371837928e-02,0.000000000000000000e+00,-3.247484054653795305e+00,-7.320316000000000323e-02,0.000000000000000000e+00,-3.247571999999999903e+00
3.500000000000000000e+00,5.000000000000000000e-01,-8.047901130286709559e-02,0.000000000000000000e+00,-3.106191112233663620e+00,-8.047606000000000204e-02,0.000000000000000000e+00,-3.106276999999999955e+00
4.000000000000000000e+00,5.000000000000000000e-01,-8.714212625856036787e-02,0.000000000000000000e+00,-2.963364532273595753e+00,-8.717260000000000286e-02,0.000000000000000000e+00,-2.963449000000000222e+00
4.500000000000000000e+00,5.000000000000000000e-01,-9.385747172340423716e-02,0.000000000000000000e+00,-2.820035461634969209e+00,-9.389925000000000355e-02,0.000000000000000000e+00,-2.820082000000000200e+00
5.000000000000000000e+00,5.000000000000000000e-01,-1.002791953294306648e-01,0.000000000000000000e+00,-2.676148282726543925e+00,-1.003336999999999979e-01,0.000000000000000000e+00,-2.676158000000000037e+00
5.500000000000000000e+00,5.000000000000000000e-01,-1.067203653500927302e-01,0.000000000000000000e+00,-2.532120718864010911e+00,-1.067764999999999964e-01,0.000000000000000000e+00,-2.532080000000000108e+00
6.000000000000000000e+00,5.000000000000000000e-01,-1.130175281495418432e-01,0.000000000000000000e+00,-2.387944107794482296e+00,-1.130789999999999990e-01,0.000000000000000000e+00,-2.387861000000000011e+00
6.500000000000000000e+00,5.000000000000000000e-01,-1.193670514448502556e-01,0.000000000000000000e+00,-2.243793458285564313e+00,-1.194302000000000002e-01,0.000000000000000000e+00,-2.243670999999999971e+00
7.000000000000000000e+00,5.000000000000000000e-01,-1.256307959682821940e-01,0.000000000000000000e+00,-2.099592788639793817e+00,-1.257024999999999948e-01,0.000000000000000000e+00,-2.099432000000000187e+00
7.500000000000000000e+00,5.000000000000000000e-01,-1.319255174218403881e-01,0.000000000000000000e+00,-1.955429508076470979e+00,-1.319961000000000051e-01,0.000000000000000000e+00,-1.955232000000000081e+00
8.000000000000000000e+00,5.000000000000000000e-01,-1.381668488348004875e-01,0.000000000000000000e+00,-1.811253904493221434e+00,-1.382500000000000118e-01,0.000000000000000000e+00,-1.811020999999999992e+00
8.500000000000000000e+00,5.000000000000000000e-01,-1.444003232011273619e-01,0.000000000000000000e+00,-1.667129788666553036e+00,-1.444857999999999976e-01,0.000000000000000000e+00,-1.666857000000000033e+00
9.000000000000000000e+00,5.000000000000000000e-01,-1.506176148471956022e-01,0.000000000000000000e+00,-1.523017871715707905e+00,-1.507143999999999984e-01,0.000000000000000000e+00,-1.522707000000000033e+00
9.500000000000000000e+00,5.000000000000000000e-01,-1.567112005796852114e-01,0.000000000000000000e+00,-1.378966351507200150e+00,-1.568207000000000073e-01,0.000000000000000000e+00,-1.378609999999999891e+00
1.000000000000000000e+01,5.000000000000000000e-01,-1.628664814692729057e-01,0.000000000000000000e+00,-1.234973016767009435e+00,-1.629791999999999907e-01,0.000000000000000000e+00,-1.234577000000000035e+00
1.050000000000000000e+01,5.000000000000000000e-01,-1.685006895121746173e-01,0.000000000000000000e+00,-1.091237321441447916e+00,-1.686320000000000041e-01,0.000000000000000000e+00,-1.090789999999999926e+00
1.100000000000000000e+01,5.000000000000000000e-01,-1.744031259865354289e-01,0.000000000000000000e+00,-9.476204046232675759e-01,-1.745350999999999986e-01,0.000000000000000000e+00,-9.471289000000000513e-01
1.150000000000000000e+01,5.000000000000000000e-01,-1.788442210913336605e-01,0.000000000000000000e+00,-8.046776921412935879e-01,-1.789226999999999901e-01,0.000000000000000000e+00,-8.041821000000000108e-01
1.200000000000000000e+01,5.000000000000000000e-01,-1.829042561594459160e-01,0.000000000000000000e+00,-6.630759260866180282e-01,-1.829128999999999894e-01,0.000000000000000000e+00,-6.626031000000000004e-01
1.250000000000000000e+01,5.000000000000000000e-01,-1.845064670174384469e-01,0.000000000000000000e+00,-5.229911780820554190e-01,-1.844308000000000058e-01,0.000000000000000000e+00,-5.225845000000000073e-01
1.300000000000000000e+01,5.000000000000000000e-01,-1.839252538332106224e-01,0.000000000000000000e+00,-3.861736218094201090e-01,-1.837351000000000123e-01,0.000000000000000000e+00,-3.858755999999999853e-01
1.350000000000000000e+01,5.000000000000000000e-01,-1.620648030728160660e-01,0.000000000000000000e+00,-2.633278186358321005e-01,-1.618425000000000002e-01,0.000000000000000000e+00,-2.631037999999999988e-01
1.400000000000000000e+01,5.000000000000000000e-01,-1.305497289479387590e-01,0.000000000000000000e+00,-1.581709076388701229e-01,-1.303131999999999902e-01,0.000000000000000000e+00,-1.579888999999999877e-01
1.450000000000000000e+01,5.000000000000000000e-01,-5.905076610298647805e-02,0.000000000000000000e+00,-9.990517740560080073e-02,-5.893945999999999907e-02,0.000000000000000000e+00,-9.969350000000000434e-02
1.500000000000000000e+01,5.000000000000000000e-01,0.000000000000000000e+00,0.000000000000000000e+00,0.000000000000000000e+00,0.000000000000000000e+00,0.000000000000000000e+00,0.000000000000000000e+00
1.550000000000000000e+01,5.000000000000000000e-01,0.000000000000000000e+00,0.000000000000000000e+00,0.000000000000000000e+00,0.000000000000000000e+00,0.000000000000000000e+00,0.000000000000000000e+00
1.600000000000000000e+01,5.000000000000000000e-01,0.000000000000000000e+00,0.000000000000000000e+00,0.000000000000000000e+00,0.000000000000000000e+00,0.000000000000000000e+00,0.000000000000000000e+00
1.650000000000000000e+01,5.000000000000000000e-01,0.000000000000000000e+00,0.000000000000000000e+00,0.000000000000000000e+00,0.000000000000000000e+00,0.000000000000000000e+00,0.000000000000000000e+00
1.700000000000000000e+01,5.000000000000000000e-01,0.000000000000000000e+00,0.000000000000000000e+00,0.000000000000000000e+00,0.000000000000000000e+00,0.000000000000000000e+00,0.000000000000000000e+00
1.750000000000000000e+01,5.000000000000000000e-01,0.000000000000000000e+00,0.000000000000000000e+00,0.000000000000000000e+00,0.000000000000000000e+00,0.000000000000000000e+00,0.000000000000000000e+00
1.800000000000000000e+01,5.000000000000000000e-01,0.000000000000000000e+00,0.000000000000000000e+00,0.000000000000000000e+00,0.000000000000000000e+00,0.000000000000000000e+00,0.000000000000000000e+00
1.850000000000000000e+01,5.000000000000000000e-01,0.000000000000000000e+00,0.000000000000000000e+00,0.000000000000000000e+00,0.000000000000000000e+00,0.000000000000000000e+00,0.000000000000000000e+00
1.900000000000000000e+01,5.000000000000000000e-01,0.000000000000000000e+00,0.000000000000000000e+00,0.000000000000000000e+00,0.000000000000000000e+00,0.000000000000000000e+00,0.000000000000000000e+00
1.950000000000000000e+01,5.000000000000000000e-01,0.000000000000000000e+00,0.000000000000000000e+00,0.000000000000000000e+00,0.000000000000000000e+00,0.000000000000000000e+00,0.000000000000000000e+00
2.000000000000000000e+01,5.000000000000000000e-01,0.000000000000000000e+00,0.000000000000000000e+00,0.000000000000000000e+00,0.000000000000000000e+00,0.000000000000000000e+00,0.000000000000000000e+00
