model,split,sample_id,part_id,family,kind,source,data_source,n_nodes,err_rms,err_mae,err_max_abs,err_p95_abs,err_bias,err_std,err_pct_within_tol,tolerance_m,dz_rms,rel_rms,std_mean_m,level,coverage,width_mean_m,ood_in_envelope,ood_part_score,ood_fraction_points_out,ood_reasons
gbm,test,truncated_cone-s2026-0000-unco,truncated_cone-s2026-0000,truncated_cone,uncompensated,sim,SparLab simulation,2957,4.57364e-05,3.88125e-05,0.000132495,8.43443e-05,-1.53423e-05,4.30863e-05,100,0.0002,0.000279518,0.163626,1.93212e-05,0.9,0.988502,0.000223692,True,0.5023,0,
gbm,test,truncated_cone-s2026-0000-comp,truncated_cone-s2026-0000,truncated_cone,compensated,sim,SparLab simulation,2335,6.1589e-05,5.02152e-05,0.000165859,0.000120633,-3.11239e-05,5.31461e-05,100,0.0002,0.0002727,0.225849,1.88666e-05,0.9,0.874946,0.000218819,True,0.605338,0,
gbm,test,truncated_cone-s2026-0001-unco,truncated_cone-s2026-0001,truncated_cone,uncompensated,sim,SparLab simulation,4309,6.90475e-05,4.96841e-05,0.000202727,0.000157883,-4.18649e-05,5.49081e-05,99.8143,0.0002,0.000344031,0.200702,2.36273e-05,0.9,0.905547,0.000269837,True,0.748915,0.00666667,
gbm,test,truncated_cone-s2026-0001-comp,truncated_cone-s2026-0001,truncated_cone,compensated,sim,SparLab simulation,3125,4.85151e-05,4.04443e-05,0.000132728,9.49478e-05,5.68284e-06,4.81811e-05,100,0.0002,0.00027281,0.177835,1.57408e-05,0.9,0.94048,0.000185322,True,0.62371,0.000666667,
gbm,test,pyramid-s2026-0000-unco,pyramid-s2026-0000,pyramid,uncompensated,sim,SparLab simulation,3743,4.43607e-05,3.67311e-05,9.807e-05,7.94326e-05,-2.50954e-05,3.658e-05,100,0.0002,0.000289785,0.153081,1.81322e-05,0.9,0.988245,0.00021095,True,0.618133,0,
gbm,test,pyramid-s2026-0000-comp,pyramid-s2026-0000,pyramid,compensated,sim,SparLab simulation,2959,4.32811e-05,3.72854e-05,0.000121726,7.31225e-05,-1.76542e-05,3.95168e-05,100,0.0002,0.000298231,0.145126,1.3987e-05,0.9,0.917202,0.000166529,True,0.663377,0,
gbm,test,pyramid-s2026-0001-unco,pyramid-s2026-0001,pyramid,uncompensated,sim,SparLab simulation,3913,3.42651e-05,2.67785e-05,0.000105842,7.29183e-05,6.55228e-06,3.36327e-05,100,0.0002,0.000308394,0.111108,1.83263e-05,0.9,0.991311,0.000213029,True,0.630601,0,
gbm,test,pyramid-s2026-0001-comp,pyramid-s2026-0001,pyramid,compensated,sim,SparLab simulation,2960,4.91887e-05,3.99312e-05,0.000140661,9.54219e-05,2.45304e-05,4.26355e-05,100,0.0002,0.000280359,0.175449,1.98409e-05,0.9,0.9625,0.00022926,True,0.744763,0,
gbm,test,dome-s2026-0000-unco,dome-s2026-0000,dome,uncompensated,sim,SparLab simulation,3023,3.40863e-05,2.74313e-05,9.54338e-05,6.38848e-05,-1.49238e-06,3.40537e-05,100,0.0002,0.000307112,0.11099,1.56289e-05,0.9,0.982468,0.000184124,True,0.681722,0.00133333,
gbm,test,dome-s2026-0000-comp,dome-s2026-0000,dome,compensated,sim,SparLab simulation,1992,3.70401e-05,2.96757e-05,0.000107867,7.18125e-05,2.10913e-05,3.04488e-05,100,0.0002,0.000297106,0.12467,2.21145e-05,0.9,0.981928,0.000253626,True,0.89813,0.022,
gbm,test,dome-s2026-0001-unco,dome-s2026-0001,dome,uncompensated,sim,SparLab simulation,4617,2.57805e-05,2.11255e-05,7.94678e-05,4.77671e-05,1.14175e-05,2.31145e-05,100,0.0002,0.000290477,0.0887526,1.59962e-05,0.9,0.991986,0.00018806,True,0.802877,0.0213333,
gbm,test,dome-s2026-0001-comp,dome-s2026-0001,dome,compensated,sim,SparLab simulation,3597,4.51354e-05,3.67416e-05,0.000153249,8.49728e-05,2.12571e-05,3.98164e-05,100,0.0002,0.000261839,0.172378,2.19723e-05,0.9,0.9861,0.000252102,True,0.693641,0.00333333,
gbm,test,elliptic_cone-s2026-0000-unco,elliptic_cone-s2026-0000,elliptic_cone,uncompensated,sim,SparLab simulation,4029,2.52254e-05,2.07062e-05,7.4884e-05,4.65192e-05,6.46882e-07,2.52171e-05,100,0.0002,0.00027747,0.0909124,2.43944e-05,0.9,0.998511,0.000278058,False,1.22194,0.155333,depth_gyration_major;area;max_depth;depth_gyration_minor;perimeter_over_area
gbm,test,elliptic_cone-s2026-0000-comp,elliptic_cone-s2026-0000,elliptic_cone,compensated,sim,SparLab simulation,3040,8.26827e-05,7.23972e-05,0.000211477,0.000144876,6.99297e-05,4.41165e-05,99.8684,0.0002,0.000254993,0.324254,2.06646e-05,0.9,0.830921,0.000238087,True,0.826054,0,
gbm,test,elliptic_cone-s2026-0001-unco,elliptic_cone-s2026-0001,elliptic_cone,uncompensated,sim,SparLab simulation,2665,8.96735e-05,7.48253e-05,0.000183982,0.000152502,-5.93942e-05,6.71838e-05,100,0.0002,0.000304593,0.294404,2.26982e-05,0.9,0.818762,0.000259881,True,0.833194,0.00133333,
gbm,test,elliptic_cone-s2026-0001-comp,elliptic_cone-s2026-0001,elliptic_cone,compensated,sim,SparLab simulation,2035,5.16085e-05,3.90106e-05,0.000137112,0.000105772,-1.59421e-05,4.90845e-05,100,0.0002,0.000287142,0.179732,1.91614e-05,0.9,0.989681,0.000221979,True,0.879562,0,
mlp,test,truncated_cone-s2026-0000-unco,truncated_cone-s2026-0000,truncated_cone,uncompensated,sim,SparLab simulation,2957,3.15142e-05,2.51426e-05,0.000100654,6.45678e-05,7.60708e-06,3.05823e-05,100,0.0002,0.000279518,0.112745,3.62861e-05,0.9,1,0.000156246,True,0.5023,0,
mlp,test,truncated_cone-s2026-0000-comp,truncated_cone-s2026-0000,truncated_cone,compensated,sim,SparLab simulation,2335,5.99106e-05,5.18017e-05,0.000147568,0.000109148,-2.80666e-05,5.29296e-05,100,0.0002,0.0002727,0.219694,4.65574e-05,0.9,0.972163,0.000196316,True,0.605338,0,
mlp,test,truncated_cone-s2026-0001-unco,truncated_cone-s2026-0001,truncated_cone,uncompensated,sim,SparLab simulation,4309,4.34875e-05,3.08029e-05,0.000156886,9.82653e-05,-1.94939e-05,3.88735e-05,100,0.0002,0.000344031,0.126406,4.33381e-05,0.9,0.904154,0.000183757,True,0.748915,0.00666667,
mlp,test,truncated_cone-s2026-0001-comp,truncated_cone-s2026-0001,truncated_cone,compensated,sim,SparLab simulation,3125,6.75698e-05,5.78676e-05,0.000174067,0.000116351,3.88808e-06,6.74579e-05,100,0.0002,0.00027281,0.247681,6.92209e-05,0.9,0.9888,0.000284729,True,0.62371,0.000666667,
mlp,test,pyramid-s2026-0000-unco,pyramid-s2026-0000,pyramid,uncompensated,sim,SparLab simulation,3743,2.46073e-05,2.01138e-05,0.000104599,4.63759e-05,-7.31595e-06,2.34946e-05,100,0.0002,0.000289785,0.0849157,3.22525e-05,0.9,1,0.000140511,True,0.618133,0,
mlp,test,pyramid-s2026-0000-comp,pyramid-s2026-0000,pyramid,compensated,sim,SparLab simulation,2959,3.12192e-05,2.40498e-05,0.00011719,6.55947e-05,1.01305e-05,2.95299e-05,100,0.0002,0.000298231,0.104681,4.55705e-05,0.9,0.998986,0.000192466,True,0.663377,0,
mlp,test,pyramid-s2026-0001-unco,pyramid-s2026-0001,pyramid,uncompensated,sim,SparLab simulation,3913,2.88143e-05,2.34469e-05,8.85793e-05,5.48139e-05,-5.39112e-06,2.83055e-05,100,0.0002,0.000308394,0.0934335,3.69969e-05,0.9,1,0.000159019,True,0.630601,0,
mlp,test,pyramid-s2026-0001-comp,pyramid-s2026-0001,pyramid,compensated,sim,SparLab simulation,2960,4.93e-05,4.00199e-05,0.000143358,9.697e-05,2.03166e-05,4.49191e-05,100,0.0002,0.000280359,0.175846,5.69857e-05,0.9,0.988514,0.000236998,True,0.744763,0,
mlp,test,dome-s2026-0000-unco,dome-s2026-0000,dome,uncompensated,sim,SparLab simulation,3023,8.94261e-05,8.65301e-05,0.000133328,0.000119436,8.65301e-05,2.25737e-05,100,0.0002,0.000307112,0.291184,3.74089e-05,0.9,0.396626,0.000160626,True,0.681722,0.00133333,
mlp,test,dome-s2026-0000-comp,dome-s2026-0000,dome,compensated,sim,SparLab simulation,1992,4.86143e-05,4.32571e-05,0.000108823,8.06627e-05,4.10783e-05,2.59985e-05,100,0.0002,0.000297106,0.163626,3.42076e-05,0.9,0.895582,0.000148138,True,0.89813,0.022,
mlp,test,dome-s2026-0001-unco,dome-s2026-0001,dome,uncompensated,sim,SparLab simulation,4617,6.15901e-05,5.34101e-05,0.000145119,0.000103729,-5.05463e-05,3.5191e-05,100,0.0002,0.000290477,0.212031,3.39621e-05,0.9,0.719298,0.00014718,True,0.802877,0.0213333,
mlp,test,dome-s2026-0001-comp,dome-s2026-0001,dome,compensated,sim,SparLab simulation,3597,5.30218e-05,4.02427e-05,0.000251319,9.39028e-05,-3.66541e-05,3.83118e-05,99.0548,0.0002,0.000261839,0.202498,5.23655e-05,0.9,0.975257,0.000218974,True,0.693641,0.00333333,
mlp,test,elliptic_cone-s2026-0000-unco,elliptic_cone-s2026-0000,elliptic_cone,uncompensated,sim,SparLab simulation,4029,3.78075e-05,3.12229e-05,0.000109771,6.98579e-05,2.60098e-05,2.7439e-05,100,0.0002,0.00027747,0.136258,3.36302e-05,0.9,0.924299,0.000145885,False,1.22194,0.155333,depth_gyration_major;area;max_depth;depth_gyration_minor;perimeter_over_area
mlp,test,elliptic_cone-s2026-0000-comp,elliptic_cone-s2026-0000,elliptic_cone,compensated,sim,SparLab simulation,3040,7.73239e-05,6.64207e-05,0.000180878,0.000136979,5.64034e-05,5.28927e-05,100,0.0002,0.000254993,0.303239,4.18225e-05,0.9,0.679605,0.000177844,True,0.826054,0,
mlp,test,elliptic_cone-s2026-0001-unco,elliptic_cone-s2026-0001,elliptic_cone,uncompensated,sim,SparLab simulation,2665,5.77664e-05,4.96746e-05,0.000154179,9.72167e-05,-7.31722e-06,5.73011e-05,100,0.0002,0.000304593,0.189651,3.76571e-05,0.9,0.851782,0.000161595,True,0.833194,0.00133333,
mlp,test,elliptic_cone-s2026-0001-comp,elliptic_cone-s2026-0001,elliptic_cone,compensated,sim,SparLab simulation,2035,7.28766e-05,5.99649e-05,0.00018431,0.000130151,3.74031e-06,7.27805e-05,100,0.0002,0.000287142,0.2538,5.11404e-05,0.9,0.841769,0.000214195,True,0.879562,0,
