X_mm,Y_mm,uz_sparlab,uz_ccx
-2.000000000000000000e+01,-2.000000000000000000e+01,1.854720893368787260e-02,4.620678000000000285e-02
-1.800000000000000000e+01,-2.000000000000000000e+01,3.728299298833976250e-03,1.942794999999999939e-02
-1.600000000000000000e+01,-2.000000000000000000e+01,-9.897894247989130062e-03,-6.243323999999999749e-03
-1.400000000000000000e+01,-2.000000000000000000e+01,-2.201387560956757916e-02,-3.041871000000000158e-02
-1.200000000000000000e+01,-2.000000000000000000e+01,-3.255575334435395485e-02,-5.289707999999999910e-02
-1.000000000000000000e+01,-2.000000000000000000e+01,-4.138854635401223447e-02,-7.327770999999999590e-02
-8.000000000000000000e+00,-2.000000000000000000e+01,-4.824942786270269846e-02,-9.082155999999999563e-02
-6.000000000000000000e+00,-2.000000000000000000e+01,-5.287946364448310038e-02,-1.046580000000000010e-01
-4.000000000000000000e+00,-2.000000000000000000e+01,-5.533992795515862290e-02,-1.141994999999999955e-01
-2.000000000000000000e+00,-2.000000000000000000e+01,-5.581235352094430363e-02,-1.192288999999999988e-01
0.000000000000000000e+00,-2.000000000000000000e+01,-5.449470172676486313e-02,-1.197717999999999977e-01
2.000000000000000000e+00,-2.000000000000000000e+01,-5.157335729180162476e-02,-1.159653999999999963e-01
4.000000000000000000e+00,-2.000000000000000000e+01,-4.720357397674679323e-02,-1.079946999999999990e-01
6.000000000000000000e+00,-2.000000000000000000e+01,-4.156768301568179030e-02,-9.611822999999999895e-02
8.000000000000000000e+00,-2.000000000000000000e+01,-3.485284136243785996e-02,-8.076058999999999322e-02
1.000000000000000000e+01,-2.000000000000000000e+01,-2.727442982731944493e-02,-6.258112000000000397e-02
1.200000000000000000e+01,-2.000000000000000000e+01,-1.910910478266313051e-02,-4.238451000000000024e-02
1.400000000000000000e+01,-2.000000000000000000e+01,-1.043117526535010386e-02,-2.073706999999999981e-02
1.600000000000000000e+01,-2.000000000000000000e+01,-1.005480696638845787e-03,2.220002000000000000e-03
1.800000000000000000e+01,-2.000000000000000000e+01,9.478743675133844207e-03,2.653043999999999888e-02
2.000000000000000000e+01,-2.000000000000000000e+01,2.100830196721769488e-02,5.197316999999999909e-02
-2.000000000000000000e+01,-1.800000000000000000e+01,1.653494863306240875e-02,2.852907999999999833e-02
-1.800000000000000000e+01,-1.800000000000000000e+01,0.000000000000000000e+00,0.000000000000000000e+00
-1.600000000000000000e+01,-1.800000000000000000e+01,-1.594193213605763979e-02,-2.803334000000000034e-02
-1.400000000000000000e+01,-1.800000000000000000e+01,-3.046752029641956738e-02,-5.479118999999999656e-02
-1.200000000000000000e+01,-1.800000000000000000e+01,-4.311517951879399041e-02,-7.967649999999999733e-02
-1.000000000000000000e+01,-1.800000000000000000e+01,-5.357013071599771303e-02,-1.021207999999999977e-01
-8.000000000000000000e+00,-1.800000000000000000e+01,-6.147939453795623482e-02,-1.213417999999999997e-01
-6.000000000000000000e+00,-1.800000000000000000e+01,-6.680814190177399026e-02,-1.366998000000000102e-01
-4.000000000000000000e+00,-1.800000000000000000e+01,-6.965857462092640839e-02,-1.476771000000000056e-01
-2.000000000000000000e+00,-1.800000000000000000e+01,-7.032912003262438427e-02,-1.539572999999999914e-01
0.000000000000000000e+00,-1.800000000000000000e+01,-6.912318134885317433e-02,-1.554995999999999878e-01
2.000000000000000000e+00,-1.800000000000000000e+01,-6.632503720250501611e-02,-1.524009000000000058e-01
4.000000000000000000e+00,-1.800000000000000000e+01,-6.222762966569334031e-02,-1.448029000000000122e-01
6.000000000000000000e+00,-1.800000000000000000e+01,-5.699728726245000682e-02,-1.329673000000000105e-01
8.000000000000000000e+00,-1.800000000000000000e+01,-5.067683252087196166e-02,-1.173118999999999967e-01
1.000000000000000000e+01,-1.800000000000000000e+01,-4.319349614667888915e-02,-9.833160999999999985e-02
1.200000000000000000e+01,-1.800000000000000000e+01,-3.437377930962261935e-02,-7.654655999999999960e-02
1.400000000000000000e+01,-1.800000000000000000e+01,-2.421165704245403436e-02,-5.259148999999999768e-02
1.600000000000000000e+01,-1.800000000000000000e+01,-1.270792145484732523e-02,-2.692053999999999975e-02
1.800000000000000000e+01,-1.800000000000000000e+01,0.000000000000000000e+00,0.000000000000000000e+00
2.000000000000000000e+01,-1.800000000000000000e+01,1.326289800702055641e-02,2.742953000000000058e-02
-2.000000000000000000e+01,-1.600000000000000000e+01,1.552299883408784532e-02,1.180425000000000051e-02
-1.800000000000000000e+01,-1.600000000000000000e+01,-3.213568200554446728e-03,-1.899707999999999952e-02
-1.600000000000000000e+01,-1.600000000000000000e+01,-2.180667596605183334e-02,-4.974187000000000053e-02
-1.400000000000000000e+01,-1.600000000000000000e+01,-3.928685632895500407e-02,-7.965759999999999508e-02
-1.200000000000000000e+01,-1.600000000000000000e+01,-5.432237863020120128e-02,-1.075414999999999982e-01
-1.000000000000000000e+01,-1.600000000000000000e+01,-6.618363009658854990e-02,-1.322533999999999932e-01
-8.000000000000000000e+00,-1.600000000000000000e+01,-7.515031866143005723e-02,-1.534738999999999964e-01
-6.000000000000000000e+00,-1.600000000000000000e+01,-8.132512691508100855e-02,-1.708472000000000046e-01
-4.000000000000000000e+00,-1.600000000000000000e+01,-8.476102804503655996e-02,-1.837938000000000072e-01
-2.000000000000000000e+00,-1.600000000000000000e+01,-8.559724483558718566e-02,-1.918406000000000000e-01
0.000000000000000000e+00,-1.600000000000000000e+01,-8.430223185940775854e-02,-1.946131999999999862e-01
2.000000000000000000e+00,-1.600000000000000000e+01,-8.152354823363953951e-02,-1.920177999999999885e-01
4.000000000000000000e+00,-1.600000000000000000e+01,-7.762135570521946915e-02,-1.843567000000000122e-01
6.000000000000000000e+00,-1.600000000000000000e+01,-7.277593579748301011e-02,-1.721102999999999938e-01
8.000000000000000000e+00,-1.600000000000000000e+01,-6.690138595494531104e-02,-1.557212000000000041e-01
1.000000000000000000e+01,-1.600000000000000000e+01,-5.963219413957160375e-02,-1.356037999999999966e-01
1.200000000000000000e+01,-1.600000000000000000e+01,-5.040941295150658252e-02,-1.119737999999999983e-01
1.400000000000000000e+01,-1.600000000000000000e+01,-3.851947449534639384e-02,-8.505525999999999365e-02
1.600000000000000000e+01,-1.600000000000000000e+01,-2.428213277844256182e-02,-5.598407999999999857e-02
1.800000000000000000e+01,-1.600000000000000000e+01,-8.886373492220534659e-03,-2.598173999999999970e-02
2.000000000000000000e+01,-1.600000000000000000e+01,6.646446212639970166e-03,4.084136000000000363e-03
-2.000000000000000000e+01,-1.400000000000000000e+01,1.544669541552864955e-02,-3.879225000000000034e-03
-1.800000000000000000e+01,-1.400000000000000000e+01,-5.309061684395832877e-03,-3.693471000000000254e-02
-1.600000000000000000e+01,-1.400000000000000000e+01,-2.656531525777350300e-02,-7.058301000000000158e-02
-1.400000000000000000e+01,-1.400000000000000000e+01,-4.862994438347003484e-02,-1.050192999999999960e-01
-1.200000000000000000e+01,-1.400000000000000000e+01,-7.193965586470656148e-02,-1.405171000000000059e-01
-1.000000000000000000e+01,-1.400000000000000000e+01,-9.718601640713483980e-02,-1.774305999999999939e-01
-8.000000000000000000e+00,-1.400000000000000000e+01,-1.228302616000672559e-01,-2.147766000000000119e-01
-6.000000000000000000e+00,-1.400000000000000000e+01,-1.466325242993124778e-01,-2.496182000000000123e-01
-4.000000000000000000e+00,-1.400000000000000000e+01,-1.652244309564813163e-01,-2.784806000000000226e-01
-2.000000000000000000e+00,-1.400000000000000000e+01,-1.769982829586472239e-01,-2.981786000000000159e-01
0.000000000000000000e+00,-1.400000000000000000e+01,-1.807882509952785655e-01,-3.063311000000000228e-01
2.000000000000000000e+00,-1.400000000000000000e+01,-1.762636154296237656e-01,-3.020821000000000200e-01
4.000000000000000000e+00,-1.400000000000000000e+01,-1.641584642359650570e-01,-2.860503999999999825e-01
6.000000000000000000e+00,-1.400000000000000000e+01,-1.457778255467478412e-01,-2.601751999999999954e-01
8.000000000000000000e+00,-1.400000000000000000e+01,-1.226882133300902789e-01,-2.271550999999999987e-01
1.000000000000000000e+01,-1.400000000000000000e+01,-9.812785864879540465e-02,-1.904761000000000093e-01
1.200000000000000000e+01,-1.400000000000000000e+01,-7.463556897198785067e-02,-1.536594000000000015e-01
1.400000000000000000e+01,-1.400000000000000000e+01,-5.381820500663707374e-02,-1.183777000000000024e-01
1.600000000000000000e+01,-1.400000000000000000e+01,-3.460760035119037070e-02,-8.404340000000000421e-02
1.800000000000000000e+01,-1.400000000000000000e+01,-1.635622001576561915e-02,-5.053839000000000248e-02
2.000000000000000000e+01,-1.400000000000000000e+01,1.260080139400318773e-03,-1.776064999999999935e-02
-2.000000000000000000e+01,-1.200000000000000000e+01,1.584864919763502231e-02,-1.872139999999999915e-02
-1.800000000000000000e+01,-1.200000000000000000e+01,-6.209883910374167787e-03,-5.347641999999999673e-02
-1.600000000000000000e+01,-1.200000000000000000e+01,-2.911013889869384572e-02,-8.945677999999999963e-02
-1.400000000000000000e+01,-1.200000000000000000e+01,-5.895767167998316322e-02,-1.310612999999999917e-01
-1.200000000000000000e+01,-1.200000000000000000e+01,-1.014886554053129053e-01,-1.837261000000000033e-01
-1.000000000000000000e+01,-1.200000000000000000e+01,-1.571284195211125612e-01,-2.484490000000000032e-01
-8.000000000000000000e+00,-1.200000000000000000e+01,-2.185771710542308566e-01,-3.200527000000000233e-01
-6.000000000000000000e+00,-1.200000000000000000e+01,-2.785595110264648122e-01,-3.907526000000000055e-01
-4.000000000000000000e+00,-1.200000000000000000e+01,-3.298562767708178023e-01,-4.519809000000000188e-01
-2.000000000000000000e+00,-1.200000000000000000e+01,-3.659372745986778641e-01,-4.954723999999999795e-01
0.000000000000000000e+00,-1.200000000000000000e+01,-3.813449890541278364e-01,-5.152227999999999808e-01
2.000000000000000000e+00,-1.200000000000000000e+01,-3.742791189074601843e-01,-5.081276999999999600e-01
4.000000000000000000e+00,-1.200000000000000000e+01,-3.448313884870125579e-01,-4.753380999999999856e-01
6.000000000000000000e+00,-1.200000000000000000e+01,-2.971904522620624767e-01,-4.209317000000000197e-01
8.000000000000000000e+00,-1.200000000000000000e+01,-2.375379682218048405e-01,-3.522569999999999868e-01
1.000000000000000000e+01,-1.200000000000000000e+01,-1.740488001908550020e-01,-2.785486999999999824e-01
1.200000000000000000e+01,-1.200000000000000000e+01,-1.153379192908807194e-01,-2.096591999999999900e-01
1.400000000000000000e+01,-1.200000000000000000e+01,-7.114589082562758349e-02,-1.531471000000000082e-01
1.600000000000000000e+01,-1.200000000000000000e+01,-4.201866977952486981e-02,-1.095121000000000011e-01
1.800000000000000000e+01,-1.200000000000000000e+01,-2.206333102386275058e-02,-7.305618999999999308e-02
2.000000000000000000e+01,-1.200000000000000000e+01,-3.161601538343743276e-03,-3.805925999999999754e-02
-2.000000000000000000e+01,-1.000000000000000000e+01,1.631829224346753593e-02,-3.273340999999999751e-02
-1.800000000000000000e+01,-1.000000000000000000e+01,-6.105864868720168627e-03,-6.839033999999999391e-02
-1.600000000000000000e+01,-1.000000000000000000e+01,-2.913529497756127407e-02,-1.054612000000000049e-01
-1.400000000000000000e+01,-1.000000000000000000e+01,-7.122108898853710124e-02,-1.582112999999999992e-01
-1.200000000000000000e+01,-1.000000000000000000e+01,-1.433867148039985329e-01,-2.379845999999999906e-01
-1.000000000000000000e+01,-1.000000000000000000e+01,-2.402693672890551246e-01,-3.417705999999999800e-01
-8.000000000000000000e+00,-1.000000000000000000e+01,-3.470055880455233388e-01,-4.598020999999999914e-01
-6.000000000000000000e+00,-1.000000000000000000e+01,-4.550378846243334774e-01,-5.801520999999999484e-01
-4.000000000000000000e+00,-1.000000000000000000e+01,-5.507591105473003124e-01,-6.885103000000000195e-01
-2.000000000000000000e+00,-1.000000000000000000e+01,-6.217342627636411878e-01,-7.684746000000000077e-01
0.000000000000000000e+00,-1.000000000000000000e+01,-6.563630246107170496e-01,-8.069906999999999497e-01
2.000000000000000000e+00,-1.000000000000000000e+01,-6.467755893952250590e-01,-7.982919000000000542e-01
4.000000000000000000e+00,-1.000000000000000000e+01,-5.943474719583891064e-01,-7.418620999999999688e-01
6.000000000000000000e+00,-1.000000000000000000e+01,-5.076571110482289706e-01,-6.459403000000000228e-01
8.000000000000000000e+00,-1.000000000000000000e+01,-3.984451771938561371e-01,-5.257055999999999951e-01
1.000000000000000000e+01,-1.000000000000000000e+01,-2.830373783925512199e-01,-3.987582000000000071e-01
1.200000000000000000e+01,-1.000000000000000000e+01,-1.741153542187247605e-01,-2.822014999999999940e-01
1.400000000000000000e+01,-1.000000000000000000e+01,-9.171517539734201641e-02,-1.904947999999999919e-01
1.600000000000000000e+01,-1.000000000000000000e+01,-4.582323049113248836e-02,-1.310823000000000127e-01
1.800000000000000000e+01,-1.000000000000000000e+01,-2.586464707712856498e-02,-9.296158000000000199e-02
2.000000000000000000e+01,-1.000000000000000000e+01,-6.874794117533813455e-03,-5.654768999999999768e-02
-2.000000000000000000e+01,-8.000000000000000000e+00,1.668355265605901000e-02,-4.549637000000000125e-02
-1.800000000000000000e+01,-8.000000000000000000e+00,-5.188788573436564459e-03,-8.125018999999999991e-02
-1.600000000000000000e+01,-8.000000000000000000e+00,-2.753635156645533461e-02,-1.186428000000000066e-01
-1.400000000000000000e+01,-8.000000000000000000e+00,-8.444406856696447250e-02,-1.857696000000000069e-01
-1.200000000000000000e+01,-8.000000000000000000e+00,-1.906246596022055095e-01,-2.981540999999999775e-01
-1.000000000000000000e+01,-8.000000000000000000e+00,-3.315731182855525816e-01,-4.472353000000000023e-01
-8.000000000000000000e+00,-8.000000000000000000e+00,-4.880265651655864567e-01,-6.194882999999999917e-01
-6.000000000000000000e+00,-8.000000000000000000e+00,-6.513818640350522715e-01,-8.005238999999999550e-01
-4.000000000000000000e+00,-8.000000000000000000e+00,-8.065805745722099962e-01,-9.709786999999999724e-01
-2.000000000000000000e+00,-8.000000000000000000e+00,-9.283187308070477428e-01,-1.103660000000000085e+00
0.000000000000000000e+00,-8.000000000000000000e+00,-9.908286987248410282e-01,-1.170724000000000098e+00
2.000000000000000000e+00,-8.000000000000000000e+00,-9.820224346908689173e-01,-1.163245000000000084e+00
4.000000000000000000e+00,-8.000000000000000000e+00,-8.995991906406799465e-01,-1.075474000000000041e+00
6.000000000000000000e+00,-8.000000000000000000e+00,-7.595306581039295013e-01,-9.242662999999999851e-01
8.000000000000000000e+00,-8.000000000000000000e+00,-5.876142335449422438e-01,-7.362079000000000262e-01
1.000000000000000000e+01,-8.000000000000000000e+00,-4.103570246837029423e-01,-5.414453999999999656e-01
1.200000000000000000e+01,-8.000000000000000000e+00,-2.422648400451198336e-01,-3.654447000000000112e-01
1.400000000000000000e+01,-8.000000000000000000e+00,-1.136897399175232498e-01,-2.292262999999999940e-01
1.600000000000000000e+01,-8.000000000000000000e+00,-4.665033858536895423e-02,-1.486213000000000117e-01
1.800000000000000000e+01,-8.000000000000000000e+00,-2.784339928712438808e-02,-1.095813000000000065e-01
2.000000000000000000e+01,-8.000000000000000000e+00,-9.900253811840908219e-03,-7.253933999999999382e-02
-2.000000000000000000e+01,-6.000000000000000000e+00,1.700364922460996520e-02,-5.627746000000000137e-02
-1.800000000000000000e+01,-6.000000000000000000e+00,-3.904359076198740501e-03,-9.171725000000000017e-02
-1.600000000000000000e+01,-6.000000000000000000e+00,-2.515061271232933368e-02,-1.291006000000000098e-01
-1.400000000000000000e+01,-6.000000000000000000e+00,-9.722827913298301428e-02,-2.113124999999999865e-01
-1.200000000000000000e+01,-6.000000000000000000e+00,-2.366605207149884427e-01,-3.568183999999999800e-01
-1.000000000000000000e+01,-6.000000000000000000e+00,-4.226581128245235908e-01,-5.528049999999999908e-01
-8.000000000000000000e+00,-6.000000000000000000e+00,-6.323463450953318299e-01,-7.837543999999999622e-01
-6.000000000000000000e+00,-6.000000000000000000e+00,-8.641237399256858076e-01,-1.034731999999999985e+00
-4.000000000000000000e+00,-6.000000000000000000e+00,-1.097528541556278325e+00,-1.282964999999999911e+00
-2.000000000000000000e+00,-6.000000000000000000e+00,-1.300406385926786479e+00,-1.490594999999999892e+00
0.000000000000000000e+00,-6.000000000000000000e+00,-1.418309391838791678e+00,-1.608025000000000038e+00
2.000000000000000000e+00,-6.000000000000000000e+00,-1.412472983937461901e+00,-1.601396999999999959e+00
4.000000000000000000e+00,-6.000000000000000000e+00,-1.278934949219665773e+00,-1.471166999999999891e+00
6.000000000000000000e+00,-6.000000000000000000e+00,-1.061163661091782728e+00,-1.246745999999999910e+00
8.000000000000000000e+00,-6.000000000000000000e+00,-8.018362159832567171e-01,-9.699780000000000069e-01
1.000000000000000000e+01,-6.000000000000000000e+00,-5.451259634163020396e-01,-6.927178000000000502e-01
1.200000000000000000e+01,-6.000000000000000000e+00,-3.112578758291830172e-01,-4.495607999999999826e-01
1.400000000000000000e+01,-6.000000000000000000e+00,-1.340754516656776918e-01,-2.658556999999999726e-01
1.600000000000000000e+01,-6.000000000000000000e+00,-4.546337938315461041e-02,-1.621424999999999950e-01
1.800000000000000000e+01,-6.000000000000000000e+00,-2.845310321985420818e-02,-1.224578999999999945e-01
2.000000000000000000e+01,-6.000000000000000000e+00,-1.216008125218024684e-02,-8.528555000000000164e-02
-2.000000000000000000e+01,-4.000000000000000000e+00,1.727157656530036237e-02,-6.441848000000000019e-02
-1.800000000000000000e+01,-4.000000000000000000e+00,-2.643905748703533846e-03,-9.944319999999999549e-02
-1.600000000000000000e+01,-4.000000000000000000e+00,-2.278523604326861823e-02,-1.367338999999999916e-01
-1.400000000000000000e+01,-4.000000000000000000e+00,-1.072848413609743534e-01,-2.320577000000000056e-01
-1.200000000000000000e+01,-4.000000000000000000e+00,-2.754169210793837030e-01,-4.061752000000000140e-01
-1.000000000000000000e+01,-4.000000000000000000e+00,-5.005306919306302671e-01,-6.444988000000000383e-01
-8.000000000000000000e+00,-4.000000000000000000e+00,-7.638980970235462742e-01,-9.318838000000000399e-01
-6.000000000000000000e+00,-4.000000000000000000e+00,-1.069024238906449265e+00,-1.255500999999999978e+00
-4.000000000000000000e+00,-4.000000000000000000e+00,-1.411138114053648973e+00,-1.591172000000000031e+00
-2.000000000000000000e+00,-4.000000000000000000e+00,-1.748869082578886180e+00,-1.900563999999999920e+00
0.000000000000000000e+00,-4.000000000000000000e+00,-1.970941087128614599e+00,-2.102669000000000121e+00
2.000000000000000000e+00,-4.000000000000000000e+00,-1.975731035734593855e+00,-2.103883999999999865e+00
4.000000000000000000e+00,-4.000000000000000000e+00,-1.762112971475237488e+00,-1.912557000000000063e+00
6.000000000000000000e+00,-4.000000000000000000e+00,-1.406977906254218036e+00,-1.587652999999999981e+00
8.000000000000000000e+00,-4.000000000000000000e+00,-1.018110209365753915e+00,-1.199742000000000086e+00
1.000000000000000000e+01,-4.000000000000000000e+00,-6.701989259336776916e-01,-8.321711000000000524e-01
1.200000000000000000e+01,-4.000000000000000000e+00,-3.705606912153608934e-01,-5.226904999999999468e-01
1.400000000000000000e+01,-4.000000000000000000e+00,-1.501369271911510705e-01,-2.958363999999999994e-01
1.600000000000000000e+01,-4.000000000000000000e+00,-4.332932993151935447e-02,-1.716757999999999895e-01
1.800000000000000000e+01,-4.000000000000000000e+00,-2.831605563932240374e-02,-1.314688999999999997e-01
2.000000000000000000e+01,-4.000000000000000000e+00,-1.364522112914069892e-02,-9.438187000000000659e-02
-2.000000000000000000e+01,-2.000000000000000000e+00,1.744701978804146306e-02,-6.946594999999999853e-02
-1.800000000000000000e+01,-2.000000000000000000e+00,-1.731323873760060722e-03,-1.041581000000000035e-01
-1.600000000000000000e+01,-2.000000000000000000e+00,-2.107944959769296120e-02,-1.413722000000000034e-01
-1.400000000000000000e+01,-2.000000000000000000e+00,-1.137987748397498167e-01,-2.456784999999999941e-01
-1.200000000000000000e+01,-2.000000000000000000e+00,-3.015102646975416634e-01,-4.390642000000000156e-01
-1.000000000000000000e+01,-2.000000000000000000e+00,-5.539894003174429260e-01,-7.068731000000000320e-01
-8.000000000000000000e+00,-2.000000000000000000e+00,-8.572678066563390598e-01,-1.036200999999999928e+00
-6.000000000000000000e+00,-2.000000000000000000e+00,-1.227803432804887684e+00,-1.419807999999999959e+00
-4.000000000000000000e+00,-2.000000000000000000e+00,-1.689337882123032042e+00,-1.841949000000000058e+00
-2.000000000000000000e+00,-2.000000000000000000e+00,-2.202192607263267821e+00,-2.275494000000000128e+00
0.000000000000000000e+00,-2.000000000000000000e+00,-2.682835261855081477e+00,-2.669993999999999978e+00
2.000000000000000000e+00,-2.000000000000000000e+00,-2.643805063547983281e+00,-2.650567999999999813e+00
4.000000000000000000e+00,-2.000000000000000000e+00,-2.309411165554100087e+00,-2.363875000000000171e+00
6.000000000000000000e+00,-2.000000000000000000e+00,-1.738813677054576123e+00,-1.876883999999999997e+00
8.000000000000000000e+00,-2.000000000000000000e+00,-1.192888867348482540e+00,-1.375127999999999906e+00
1.000000000000000000e+01,-2.000000000000000000e+00,-7.576943922764562966e-01,-9.314738999999999658e-01
1.200000000000000000e+01,-2.000000000000000000e+00,-4.120863604272971825e-01,-5.724002000000000256e-01
1.400000000000000000e+01,-2.000000000000000000e+00,-1.601599576209883635e-01,-3.153050000000000019e-01
1.600000000000000000e+01,-2.000000000000000000e+00,-4.156843230127286321e-02,-1.773714999999999875e-01
1.800000000000000000e+01,-2.000000000000000000e+00,-2.792462685956267551e-02,-1.367879999999999929e-01
2.000000000000000000e+01,-2.000000000000000000e+00,-1.448372502287645185e-02,-9.978792000000000217e-02
-2.000000000000000000e+01,0.000000000000000000e+00,1.751463466916205677e-02,-7.116669999999999940e-02
-1.800000000000000000e+01,0.000000000000000000e+00,-1.409920107786522383e-03,-1.057383999999999963e-01
-1.600000000000000000e+01,0.000000000000000000e+00,-2.043401357422497747e-02,-1.429360000000000075e-01
-1.400000000000000000e+01,0.000000000000000000e+00,-1.161060433839662953e-01,-2.504513999999999907e-01
-1.200000000000000000e+01,0.000000000000000000e+00,-3.104486936452052759e-01,-4.507263000000000241e-01
-1.000000000000000000e+01,0.000000000000000000e+00,-5.735170587726605707e-01,-7.288097999999999521e-01
-8.000000000000000000e+00,0.000000000000000000e+00,-8.899871730887546351e-01,-1.071806999999999954e+00
-6.000000000000000000e+00,0.000000000000000000e+00,-1.288235085538624647e+00,-1.479756000000000071e+00
-4.000000000000000000e+00,0.000000000000000000e+00,-1.804908542457070997e+00,-1.943796000000000079e+00
-2.000000000000000000e+00,0.000000000000000000e+00,-2.529098579616196663e+00,-2.518609000000000098e+00
0.000000000000000000e+00,0.000000000000000000e+00,-3.208318583157928838e+00,-3.203488999999999809e+00
2.000000000000000000e+00,0.000000000000000000e+00,-3.179711586729033534e+00,-3.179286999999999974e+00
4.000000000000000000e+00,0.000000000000000000e+00,-2.805328742806663556e+00,-2.867704999999999949e+00
6.000000000000000000e+00,0.000000000000000000e+00,-1.892046194392038139e+00,-1.990537000000000001e+00
8.000000000000000000e+00,0.000000000000000000e+00,-1.266514378072046476e+00,-1.440415999999999919e+00
1.000000000000000000e+01,0.000000000000000000e+00,-7.874559549851620766e-01,-9.665369000000000321e-01
1.200000000000000000e+01,0.000000000000000000e+00,-4.278323361097787769e-01,-5.898387000000000491e-01
1.400000000000000000e+01,0.000000000000000000e+00,-1.632233382480191841e-01,-3.222760000000000069e-01
1.600000000000000000e+01,0.000000000000000000e+00,-4.098396786155823063e-02,-1.793507000000000018e-01
1.800000000000000000e+01,0.000000000000000000e+00,-2.770008449815350438e-02,-1.386344999999999938e-01
2.000000000000000000e+01,0.000000000000000000e+00,-1.477366370186187355e-02,-1.016605000000000009e-01
-2.000000000000000000e+01,2.000000000000000000e+00,1.744701978804148387e-02,-6.944288999999999323e-02
-1.800000000000000000e+01,2.000000000000000000e+00,-1.731323873760059204e-03,-1.041543999999999942e-01
-1.600000000000000000e+01,2.000000000000000000e+00,-2.107944959769298549e-02,-1.413876000000000022e-01
-1.400000000000000000e+01,2.000000000000000000e+00,-1.137987748397498583e-01,-2.457074999999999954e-01
-1.200000000000000000e+01,2.000000000000000000e+00,-3.015102646975417189e-01,-4.391071999999999753e-01
-1.000000000000000000e+01,2.000000000000000000e+00,-5.539894003174431480e-01,-7.069149000000000127e-01
-8.000000000000000000e+00,2.000000000000000000e+00,-8.572678066563395038e-01,-1.036202000000000067e+00
-6.000000000000000000e+00,2.000000000000000000e+00,-1.227803432804888129e+00,-1.419731999999999994e+00
-4.000000000000000000e+00,2.000000000000000000e+00,-1.689337882123032486e+00,-1.841749000000000080e+00
-2.000000000000000000e+00,2.000000000000000000e+00,-2.202192607263268709e+00,-2.275246999999999797e+00
0.000000000000000000e+00,2.000000000000000000e+00,-2.682835261855081477e+00,-2.670294000000000167e+00
2.000000000000000000e+00,2.000000000000000000e+00,-2.643805063547983281e+00,-2.651320000000000121e+00
4.000000000000000000e+00,2.000000000000000000e+00,-2.309411165554100531e+00,-2.363827999999999818e+00
6.000000000000000000e+00,2.000000000000000000e+00,-1.738813677054575901e+00,-1.877154999999999907e+00
8.000000000000000000e+00,2.000000000000000000e+00,-1.192888867348482984e+00,-1.375382000000000104e+00
1.000000000000000000e+01,2.000000000000000000e+00,-7.576943922764564077e-01,-9.317566999999999933e-01
1.200000000000000000e+01,2.000000000000000000e+00,-4.120863604272974046e-01,-5.727010999999999630e-01
1.400000000000000000e+01,2.000000000000000000e+00,-1.601599576209884745e-01,-3.156147000000000258e-01
1.600000000000000000e+01,2.000000000000000000e+00,-4.156843230127296729e-02,-1.776826999999999990e-01
1.800000000000000000e+01,2.000000000000000000e+00,-2.792462685956274837e-02,-1.370937999999999879e-01
2.000000000000000000e+01,2.000000000000000000e+00,-1.448372502287650909e-02,-1.000902000000000042e-01
-2.000000000000000000e+01,4.000000000000000000e+00,1.727157656530039706e-02,-6.437302000000000302e-02
-1.800000000000000000e+01,4.000000000000000000e+00,-2.643905748703539484e-03,-9.943573999999999469e-02
-1.600000000000000000e+01,4.000000000000000000e+00,-2.278523604326864599e-02,-1.367640999999999996e-01
-1.400000000000000000e+01,4.000000000000000000e+00,-1.072848413609744644e-01,-2.321167000000000091e-01
-1.200000000000000000e+01,4.000000000000000000e+00,-2.754169210793838696e-01,-4.062641000000000169e-01
-1.000000000000000000e+01,4.000000000000000000e+00,-5.005306919306307112e-01,-6.445996000000000503e-01
-8.000000000000000000e+00,4.000000000000000000e+00,-7.638980970235464962e-01,-9.319577000000000000e-01
-6.000000000000000000e+00,4.000000000000000000e+00,-1.069024238906449709e+00,-1.255527000000000060e+00
-4.000000000000000000e+00,4.000000000000000000e+00,-1.411138114053650305e+00,-1.591196000000000055e+00
-2.000000000000000000e+00,4.000000000000000000e+00,-1.748869082578887291e+00,-1.900608999999999993e+00
0.000000000000000000e+00,4.000000000000000000e+00,-1.970941087128615044e+00,-2.103200999999999876e+00
2.000000000000000000e+00,4.000000000000000000e+00,-1.975731035734594299e+00,-2.104668999999999901e+00
4.000000000000000000e+00,4.000000000000000000e+00,-1.762112971475237488e+00,-1.913000999999999951e+00
6.000000000000000000e+00,4.000000000000000000e+00,-1.406977906254218702e+00,-1.588070000000000093e+00
8.000000000000000000e+00,4.000000000000000000e+00,-1.018110209365753915e+00,-1.200199000000000016e+00
1.000000000000000000e+01,4.000000000000000000e+00,-6.701989259336780247e-01,-8.326987000000000139e-01
1.200000000000000000e+01,4.000000000000000000e+00,-3.705606912153611709e-01,-5.232679000000000080e-01
1.400000000000000000e+01,4.000000000000000000e+00,-1.501369271911512926e-01,-2.964392000000000138e-01
1.600000000000000000e+01,4.000000000000000000e+00,-4.332932993151955570e-02,-1.722857999999999890e-01
1.800000000000000000e+01,4.000000000000000000e+00,-2.831605563932255640e-02,-1.320716000000000112e-01
2.000000000000000000e+01,4.000000000000000000e+00,-1.364522112914081861e-02,-9.497988000000000264e-02
-2.000000000000000000e+01,6.000000000000000000e+00,1.700364922461001724e-02,-5.621094000000000090e-02
-1.800000000000000000e+01,6.000000000000000000e+00,-3.904359076198754379e-03,-9.170606000000000591e-02
-1.600000000000000000e+01,6.000000000000000000e+00,-2.515061271232939960e-02,-1.291443999999999925e-01
-1.400000000000000000e+01,6.000000000000000000e+00,-9.722827913298315305e-02,-2.114022999999999874e-01
-1.200000000000000000e+01,6.000000000000000000e+00,-2.366605207149886370e-01,-3.569589000000000234e-01
-1.000000000000000000e+01,6.000000000000000000e+00,-4.226581128245238128e-01,-5.529865999999999948e-01
-8.000000000000000000e+00,6.000000000000000000e+00,-6.323463450953321630e-01,-7.839433000000000096e-01
-6.000000000000000000e+00,6.000000000000000000e+00,-8.641237399256863627e-01,-1.034904999999999964e+00
-4.000000000000000000e+00,6.000000000000000000e+00,-1.097528541556278991e+00,-1.283145999999999898e+00
-2.000000000000000000e+00,6.000000000000000000e+00,-1.300406385926787589e+00,-1.490884000000000098e+00
0.000000000000000000e+00,6.000000000000000000e+00,-1.418309391838792344e+00,-1.608603000000000005e+00
2.000000000000000000e+00,6.000000000000000000e+00,-1.412472983937462345e+00,-1.602171000000000012e+00
4.000000000000000000e+00,6.000000000000000000e+00,-1.278934949219666217e+00,-1.471908999999999912e+00
6.000000000000000000e+00,6.000000000000000000e+00,-1.061163661091782728e+00,-1.247398999999999925e+00
8.000000000000000000e+00,6.000000000000000000e+00,-8.018362159832569391e-01,-9.706586999999999854e-01
1.000000000000000000e+01,6.000000000000000000e+00,-5.451259634163024836e-01,-6.934719000000000300e-01
1.200000000000000000e+01,6.000000000000000000e+00,-3.112578758291833503e-01,-4.503852999999999884e-01
1.400000000000000000e+01,6.000000000000000000e+00,-1.340754516656779971e-01,-2.667232999999999965e-01
1.600000000000000000e+01,6.000000000000000000e+00,-4.546337938315488103e-02,-1.630308000000000035e-01
1.800000000000000000e+01,6.000000000000000000e+00,-2.845310321985443369e-02,-1.233413000000000009e-01
2.000000000000000000e+01,6.000000000000000000e+00,-1.216008125218044113e-02,-8.616775000000000129e-02
-2.000000000000000000e+01,8.000000000000000000e+00,1.668355265605906204e-02,-4.541098999999999830e-02
-1.800000000000000000e+01,8.000000000000000000e+00,-5.188788573436587011e-03,-8.123571000000000264e-02
-1.600000000000000000e+01,8.000000000000000000e+00,-2.753635156645542828e-02,-1.186992000000000047e-01
-1.400000000000000000e+01,8.000000000000000000e+00,-8.444406856696466679e-02,-1.858899999999999997e-01
-1.200000000000000000e+01,8.000000000000000000e+00,-1.906246596022057871e-01,-2.983455999999999886e-01
-1.000000000000000000e+01,8.000000000000000000e+00,-3.315731182855529702e-01,-4.474918999999999980e-01
-8.000000000000000000e+00,8.000000000000000000e+00,-4.880265651655869563e-01,-6.197892000000000401e-01
-6.000000000000000000e+00,8.000000000000000000e+00,-6.513818640350530487e-01,-8.008494000000000446e-01
-4.000000000000000000e+00,8.000000000000000000e+00,-8.065805745722111064e-01,-9.713454999999999728e-01
-2.000000000000000000e+00,8.000000000000000000e+00,-9.283187308070488530e-01,-1.104144000000000014e+00
0.000000000000000000e+00,8.000000000000000000e+00,-9.908286987248421385e-01,-1.171384999999999899e+00
2.000000000000000000e+00,8.000000000000000000e+00,-9.820224346908695834e-01,-1.164047000000000054e+00
4.000000000000000000e+00,8.000000000000000000e+00,-8.995991906406806127e-01,-1.076319000000000026e+00
6.000000000000000000e+00,8.000000000000000000e+00,-7.595306581039299454e-01,-9.251215000000000410e-01
8.000000000000000000e+00,8.000000000000000000e+00,-5.876142335449426879e-01,-7.371033000000000168e-01
1.000000000000000000e+01,8.000000000000000000e+00,-4.103570246837033864e-01,-5.424147000000000274e-01
1.200000000000000000e+01,8.000000000000000000e+00,-2.422648400451201944e-01,-3.664935000000000276e-01
1.400000000000000000e+01,8.000000000000000000e+00,-1.136897399175236384e-01,-2.303362999999999938e-01
1.600000000000000000e+01,8.000000000000000000e+00,-4.665033858536929423e-02,-1.497613000000000139e-01
1.800000000000000000e+01,8.000000000000000000e+00,-2.784339928712468992e-02,-1.107251999999999958e-01
2.000000000000000000e+01,8.000000000000000000e+00,-9.900253811841189244e-03,-7.369108000000000602e-02
-2.000000000000000000e+01,1.000000000000000000e+01,1.631829224346759144e-02,-3.263245000000000035e-02
-1.800000000000000000e+01,1.000000000000000000e+01,-6.105864868720193780e-03,-6.837374000000000229e-02
-1.600000000000000000e+01,1.000000000000000000e+01,-2.913529497756137815e-02,-1.055293999999999954e-01
-1.400000000000000000e+01,1.000000000000000000e+01,-7.122108898853732328e-02,-1.583604999999999874e-01
-1.200000000000000000e+01,1.000000000000000000e+01,-1.433867148039988937e-01,-2.382196000000000036e-01
-1.000000000000000000e+01,1.000000000000000000e+01,-2.402693672890556242e-01,-3.420888999999999736e-01
-8.000000000000000000e+00,1.000000000000000000e+01,-3.470055880455241715e-01,-4.601922999999999986e-01
-6.000000000000000000e+00,1.000000000000000000e+01,-4.550378846243344211e-01,-5.806078999999999546e-01
-4.000000000000000000e+00,1.000000000000000000e+01,-5.507591105473017556e-01,-6.890429000000000137e-01
-2.000000000000000000e+00,1.000000000000000000e+01,-6.217342627636429642e-01,-7.691189999999999971e-01
0.000000000000000000e+00,1.000000000000000000e+01,-6.563630246107188260e-01,-8.077564999999999884e-01
2.000000000000000000e+00,1.000000000000000000e+01,-6.467755893952266133e-01,-7.991629000000000094e-01
4.000000000000000000e+00,1.000000000000000000e+01,-5.943474719583904387e-01,-7.428150999999999504e-01
6.000000000000000000e+00,1.000000000000000000e+01,-5.076571110482300808e-01,-6.469555999999999640e-01
8.000000000000000000e+00,1.000000000000000000e+01,-3.984451771938571363e-01,-5.267899999999999805e-01
1.000000000000000000e+01,1.000000000000000000e+01,-2.830373783925519415e-01,-3.999253999999999865e-01
1.200000000000000000e+01,1.000000000000000000e+01,-1.741153542187253433e-01,-2.834569000000000116e-01
1.400000000000000000e+01,1.000000000000000000e+01,-9.171517539734250213e-02,-1.918226000000000098e-01
1.600000000000000000e+01,1.000000000000000000e+01,-4.582323049113288388e-02,-1.324484999999999968e-01
1.800000000000000000e+01,1.000000000000000000e+01,-2.586464707712895009e-02,-9.434518999999999544e-02
2.000000000000000000e+01,1.000000000000000000e+01,-6.874794117534182084e-03,-5.795312999999999853e-02
-2.000000000000000000e+01,1.200000000000000000e+01,1.584864919763507435e-02,-1.860929999999999876e-02
-1.800000000000000000e+01,1.200000000000000000e+01,-6.209883910374195543e-03,-5.345971000000000056e-02
-1.600000000000000000e+01,1.200000000000000000e+01,-2.911013889869395674e-02,-8.953653999999999780e-02
-1.400000000000000000e+01,1.200000000000000000e+01,-5.895767167998336444e-02,-1.312366000000000088e-01
-1.200000000000000000e+01,1.200000000000000000e+01,-1.014886554053132106e-01,-1.839974000000000054e-01
-1.000000000000000000e+01,1.200000000000000000e+01,-1.571284195211130053e-01,-2.488135999999999959e-01
-8.000000000000000000e+00,1.200000000000000000e+01,-2.185771710542314117e-01,-3.205076000000000036e-01
-6.000000000000000000e+00,1.200000000000000000e+01,-2.785595110264655339e-01,-3.912996000000000252e-01
-4.000000000000000000e+00,1.200000000000000000e+01,-3.298562767708186905e-01,-4.526281999999999806e-01
-2.000000000000000000e+00,1.200000000000000000e+01,-3.659372745986788078e-01,-4.962316999999999978e-01
0.000000000000000000e+00,1.200000000000000000e+01,-3.813449890541287246e-01,-5.160955999999999877e-01
2.000000000000000000e+00,1.200000000000000000e+01,-3.742791189074609615e-01,-5.091065999999999647e-01
4.000000000000000000e+00,1.200000000000000000e+01,-3.448313884870132795e-01,-4.764163000000000148e-01
6.000000000000000000e+00,1.200000000000000000e+01,-2.971904522620630318e-01,-4.221010000000000040e-01
8.000000000000000000e+00,1.200000000000000000e+01,-2.375379682218052846e-01,-3.535178999999999960e-01
1.000000000000000000e+01,1.200000000000000000e+01,-1.740488001908555016e-01,-2.799039999999999861e-01
1.200000000000000000e+01,1.200000000000000000e+01,-1.153379192908812051e-01,-2.111050999999999900e-01
1.400000000000000000e+01,1.200000000000000000e+01,-7.114589082562806921e-02,-1.546669999999999989e-01
1.600000000000000000e+01,1.200000000000000000e+01,-4.201866977952532778e-02,-1.110793000000000058e-01
1.800000000000000000e+01,1.200000000000000000e+01,-2.206333102386321202e-02,-7.465987000000000318e-02
2.000000000000000000e+01,1.200000000000000000e+01,-3.161601538344198208e-03,-3.970313000000000314e-02
-2.000000000000000000e+01,1.400000000000000000e+01,1.544669541552870680e-02,-3.760994000000000143e-03
-1.800000000000000000e+01,1.400000000000000000e+01,-5.309061684395862367e-03,-3.692082000000000003e-02
-1.600000000000000000e+01,1.400000000000000000e+01,-2.656531525777361055e-02,-7.067444000000000504e-02
-1.400000000000000000e+01,1.400000000000000000e+01,-4.862994438347024995e-02,-1.052172999999999997e-01
-1.200000000000000000e+01,1.400000000000000000e+01,-7.193965586470683904e-02,-1.408196999999999921e-01
-1.000000000000000000e+01,1.400000000000000000e+01,-9.718601640713522838e-02,-1.778366999999999865e-01
-8.000000000000000000e+00,1.400000000000000000e+01,-1.228302616000677971e-01,-2.152874999999999928e-01
-6.000000000000000000e+00,1.400000000000000000e+01,-1.466325242993131162e-01,-2.502375000000000016e-01
-4.000000000000000000e+00,1.400000000000000000e+01,-1.652244309564820102e-01,-2.792134000000000005e-01
-2.000000000000000000e+00,1.400000000000000000e+01,-1.769982829586478623e-01,-2.990300000000000180e-01
0.000000000000000000e+00,1.400000000000000000e+01,-1.807882509952791761e-01,-3.073003999999999736e-01
2.000000000000000000e+00,1.400000000000000000e+01,-1.762636154296243207e-01,-3.031709000000000209e-01
4.000000000000000000e+00,1.400000000000000000e+01,-1.641584642359656121e-01,-2.872585000000000277e-01
6.000000000000000000e+00,1.400000000000000000e+01,-1.457778255467483686e-01,-2.614951999999999832e-01
8.000000000000000000e+00,1.400000000000000000e+01,-1.226882133300908201e-01,-2.285797999999999996e-01
1.000000000000000000e+01,1.400000000000000000e+01,-9.812785864879594588e-02,-1.919997999999999982e-01
1.200000000000000000e+01,1.400000000000000000e+01,-7.463556897198837803e-02,-1.552719999999999934e-01
1.400000000000000000e+01,1.400000000000000000e+01,-5.381820500663760110e-02,-1.200622999999999968e-01
1.600000000000000000e+01,1.400000000000000000e+01,-3.460760035119091194e-02,-8.579067999999999417e-02
1.800000000000000000e+01,1.400000000000000000e+01,-1.635622001576616386e-02,-5.234533000000000241e-02
2.000000000000000000e+01,1.400000000000000000e+01,1.260080139399755205e-03,-1.962819000000000022e-02
-2.000000000000000000e+01,1.600000000000000000e+01,1.552299883408791992e-02,1.192390999999999937e-02
-1.800000000000000000e+01,1.600000000000000000e+01,-3.213568200554451498e-03,-1.898907999999999846e-02
-1.600000000000000000e+01,1.600000000000000000e+01,-2.180667596605192007e-02,-4.984601999999999783e-02
-1.400000000000000000e+01,1.600000000000000000e+01,-3.928685632895514979e-02,-7.987531999999999965e-02
-1.200000000000000000e+01,1.600000000000000000e+01,-5.432237863020141638e-02,-1.078744999999999982e-01
-1.000000000000000000e+01,1.600000000000000000e+01,-6.618363009658884133e-02,-1.327031999999999934e-01
-8.000000000000000000e+00,1.600000000000000000e+01,-7.515031866143037642e-02,-1.540420000000000122e-01
-6.000000000000000000e+00,1.600000000000000000e+01,-8.132512691508132774e-02,-1.715348999999999902e-01
-4.000000000000000000e+00,1.600000000000000000e+01,-8.476102804503687915e-02,-1.846018000000000103e-01
-2.000000000000000000e+00,1.600000000000000000e+01,-8.559724483558750485e-02,-1.927699999999999969e-01
0.000000000000000000e+00,1.600000000000000000e+01,-8.430223185940804997e-02,-1.956713999999999953e-01
2.000000000000000000e+00,1.600000000000000000e+01,-8.152354823363985870e-02,-1.932052999999999965e-01
4.000000000000000000e+00,1.600000000000000000e+01,-7.762135570521976058e-02,-1.856684000000000112e-01
6.000000000000000000e+00,1.600000000000000000e+01,-7.277593579748334318e-02,-1.735418999999999989e-01
8.000000000000000000e+00,1.600000000000000000e+01,-6.690138595494568574e-02,-1.572649999999999881e-01
1.000000000000000000e+01,1.600000000000000000e+01,-5.963219413957201315e-02,-1.372508000000000061e-01
1.200000000000000000e+01,1.600000000000000000e+01,-5.040941295150705437e-02,-1.137148000000000048e-01
1.400000000000000000e+01,1.600000000000000000e+01,-3.851947449534690732e-02,-8.688574000000000297e-02
1.600000000000000000e+01,1.600000000000000000e+01,-2.428213277844313428e-02,-5.789942000000000005e-02
1.800000000000000000e+01,1.600000000000000000e+01,-8.886373492221143547e-03,-2.797840000000000049e-02
2.000000000000000000e+01,1.600000000000000000e+01,6.646446212639324849e-03,2.006882000000000197e-03
-2.000000000000000000e+01,1.800000000000000000e+01,1.653494863306248508e-02,2.864627999999999966e-02
-1.800000000000000000e+01,1.800000000000000000e+01,0.000000000000000000e+00,0.000000000000000000e+00
-1.600000000000000000e+01,1.800000000000000000e+01,-1.594193213605772652e-02,-2.815136000000000027e-02
-1.400000000000000000e+01,1.800000000000000000e+01,-3.046752029641973392e-02,-5.502927999999999986e-02
-1.200000000000000000e+01,1.800000000000000000e+01,-4.311517951879423327e-02,-8.003762999999999850e-02
-1.000000000000000000e+01,1.800000000000000000e+01,-5.357013071599800447e-02,-1.026075999999999933e-01
-8.000000000000000000e+00,1.800000000000000000e+01,-6.147939453795654707e-02,-1.219559000000000060e-01
-6.000000000000000000e+00,1.800000000000000000e+01,-6.680814190177433720e-02,-1.374412000000000134e-01
-4.000000000000000000e+00,1.800000000000000000e+01,-6.965857462092675534e-02,-1.485451000000000132e-01
-2.000000000000000000e+00,1.800000000000000000e+01,-7.032912003262473122e-02,-1.549516999999999978e-01
0.000000000000000000e+00,1.800000000000000000e+01,-6.912318134885353516e-02,-1.566188000000000025e-01
2.000000000000000000e+00,1.800000000000000000e+01,-6.632503720250536305e-02,-1.536453000000000124e-01
4.000000000000000000e+00,1.800000000000000000e+01,-6.222762966569370113e-02,-1.461731000000000003e-01
6.000000000000000000e+00,1.800000000000000000e+01,-5.699728726245039540e-02,-1.344629999999999992e-01
8.000000000000000000e+00,1.800000000000000000e+01,-5.067683252087240575e-02,-1.189320999999999989e-01
1.000000000000000000e+01,1.800000000000000000e+01,-4.319349614667939569e-02,-1.000734000000000068e-01
1.200000000000000000e+01,1.800000000000000000e+01,-3.437377930962317446e-02,-7.840605000000000491e-02
1.400000000000000000e+01,1.800000000000000000e+01,-2.421165704245465192e-02,-5.456309000000000159e-02
1.600000000000000000e+01,1.800000000000000000e+01,-1.270792145484799657e-02,-2.899782000000000054e-02
1.800000000000000000e+01,1.800000000000000000e+01,-7.245047910507790594e-16,-2.177428999999999823e-03
2.000000000000000000e+01,1.800000000000000000e+01,1.326289800701977578e-02,2.515444999999999834e-02
-2.000000000000000000e+01,2.000000000000000000e+01,1.854720893368798709e-02,4.631897000000000097e-02
-1.800000000000000000e+01,2.000000000000000000e+01,3.728299298834007909e-03,1.941907999999999829e-02
-1.600000000000000000e+01,2.000000000000000000e+01,-9.897894247989180369e-03,-6.375636999999999971e-03
-1.400000000000000000e+01,2.000000000000000000e+01,-2.201387560956769365e-02,-3.067788999999999933e-02
-1.200000000000000000e+01,2.000000000000000000e+01,-3.255575334435414220e-02,-5.328679000000000054e-02
-1.000000000000000000e+01,2.000000000000000000e+01,-4.138854635401246346e-02,-7.380103999999999831e-02
-8.000000000000000000e+00,2.000000000000000000e+01,-4.824942786270296213e-02,-9.148001000000000049e-02
-6.000000000000000000e+00,2.000000000000000000e+01,-5.287946364448337100e-02,-1.054511000000000059e-01
-4.000000000000000000e+00,2.000000000000000000e+01,-5.533992795515888657e-02,-1.151250000000000051e-01
-2.000000000000000000e+00,2.000000000000000000e+01,-5.581235352094458813e-02,-1.202828999999999982e-01
0.000000000000000000e+00,2.000000000000000000e+01,-5.449470172676516150e-02,-1.209510000000000030e-01
2.000000000000000000e+00,2.000000000000000000e+01,-5.157335729180195089e-02,-1.172688999999999954e-01
4.000000000000000000e+00,2.000000000000000000e+01,-4.720357397674711936e-02,-1.094250999999999974e-01
6.000000000000000000e+00,2.000000000000000000e+01,-4.156768301568217194e-02,-9.768045999999999673e-02
8.000000000000000000e+00,2.000000000000000000e+01,-3.485284136243829017e-02,-8.245935000000000070e-02
1.000000000000000000e+01,2.000000000000000000e+01,-2.727442982731992371e-02,-6.441961000000000215e-02
1.200000000000000000e+01,2.000000000000000000e+01,-1.910910478266366827e-02,-4.436211999999999794e-02
1.400000000000000000e+01,2.000000000000000000e+01,-1.043117526535073530e-02,-2.284871999999999945e-02
1.600000000000000000e+01,2.000000000000000000e+01,-1.005480696639547049e-03,-1.760232000000000056e-05
1.800000000000000000e+01,2.000000000000000000e+01,9.478743675133053173e-03,2.417574000000000112e-02
2.000000000000000000e+01,2.000000000000000000e+01,2.100830196721685875e-02,4.950840000000000102e-02
