case,h,nz,elem,travel,tp,F_plunge_end_N,drag_fz_mean_N,drag_fx_mean_N,peeq_max,release_uz_min,springback_rms,rel_vs_CCX_im_all_rms,rel_vs_CCX_im_core_rms,rel_vs_CCX_im_wall_rms,rel_vs_CCX_im_rim_rms,rel_vs_CCX_im_all_max,sb_vs_CCX_im_rms,rel_vs_CCX_std_nobbar_all_rms,rel_vs_CCX_std_nobbar_core_rms,rel_vs_CCX_std_nobbar_wall_rms,rel_vs_CCX_std_nobbar_rim_rms,rel_vs_CCX_std_nobbar_all_max,sb_vs_CCX_std_nobbar_rms,rel_vs_SL_plate_h1_std_nz4_mu0.1_drag3_all_rms,rel_vs_SL_plate_h1_std_nz4_mu0.1_drag3_core_rms,rel_vs_SL_plate_h1_std_nz4_mu0.1_drag3_wall_rms,rel_vs_SL_plate_h1_std_nz4_mu0.1_drag3_rim_rms,rel_vs_SL_plate_h1_std_nz4_mu0.1_drag3_all_max,sb_vs_SL_plate_h1_std_nz4_mu0.1_drag3_rms,rel_vs_SL_plate_h1_im_mu0.1_drag3_all_rms,rel_vs_SL_plate_h1_im_mu0.1_drag3_core_rms,rel_vs_SL_plate_h1_im_mu0.1_drag3_wall_rms,rel_vs_SL_plate_h1_im_mu0.1_drag3_rim_rms,rel_vs_SL_plate_h1_im_mu0.1_drag3_all_max,sb_vs_SL_plate_h1_im_mu0.1_drag3_rms
plate_h2_std_mu0.1_drag3,2.0,2,std,0.1,0,1258.7324250037207,864.9536093331778,-467.47812883431055,0.30184691997910534,-3.207268198948349,0.05270577580007929,0.019900088571228314,0.030133906164247673,0.01332639232996557,0.021396940864682898,0.11498317921323609,0.017842582651789812,0.10858085055527658,0.1486733777518103,0.13206880643545155,0.06960189517926856,0.19214415007896113,0.09623522766457669,0.03821625637531783,0.06372826773567906,0.049019126881658624,0.010129575938876851,0.08940414947158803,0.014642943202933505,0.04529227727857757,0.0759084100963827,0.05618097644342275,0.017587313467831107,0.10732510659452799,0.016799354683898305
plate_h2_std_mu0.1_drag3_tp5,2.0,2,std,0.1,5,1259.3308516778575,858.2203912613238,-469.59174302088365,0.3039053322786377,-3.2093007594596874,0.05257814979528686,0.02004740235207419,0.030473322175731968,0.01348463848360526,0.02148767734153339,0.11572494857133186,0.017951623509126418,0.10882720875738093,0.14893252065304804,0.13243547777113865,0.06969400901246944,0.19283487077772898,0.09637720029480874,0.03801312630864076,0.0636584758417738,0.048634976194116324,0.01017732171880684,0.09010607700374207,0.01470760195132248,0.04511324417315728,0.0758807429080172,0.05580196622847641,0.017657962491601967,0.10802703412668202,0.016881829424269107
plate_h2_std_mu0.1_drag3_trav1,2.0,2,std,1.0,0,1258.7610189365098,862.8041314017842,-468.3807908501583,0.30227069088185604,-3.208318583157929,0.052586842765113086,0.020032636061380348,0.03042281594303346,0.013514516530903067,0.021460483865140757,0.115757805607962,0.01793237969576276,0.1088946046191114,0.1492226846659476,0.13250273277366165,0.06966397085353038,0.1929740507803337,0.09635347324248657,0.03792319183900631,0.06332377623703372,0.04857733903416823,0.010190269377982002,0.08935263267070592,0.014732172501927782,0.04501541786679572,0.07551982661643568,0.05574229419642102,0.01765280926723909,0.10727358979364587,0.016890597544532888
plate_h2_im_mu0.1_drag3,2.0,2,im,0.1,0,1216.110545661242,764.8327091092042,-370.00185675304533,0.2838999519204264,-3.1480758040759094,0.066911592675948,0.0006241828972507366,0.0010668743920567818,0.0005995321553258514,0.0004943263015805159,0.0022527639654157383,0.0005731254666082608,0.09917916639918561,0.1425599018897164,0.12579049980549795,0.050788444671427437,0.20579633264512043,0.08208501956305701,0.04233455090154815,0.0683771445225535,0.05456079739079955,0.013147879310414801,0.10700516790723147,0.012199084132735441,0.04721612000260492,0.07877077699213295,0.06125997855986483,0.009284981747648906,0.1183611136348448,0.008804499695090838
plate_h2_im_mu0.1_drag3_trav1,2.0,2,im,1.0,0,1210.4886029342206,758.7998380556904,-380.17486996143117,0.2815971147885129,-3.1460357825891068,0.06843972940737078,0.0019646025066712603,0.002774509397583704,0.0022669428599649643,0.001395171736836786,0.005989590359682051,0.002059092663248498,0.09770039838048815,0.14178516703542873,0.12352917947805066,0.04994413235189367,0.20284075477818542,0.08051656720398274,0.043783160579975035,0.06911739889455318,0.05682557635706386,0.014104173611275098,0.11048142224124713,0.01274478014641452,0.04854038601900904,0.07935113538620366,0.06350139054301232,0.00982012969359414,0.1149650946500822,0.009187505172274206
plate_h2_nobbar_mu0.1_drag3,2.0,2,std_nobbar,0.1,0,1858.7305635023297,1360.371006501118,-617.0206774048032,0.2931121920414565,-3.2024926019320055,0.1449124012309104,0.09882249176398156,0.14236453252581283,0.12536516931484898,0.05034827621445442,0.20593314419921027,0.08205109951291056,0.0008017341038433096,0.0008705112643741676,0.0005929590058549152,0.0009240899909566695,0.003450383033316129,0.0007623010018780306,0.13969821938777396,0.20714049606326898,0.17932756679676864,0.06251111044435724,0.27410387520699264,0.08617587430085849,0.14416849346648786,0.2182982665139813,0.18599882819109131,0.05861506307029619,0.29387253325080387,0.08502174455275896
plate_h1_std_mu0.1_drag3,1.0,2,std,0.1,0,1257.629200921679,767.6937215512771,-426.9156255306847,0.34265059595485114,-3.1827790062126664,0.058737185069150606,0.046037026410209375,0.07459096300782286,0.05872333426035846,0.015972833721991,0.11385893600487695,0.014472542417562396,0.14367089082681186,0.21381474806713155,0.1836110337219083,0.06558898500492293,0.28212627830677683,0.09102123329820366,0.004478502480770969,0.008212421146554063,0.004566217288338624,0.002942914482733166,0.013832137130751043,0.004870743673232406,0.008900874333204176,0.007577023330894395,0.007395205522809614,0.010206217567840981,0.021957622838487817,0.008661608889439778
plate_h1_im_mu0.1_drag3,1.0,2,im,0.1,0,1221.9781080238372,747.6470525397079,-394.39201866031704,0.3504943936252496,-3.171950259438575,0.06469492396578717,0.04729415028383085,0.07871665748928064,0.061393156252218105,0.009481099932893188,0.11760447147825248,0.009058521166943013,0.14445877610333907,0.21854443721184838,0.18630332088283516,0.059076376991796374,0.29412947161959746,0.08533408984523279,0.009186787824148048,0.014503258428249687,0.008477596253635776,0.008126081416624341,0.02445962868713325,0.006308514644533149,0.0,0.0,0.0,0.0,0.0,0.0
plate_h1_std_nz4_mu0.1_drag3,1.0,4,std,0.1,0,1266.5836406757005,782.3271127583815,-437.3301371401305,0.36156459851182216,-3.19229707435056,0.06247324028681215,0.042413616633668536,0.06840521329633685,0.054705073324838364,0.013146529051402917,0.10652317694628377,0.012366019126501829,0.13999319190763512,0.20739845903076812,0.17963108595891875,0.06295272616612237,0.27436081357578623,0.08648467725893821,0.0,0.0,0.0,0.0,0.0,0.0,0.009186787824148048,0.014503258428249687,0.008477596253635776,0.008126081416624341,0.02445962868713325,0.006308514644533149
