point_id,family,split,footprint_mm,depth_mm,max_wall_angle_deg,params
truncated_cone-s2026-0000,truncated_cone,test,15.4,3.09,38.62,"{""bottom_fillet"": 0.002076483284123242, ""depth"": 0.0030903661344200374, ""top_fillet"": 0.0010835243463516236, ""top_radius"": 0.007322111932560801, ""wall_angle_deg"": 38.61650181468576}"
truncated_cone-s2026-0001,truncated_cone,test,18.66,2.628,54.03,"{""bottom_fillet"": 0.001488820629194379, ""depth"": 0.0026279721409082414, ""top_fillet"": 0.0023286985293962063, ""top_radius"": 0.008144199350848794, ""wall_angle_deg"": 54.03052628505975}"
truncated_cone-s2026-0002,truncated_cone,train,15.66,3.891,47.01,"{""bottom_fillet"": 0.0010560787166468799, ""depth"": 0.003891472447663546, ""top_fillet"": 0.001647672190796584, ""top_radius"": 0.007112266164273023, ""wall_angle_deg"": 47.01479987241328}"
truncated_cone-s2026-0003,truncated_cone,train,19.91,2.328,30.01,"{""bottom_fillet"": 0.0023902910673059526, ""depth"": 0.002327506883069873, ""top_fillet"": 0.0017619876554235817, ""top_radius"": 0.009480519741773604, ""wall_angle_deg"": 30.007044710218906}"
truncated_cone-s2026-0004,truncated_cone,train,19.44,3.724,34.19,"{""bottom_fillet"": 0.002272450097370893, ""depth"": 0.0037237513009458784, ""top_fillet"": 0.0022303649317473176, ""top_radius"": 0.009033799436874688, ""wall_angle_deg"": 34.186089779250324}"
truncated_cone-s2026-0005,truncated_cone,calibration,14.5,2.057,42.98,"{""bottom_fillet"": 0.0013632486066780984, ""depth"": 0.0020572390258312228, ""top_fillet"": 0.0013602131311781704, ""top_radius"": 0.00671528257522732, ""wall_angle_deg"": 42.98394801560789}"
pyramid-s2026-0000,pyramid,test,18.11,3.383,34.66,"{""bottom_fillet"": 0.0013530378779396416, ""corner_radius"": 0.006246182421222329, ""depth"": 0.003382830085232854, ""half_width_x"": 0.007445503572002053, ""half_width_y"": 0.008327501218765975, ""top_fillet"": 0.001299202023074031, ""wall_angle_deg"": 34.65761963278055}"
pyramid-s2026-0001,pyramid,test,19.36,2.58,41.21,"{""bottom_fillet"": 0.0018539213333278895, ""corner_radius"": 0.0042210846608504654, ""depth"": 0.0025796693954616787, ""half_width_x"": 0.008118318067863584, ""half_width_y"": 0.006990132736042142, ""top_fillet"": 0.0018067737156525253, ""wall_angle_deg"": 41.209640093147755}"
pyramid-s2026-0002,pyramid,train,15.92,2.861,35.29,"{""bottom_fillet"": 0.0015196284465491773, ""corner_radius"": 0.005355771271511912, ""depth"": 0.0028608870916068552, ""half_width_x"": 0.006543625451624393, ""half_width_y"": 0.007066490383818746, ""top_fillet"": 0.0016331006968393924, ""wall_angle_deg"": 35.2866030856967}"
pyramid-s2026-0003,pyramid,train,19.56,2.164,49.32,"{""bottom_fillet"": 0.0010233836555853487, ""corner_radius"": 0.00436155157815665, ""depth"": 0.002164116490632296, ""half_width_x"": 0.007904016241431236, ""half_width_y"": 0.007748715158551932, ""top_fillet"": 0.001125043584033847, ""wall_angle_deg"": 49.32084705680609}"
pyramid-s2026-0004,pyramid,train,18.37,2.456,39.55,"{""bottom_fillet"": 0.0012061882857233286, ""corner_radius"": 0.005391403985209763, ""depth"": 0.002455654185730964, ""half_width_x"": 0.007623296823352575, ""half_width_y"": 0.007765012407675386, ""top_fillet"": 0.0014836138132959605, ""wall_angle_deg"": 39.554492700845}"
pyramid-s2026-0005,pyramid,calibration,18,3.144,46.15,"{""bottom_fillet"": 0.0017039017369970678, ""corner_radius"": 0.004891294214874506, ""depth"": 0.00314361283602193, ""half_width_x"": 0.006952498618513345, ""half_width_y"": 0.00742763626947999, ""top_fillet"": 0.0019760459335520864, ""wall_angle_deg"": 46.14547761157155}"
dome-s2026-0000,dome,test,16.42,2.265,33.26,"{""aspect"": 0.9106882964260876, ""depth"": 0.0022654190715402367, ""opening_radius"": 0.008210348635911942, ""rim_fillet"": 0.003468766488134861}"
dome-s2026-0001,dome,test,20.81,3.794,44.46,"{""aspect"": 0.8570744434837252, ""depth"": 0.0037935780305415395, ""opening_radius"": 0.010404311919584871, ""rim_fillet"": 0.0020120163410902022}"
dome-s2026-0002,dome,train,17.84,2.714,40.69,"{""aspect"": 0.7796249170787632, ""depth"": 0.0027137466911226512, ""opening_radius"": 0.008921267738565802, ""rim_fillet"": 0.002891657574567944}"
dome-s2026-0003,dome,train,19.17,3.244,38.51,"{""aspect"": 0.9604279363993555, ""depth"": 0.0032438577096909286, ""opening_radius"": 0.009585958544164896, ""rim_fillet"": 0.002627521416638047}"
dome-s2026-0004,dome,train,20.02,2.925,32.74,"{""aspect"": 0.993784022750333, ""depth"": 0.0029251353479921817, ""opening_radius"": 0.010009191817604006, ""rim_fillet"": 0.0023592725801281633}"
dome-s2026-0005,dome,calibration,15.69,3.391,53.13,"{""aspect"": 0.7974131344817579, ""depth"": 0.0033906367123126982, ""opening_radius"": 0.00784379290882498, ""rim_fillet"": 0.0031605155798606578}"
elliptic_cone-s2026-0000,elliptic_cone,test,21.19,2.103,39.14,"{""bottom_fillet"": 0.0015268902536481619, ""depth"": 0.002103298680856824, ""semi_axis_x"": 0.00990808657836169, ""semi_axis_y"": 0.006977327502798289, ""top_fillet"": 0.0019385691555216908, ""wall_angle_deg"": 39.13856450468302}"
elliptic_cone-s2026-0001,elliptic_cone,test,16.15,3.265,42.09,"{""bottom_fillet"": 0.0013182378448545933, ""depth"": 0.003264777078293264, ""semi_axis_x"": 0.0076038167276419695, ""semi_axis_y"": 0.006163661553990096, ""top_fillet"": 0.0012199320737272502, ""wall_angle_deg"": 42.09396634250879}"
elliptic_cone-s2026-0002,elliptic_cone,train,19.59,2.556,46.48,"{""bottom_fillet"": 0.0011407526480033993, ""depth"": 0.0025558327436447145, ""semi_axis_x"": 0.009245627524796874, ""semi_axis_y"": 0.007840529772918672, ""top_fillet"": 0.00127711446210742, ""wall_angle_deg"": 46.48348418995738}"
elliptic_cone-s2026-0003,elliptic_cone,train,20.43,3.123,42.57,"{""bottom_fillet"": 0.001059361265040934, ""depth"": 0.0031227178284898398, ""semi_axis_x"": 0.009666211407165975, ""semi_axis_y"": 0.007538113998714835, ""top_fillet"": 0.001413699883967638, ""wall_angle_deg"": 42.56870532408357}"
elliptic_cone-s2026-0004,elliptic_cone,train,17.96,2.32,48.19,"{""bottom_fillet"": 0.0014775710254907608, ""depth"": 0.0023199319634586574, ""semi_axis_x"": 0.008493042725604028, ""semi_axis_y"": 0.006719979471061378, ""top_fillet"": 0.00109115138836205, ""wall_angle_deg"": 48.18899720907211}"
elliptic_cone-s2026-0005,elliptic_cone,calibration,17.9,2.413,32.82,"{""bottom_fillet"": 0.0016984303733333945, ""depth"": 0.0024133326560258866, ""semi_axis_x"": 0.008613328542560339, ""semi_axis_y"": 0.007466566394548863, ""top_fillet"": 0.001147417314350605, ""wall_angle_deg"": 32.81852621585131}"
