path,step,value,sparlab_mises_MPa,ccx_mises_MPa,rel_mises,sparlab_peeq,ccx_peeq,diff_peeq,ccx_sxx,ccx_szz,ccx_sxz,flow_at_ccx_peeq_MPa
uniaxial,0,0.002,101.06761043891535,101.02540000022057,0.00041782006005112223,0.0005554676989125299,0.0005577073,-2.2396010874701795e-06,101.0254,-2.2056830000000002e-10,-6.347248237499999e-16,101.12174987739924
uniaxial,1,0.01,115.91849721551081,115.38020000484498,0.0046654210223524275,0.008343088310063362,0.00836494,-2.185168993663715e-05,115.38020000000003,-4.8449555e-09,-2.1927630775e-13,116.02352120347598
uniaxial,2,0.05,172.47697297734467,172.57430020344577,-0.0005639728858025938,0.04753397647725481,0.04765988,-0.000125903522745191,172.5743,-2.0344615000000002e-07,-1.9489460962500002e-13,172.76466464909134
uniaxial,3,0.1,215.91706017707278,216.176300661142,-0.0011992086240552853,0.09691223060117055,0.09722168,-0.0003094493988294589,216.17630000000003,-6.61142125e-07,2.342186250000001e-14,216.35388462141148
uniaxial,4,0.2,262.78524951056914,263.4046037682861,-0.0023513418097346633,0.19624112416526196,0.1970995,-0.000858375834738051,263.4046,-3.7682856250000003e-06,-5.436745124999999e-14,263.4156918337441
uniaxial,5,0.3,291.97910846387566,292.76660468559834,-0.0026898430665217702,0.2958229418325114,0.2972793,-0.001456358167488625,292.7666,-4.685598375e-06,5.16206685e-13,292.7766113689449
uniaxial,6,0.4,316.9220423636289,317.9166055258146,-0.0031283775207046013,0.39546555683864865,0.3975532,-0.002087643161351349,317.9166,-5.525813875e-06,-9.48548375e-15,317.9194972254371
uniaxial,7,0.5,340.844980569371,342.0676064042993,-0.0035742227911614603,0.49512270477120834,0.4978721,-0.00274939522879164,342.06759999999997,-6.404298125e-06,4.1453477e-13,342.06783943873234
uniaxial,8,0.4,363.49399929287495,363.36679123587083,0.00035008168074868775,0.5850617819775054,0.5872171,-0.00215531802249469,-363.3668,-8.76412875e-06,-1.03433531e-13,363.3668959104493
uniaxial,9,0.3,387.28195660056787,386.89749006497186,0.000993716799588028,0.6847231881778006,0.686162,-0.001438811822199404,-386.8975,-9.935029249999999e-06,4.3037585625e-13,386.8975069570073
uniaxial,10,0.2,411.0594192207391,410.40608882180567,0.001591912051814308,0.7843848215743605,0.7850789,-0.0006940784256395105,-410.40610000000004,-1.1178193749999999e-05,-1.5429386375e-13,410.4060937221775
uniaxial,11,0.1,434.83853700484354,433.90438750558434,0.0021528924946562877,0.884046509184376,0.8839679,7.86091843759662e-05,-433.90439999999995,-1.2494414999999998e-05,-7.173558125000003e-14,433.90434626402885
uniaxial,12,0.0,458.62221053326635,457.39508611624757,0.0026828543949571648,0.9837082097307137,0.982829,0.0008792097307137592,-457.39510000000007,-1.3883752500000001e-05,3.130144975e-13,457.3950761276147
shear,0,0.002,91.16055362599323,91.16059039001968,-4.0328859532232324e-07,0.0,0.0,0.0,0.08236377,-0.022899345000000005,52.63156,100.0
shear,1,0.01,108.63376615898159,108.09791339181942,0.004957105556884141,0.00439746495049605,0.004404261,-6.796049503949436e-06,0.271544875,-0.03514258175,62.410115000000005,108.64674179411506
shear,2,0.05,146.28589041560937,145.95211116486905,0.002286909371001014,0.02701439893229184,0.027018755,-4.356067708159023e-06,0.629273075,-0.06251042750000002,84.26455,146.29221256856704
shear,3,0.1,181.2180971717959,180.92782087993498,0.001604376211735559,0.05543907366590775,0.055443205,-4.13133409225136e-06,0.9774162499999999,-0.0948139125,104.4569,181.22299723086388
shear,4,0.2,226.06956644286208,225.94104386806558,0.0005688323493431071,0.11260314651569919,0.11260765,-4.503484300810712e-06,1.75912625,-0.16580454999999997,130.4424,226.08474002281238
shear,5,0.3,253.4280761413307,253.45573058308102,-0.00010910955410909395,0.16997959263537357,0.16999375,-1.4157364626427027e-05,2.1419935000000003,-0.1995223,146.3265,253.5048643753032
shear,6,0.4,272.9608720554895,273.2024033073764,-0.0008840744040423161,0.22742837512437414,0.22747825,-4.987487562585491e-05,2.436791,-0.22574257500000003,157.726,273.2109028636081
shear,7,0.6,303.1284249743382,304.3524253835614,-0.004021654855158972,0.34221783497830105,0.3425504,-0.0003325650216989273,3.7332797500000003,-0.34414342499999995,175.70219999999998,304.358619935647
shear,8,0.8,328.823835735209,332.4367465140579,-0.01086796455787156,0.45639835916427574,0.4576616,-0.0012632408357242664,4.2899605,-0.39525027500000004,191.91339999999997,332.4379268002185
shear,9,1.0,352.06698227272324,359.93045912609114,-0.021847211465404654,0.5693426645856989,0.57278055,-0.003437885414301123,4.867717749999999,-0.4484815,207.78330000000003,359.930462389042
