point_id,family,footprint_mm,depth_mm,wall_deg,method,fe_runs,vert_rms_mm,vert_max_mm,vert_bias_mm,normal_rms_mm,normal_max_mm,note,predicted_rms_mm,data_source
truncated_cone-s2026-0000,truncated_cone,15.4035,3.0904,38.6165,uncompensated,1,0.7665,1.4264,-0.5447,0.7658,1.3613,,,SparLab simulation
truncated_cone-s2026-0000,truncated_cone,15.4035,3.0904,38.6165,FE-DA-1,2,0.6583,1.2480,-0.3633,0.6674,1.2056,,,SparLab simulation
truncated_cone-s2026-0000,truncated_cone,15.4035,3.0904,38.6165,FE-DA-2,3,0.6315,1.2034,-0.3006,0.6414,1.1643,,,SparLab simulation
truncated_cone-s2026-0000,truncated_cone,15.4035,3.0904,38.6165,ML-GBM,1,0.6624,1.2499,-0.3698,0.6711,1.2067,,0.6973,SparLab simulation
truncated_cone-s2026-0000,truncated_cone,15.4035,3.0904,38.6165,ML-MLP,1,0.6550,1.2393,-0.3552,0.6639,1.1966,,0.6723,SparLab simulation
truncated_cone-s2026-0001,truncated_cone,18.6630,2.6280,54.0305,uncompensated,1,0.7031,1.2868,-0.3799,0.7036,1.2318,,,SparLab simulation
truncated_cone-s2026-0001,truncated_cone,18.6630,2.6280,54.0305,FE-DA-1,2,0.6997,0.9838,0.0977,0.7099,0.9569,,,SparLab simulation
truncated_cone-s2026-0001,truncated_cone,18.6630,2.6280,54.0305,FE-DA-2,3,0.6859,1.2471,-0.4458,0.6873,1.1974,,,SparLab simulation
truncated_cone-s2026-0001,truncated_cone,18.6630,2.6280,54.0305,ML-GBM,1,0.6990,0.9885,0.0883,0.7090,0.9650,,0.6994,SparLab simulation
truncated_cone-s2026-0001,truncated_cone,18.6630,2.6280,54.0305,ML-MLP,1,0.6507,1.2031,-0.3698,0.6522,1.1573,,0.6856,SparLab simulation
pyramid-s2026-0000,pyramid,18.1074,3.3828,34.6576,uncompensated,1,0.7906,1.4486,-0.6115,0.7729,1.3814,,,SparLab simulation
pyramid-s2026-0000,pyramid,18.1074,3.3828,34.6576,FE-DA-1,2,0.6153,1.1908,-0.2790,0.6163,1.1488,,,SparLab simulation
pyramid-s2026-0000,pyramid,18.1074,3.3828,34.6576,FE-DA-2,3,0.6037,1.1650,-0.2511,0.6055,1.1267,,,SparLab simulation
pyramid-s2026-0000,pyramid,18.1074,3.3828,34.6576,ML-GBM,1,0.6167,1.1902,-0.2860,0.6176,1.1485,,0.6239,SparLab simulation
pyramid-s2026-0000,pyramid,18.1074,3.3828,34.6576,ML-MLP,1,0.5992,1.1642,-0.2397,0.6011,1.1259,,0.6241,SparLab simulation
pyramid-s2026-0001,pyramid,19.3624,2.5797,41.2096,uncompensated,1,0.6991,1.3815,-0.4596,0.7022,1.3321,,,SparLab simulation
pyramid-s2026-0001,pyramid,19.3624,2.5797,41.2096,FE-DA-1,2,0.6147,1.0928,-0.0050,0.6253,1.0698,,,SparLab simulation
pyramid-s2026-0001,pyramid,19.3624,2.5797,41.2096,FE-DA-2,3,0.6476,1.3340,-0.4622,0.6528,1.2858,,,SparLab simulation
pyramid-s2026-0001,pyramid,19.3624,2.5797,41.2096,ML-GBM,1,0.6146,1.0945,-0.0065,0.6253,1.0712,,0.6251,SparLab simulation
pyramid-s2026-0001,pyramid,19.3624,2.5797,41.2096,ML-MLP,1,0.6137,1.0874,-0.0033,0.6243,1.0644,,0.6235,SparLab simulation
dome-s2026-0000,dome,16.4207,2.2654,33.2609,uncompensated,1,0.6537,1.0659,-0.5423,0.6509,1.0445,,,SparLab simulation
dome-s2026-0000,dome,16.4207,2.2654,33.2609,FE-DA-1,2,0.5317,0.8984,-0.3904,0.5340,0.8853,,,SparLab simulation
dome-s2026-0000,dome,16.4207,2.2654,33.2609,FE-DA-2,3,0.4851,0.8335,-0.3191,0.4883,0.8245,,,SparLab simulation
dome-s2026-0000,dome,16.4207,2.2654,33.2609,ML-GBM,1,0.5444,0.9126,-0.4107,0.5463,0.8986,,0.5342,SparLab simulation
dome-s2026-0000,dome,16.4207,2.2654,33.2609,ML-MLP,1,0.5029,0.8641,-0.3568,0.5056,0.8501,,0.4683,SparLab simulation
dome-s2026-0001,dome,20.8086,3.7936,44.4591,uncompensated,1,0.7756,1.3958,-0.4794,0.7638,1.3365,,,SparLab simulation
dome-s2026-0001,dome,20.8086,3.7936,44.4591,FE-DA-1,2,0.6250,1.2529,-0.5023,0.6202,1.1966,,,SparLab simulation
dome-s2026-0001,dome,20.8086,3.7936,44.4591,FE-DA-2,3,0.5546,1.1726,-0.3760,0.5568,1.1352,,,SparLab simulation
dome-s2026-0001,dome,20.8086,3.7936,44.4591,ML-GBM,1,0.5829,1.2034,-0.4325,0.5827,1.1619,,0.5799,SparLab simulation
dome-s2026-0001,dome,20.8086,3.7936,44.4591,ML-MLP,1,0.5980,1.2151,-0.4624,0.5963,1.1727,,0.5726,SparLab simulation
elliptic_cone-s2026-0000,elliptic_cone,21.1944,2.1033,39.1386,uncompensated,1,0.6210,1.2130,-0.4172,0.6264,1.1810,,,SparLab simulation
elliptic_cone-s2026-0000,elliptic_cone,21.1944,2.1033,39.1386,FE-DA-1,2,0.5120,1.0596,-0.2401,0.5206,1.0371,,,SparLab simulation
elliptic_cone-s2026-0000,elliptic_cone,21.1944,2.1033,39.1386,FE-DA-2,3,0.4935,1.0087,-0.1906,0.5023,0.9917,,,SparLab simulation
elliptic_cone-s2026-0000,elliptic_cone,21.1944,2.1033,39.1386,ML-GBM,1,0.5140,1.0563,-0.2437,0.5225,1.0345,target outside the training envelope (override),0.5505,SparLab simulation
elliptic_cone-s2026-0000,elliptic_cone,21.1944,2.1033,39.1386,ML-MLP,1,0.4917,1.0007,-0.1899,0.5003,0.9839,target outside the training envelope (override),0.5287,SparLab simulation
elliptic_cone-s2026-0001,elliptic_cone,16.1465,3.2648,42.0940,uncompensated,1,0.8407,1.5094,-0.5728,0.8433,1.4708,,,SparLab simulation
elliptic_cone-s2026-0001,elliptic_cone,16.1465,3.2648,42.0940,FE-DA-1,2,0.7258,1.3041,-0.3314,0.7394,1.2855,,,SparLab simulation
elliptic_cone-s2026-0001,elliptic_cone,16.1465,3.2648,42.0940,FE-DA-2,3,0.7142,1.2868,-0.2854,0.7279,1.2689,,,SparLab simulation
elliptic_cone-s2026-0001,elliptic_cone,16.1465,3.2648,42.0940,ML-GBM,1,0.7313,1.3194,-0.3514,0.7445,1.3003,,0.7755,SparLab simulation
elliptic_cone-s2026-0001,elliptic_cone,16.1465,3.2648,42.0940,ML-MLP,1,0.7314,1.3175,-0.3511,0.7447,1.2984,,0.7504,SparLab simulation
