r_mm,target_mm,commanded_0_mm,form_0_mm,unload_0_mm,release_0_mm,commanded_1_mm,form_1_mm,unload_1_mm,release_1_mm
0,-3,-3,-2.47984,-2.47829,-2.58797,-3.41203,-2.66664,-2.66664,-2.77778
0.5,-3,-3,-2.51311,-2.51172,-2.62206,-3.37794,-2.69919,-2.69919,-2.81108
1,-3,-3,-2.54808,-2.54668,-2.65686,-3.34314,-2.73223,-2.73223,-2.84412
1.5,-3,-3,-2.5824,-2.58098,-2.691,-3.309,-2.76544,-2.76544,-2.87726
2,-3,-3,-2.62233,-2.6209,-2.73078,-3.26922,-2.79591,-2.79591,-2.90766
2.5,-3,-3,-2.68982,-2.68838,-2.79795,-3.20205,-2.82548,-2.82548,-2.93633
3,-3,-3,-2.7725,-2.77103,-2.8803,-3.1197,-2.85146,-2.85146,-2.96203
3.5,-3,-3,-2.84128,-2.83979,-2.94877,-3.05123,-2.86787,-2.86787,-2.97833
4,-3,-3,-2.89395,-2.89245,-3.00115,-2.99885,-2.87087,-2.87087,-2.98124
4.5,-3,-3,-2.88895,-2.88732,-2.9957,-3.0043,-2.82647,-2.82647,-2.93689
5,-3,-3,-2.78365,-2.78193,-2.88999,-3.11001,-2.695,-2.695,-2.80528
5.5,-2.96975,-2.96975,-2.63156,-2.62985,-2.73752,-3.20199,-2.51119,-2.51119,-2.62121
6,-2.81695,-2.81695,-2.46445,-2.46274,-2.57,-3.0639,-2.30758,-2.30758,-2.41728
6.5,-2.47872,-2.47872,-2.24082,-2.23917,-2.34585,-2.61159,-2.0418,-2.0418,-2.15093
7,-1.99241,-1.99241,-1.96804,-1.96656,-2.0722,-1.91262,-1.74831,-1.74831,-1.85637
7.5,-1.4922,-1.4922,-1.6713,-1.67,-1.77437,-1.21003,-1.45475,-1.45475,-1.56158
8,-0.996747,-0.996747,-1.38182,-1.38066,-1.48348,-0.510015,-1.18992,-1.18992,-1.29537
8.5,-0.506828,-0.506828,-1.12422,-1.12324,-1.22419,-0.00107008,-0.971899,-0.971899,-1.0756
9,-0.176373,-0.176373,-0.901369,-0.900567,-0.999233,0,-0.780229,-0.780229,-0.881684
9.5,-0.0272027,-0.0272027,-0.705882,-0.705258,-0.801715,0,-0.611267,-0.611267,-0.710504
10,0,0,-0.528103,-0.52762,-0.621972,0,-0.455426,-0.455426,-0.552497
10.5,0,0,-0.39408,-0.393704,-0.485332,0,-0.338794,-0.338794,-0.433121
11,0,0,-0.281787,-0.281508,-0.369791,0,-0.242089,-0.242089,-0.333113
11.5,0,0,-0.185287,-0.185097,-0.270029,0,-0.159323,-0.159323,-0.247019
12,0,0,-0.108251,-0.108143,-0.190225,0,-0.0936075,-0.0936075,-0.178365
12.5,0,0,-0.0607433,-0.060683,-0.139569,0,-0.0528702,-0.0528702,-0.134387
13,0,0,-0.0324388,-0.0324047,-0.107487,0,-0.0283052,-0.0283052,-0.10608
13.5,0,0,-0.0177838,-0.0177643,-0.0886222,0,-0.0155419,-0.0155419,-0.0891974
14,0,0,-0.00692572,-0.00691761,-0.0730648,0,-0.00604583,-0.00604583,-0.0751158
14.5,0,0,-0.00315976,-0.00315559,-0.0649067,0,-0.00274384,-0.00274384,-0.0675883
15,0,0,-0.00158114,-0.00157896,-0.0592417,0,-0.0013729,-0.0013729,-0.0623438
15.5,0,0,-0.000576203,-0.000575288,-0.054217,0,-0.000497623,-0.000497623,-0.0576481
16,0,0,-0.00017875,-0.000178465,-0.0492055,0,-0.000153709,-0.000153709,-0.0528512
16.5,0,0,-3.7099e-05,-3.70399e-05,-0.0442267,0,-3.19018e-05,-3.19018e-05,-0.0480366
17,0,0,0,0,-0.0397942,0,0,0,-0.0437911
17.5,0,0,0,0,-0.0357217,0,0,0,-0.0399142
18,0,0,0,0,-0.0316955,0,0,0,-0.0360943
18.5,0,0,0,0,-0.0274961,0,0,0,-0.0320749
19,0,0,0,0,-0.02329,0,0,0,-0.028032
19.5,0,0,0,0,-0.0190428,0,0,0,-0.0239456
