step,increment,t,tool,cx,cy,cz,fx,fy,fz,active_nodes,max_penetration_m
1,1,0.0095435719682916229,tool,0.0046824562827488935,0,0.0050000000000000001,0,0,0,0,0
1,2,0.019087143936583246,tool,0.0046824562827488935,0,0.0040000000000000001,0,0,0,0,0
1,3,0.028436075305456481,tool,0.0045828029701813124,0.00097395286092187062,0.003966666666666667,1.6258847459406724,-4.4303582728871778,26.031717312667702,1,6.0170835422708457e-08
1,4,0.037785287420840148,tool,0.0042765857856380506,0.0019039010473878245,0.0039333333333333338,0.54340783633487622,-7.0053955587690533,79.815504461208633,1,1.822321087328882e-07
1,5,0.047131372249355999,tool,0.0037886477572792506,0.0027523391170950523,0.0039000000000000003,6.3518793764749457,-6.6696910111074574,105.95057265235364,2,1.8083670555620046e-07
1,6,0.056479446218987574,tool,0.0031303103685398287,0.003476860222552738,0.0038666666666666667,9.0205377938716111,-10.917439233100485,130.27400056582184,2,1.8705713527092382e-07
1,7,0.065820820244127706,tool,0.002338594136533281,0.0040514466284646607,0.0038333333333333336,6.0517618656236749,-9.7167003902121287,148.67575137884771,2,1.7961568717344417e-07
1,8,0.075157488025946836,tool,0.0014454178285819067,0.0044492343699074248,0.0038,14.806018228981515,-4.0326866177611214,160.91462627947766,3,2.4639047794313557e-07
1,9,0.084496116048889014,tool,0.00048904256971926067,0.0046535559372288589,0.0037666666666666669,12.546115261946554,-5.785088770784002,177.73037313184241,4,2.0249291032229527e-07
1,10,0.09383596117521216,tool,-0.00048904256971926316,0.0046535559372288589,0.0037333333333333333,24.750663296625724,-1.468330983115024,184.09224686191544,2,2.1228485422904869e-07
1,11,0.10317458919815432,tool,-0.0014454178285819076,0.0044492343699074248,0.0037000000000000002,22.304379991222337,6.2860376486513205,196.59034744584039,3,2.4048970203964515e-07
1,12,0.11251125697997347,tool,-0.0023385941365332841,0.004051446628464659,0.0036666666666666666,26.378834513580728,8.3966151831589144,202.50121687006362,3,2.3770648932813082e-07
1,13,0.12185263100511361,tool,-0.0031303103685398313,0.0034768602225527354,0.0036333333333333335,20.484089110707409,13.215299449184281,216.24421689184169,4,2.2532688206088058e-07
1,14,0.12652666798992937,tool,-0.003459479062909541,0.0031145996698238947,0.0036166666666666665,25.249394437865693,22.077486568661765,209.19617729633455,3,3.2165032186511067e-07
1,15,0.13120070497474515,tool,-0.0037886477572792515,0.0027523391170950532,0.0035999999999999999,27.726265678318558,26.020033846039546,218.05662184828185,3,2.7988324155341082e-07
1,16,0.13587474195956092,tool,-0.0040326686957463031,0.0023280297950741616,0.0035833297861419117,23.31275991960544,30.745174069306206,226.3657100099756,3,2.1860746059025604e-07
1,17,0.14054678980326099,tool,-0.0042765857856380488,0.0019039010473878232,0.0035666666666666668,23.510540817311007,29.371366975215249,226.03402861418004,3,3.0365121541243295e-07
1,18,0.14522082678807677,tool,-0.0044296757389172435,0.0014389835587416849,0.003550002028951278,18.835277987589301,31.90562410196975,222.93010005593692,2,2.9153235596435234e-07
1,19,0.14989486377289254,tool,-0.004582765692196439,0.00097406607009554698,0.0035333373912358897,14.123647318798829,40.319350163346144,226.74198046387221,3,2.612606559574196e-07
1,20,0.14989600191864466,tool,-0.0045828029701813124,0.00097395286092186986,0.0035333333333333336,14.106840130695643,40.322708702853362,226.73231822749361,3,2.6135990045025176e-07
1,21,0.15457003890346044,tool,-0.0046326250568158433,0.00048702109152493414,0.0035166681951822585,10.040650713862426,45.733355201400151,234.87366446001676,3,2.4223341671143067e-07
1,22,0.15924407588827622,tool,-0.0046824471434503733,8.9322127998396989e-08,0.0035000030570311834,9.4081082842669304,39.876385589341886,249.09098411248215,4,2.2633673440238672e-07
1,23,0.1592449332875179,tool,-0.0046824562827488935,-1.7341816717995267e-18,0.0035000000000000001,9.4219686493286439,39.895561180086702,249.08418613865848,4,2.2614955991814151e-07
1,24,0.16391897027233368,tool,-0.0046326341961143627,-0.00048693176939693664,0.0034833348618489249,0.75086999819295208,35.184327620530048,241.64012248888145,4,2.6158020591596221e-07
1,25,0.16859300725714946,tool,-0.0045828121094798318,-0.00097386353879387155,0.0034666697236978494,2.3725540849870388,39.998483550877708,236.90020883336427,2,2.9136906671417551e-07
1,26,0.16859386465639115,tool,-0.0045828029701813116,-0.0009739528609218717,0.0034666666666666665,2.3778690753799676,39.994070695902387,236.90319448726609,2,2.9138255366791682e-07
1,27,0.17560492013361481,tool,-0.0043531680402625192,-0.0016713290938910785,0.0034416697100935834,-6.9907641136753593,40.337201229110605,252.39732052628599,4,3.0970924017829221e-07
1,28,0.17794307677177479,tool,-0.0042765857856380488,-0.0019039010473878219,0.0034333333333333334,-18.029341496013846,46.780354056670298,247.3701211710607,4,2.9503225425220325e-07
1,29,0.18495413224899845,tool,-0.0039105543779374714,-0.0025403650304191604,0.0034083280125462015,-15.473452223404976,42.505580269774235,257.8730569145423,3,2.5972375533069025e-07
1,30,0.18728916160029063,tool,-0.0037886477572792515,-0.0027523391170950532,0.0034000000000000002,-18.246479759587579,45.689642884578333,252.71988177650783,3,3.0359549070286401e-07
1,31,0.1943002170775143,tool,-0.0032948947157246879,-0.0032957299461883142,0.0033750000000000004,-19.810924702063534,36.829093432723859,264.36692298353216,3,2.8717778521522574e-07
1,32,0.19663723556992224,tool,-0.0031303103685398296,-0.0034768602225527388,0.0033666666666666667,-35.059714259975927,44.911156002424775,257.32342622925592,3,2.5402495750989629e-07
1,33,0.20364829104714591,tool,-0.0025360973106023348,-0.0039081091113634643,0.0033416487358342395,-37.726397303039455,32.438040049743257,272.08604395473208,4,3.0302218731979857e-07
1,34,0.20597860959506237,tool,-0.0023385941365332806,-0.0040514466284646625,0.0033333333333333335,-40.285103668735303,29.983008660480643,267.67481360333085,4,3.0226510593523576e-07
1,35,0.21298966507228603,tool,-0.0016678935405259111,-0.0043501519041140146,0.0033083027919558342,-41.28319603413469,37.067301587063454,275.3350244439589,3,2.8079285668575898e-07
1,36,0.2153152773768815,tool,-0.0014454178285819061,-0.004449234369907424,0.0033,-49.596326227772948,27.119749933321444,273.49743223482892,4,2.9273465398070575e-07
1,37,0.22232633285410516,tool,-0.00072741086005746205,-0.0046026305476076839,0.0032749747127022669,-48.937248369182036,16.736379882593784,284.24842477266645,4,2.7814597037666838e-07
1,38,0.22465390539982369,tool,-0.00048904256971926154,-0.0046535559372288589,0.0032666666666666669,-53.054804662586527,13.754411837378306,270.88688995518828,4,2.9732111184090776e-07
1,39,0.23166496087704735,tool,0.0002451675891542315,-0.0046535559372288598,0.0032416446404895808,-55.603553000345393,10.336462597244205,276.89123952779647,4,3.0552209642244199e-07
1,40,0.23399375052614679,tool,0.00048904256971925818,-0.0046535559372288598,0.0032333333333333333,-70.413077310804141,8.15091733667537,276.81804002247333,5,2.6792527870259097e-07
1,41,0.24100480600337046,tool,0.0012070495382437039,-0.004500159759528599,0.0032083080460356002,-60.060957619055344,0.65206020325256198,294.66595920212637,4,2.2917482835754788e-07
1,42,0.24333237854908893,tool,0.0014454178285818993,-0.0044492343699074257,0.0032000000000000002,-60.111603059754003,-4.0503658804961606,286.14758560103968,4,2.9430049931691155e-07
1,43,0.25034343402631259,tool,0.0021673239777546881,-0.004315147962903886,0.0031762722434595502,-61.101469622255621,-2.2483748053072432,300.83083019714024,4,2.8384117819416771e-07
1,44,0.25318168094067345,tool,0.0024595692619353753,-0.0042608665024059826,0.0031666666666666666,-72.24492822427797,-8.594012967346254,294.11729879321888,4,2.8650433370278755e-07
1,45,0.26019273641789709,tool,0.0030310131539743679,-0.0037998113401618294,0.003142777865809525,-56.500401760944825,-26.985087017023709,307.25612705089543,5,2.639810862091474e-07
1,46,0.26296458509891713,tool,0.0032569357705576956,-0.0036175313471571227,0.0031333333333333335,-54.061766436054207,-37.49687501008826,297.30137787929095,4,2.9077187951864758e-07
1,47,0.26997564057614076,tool,0.0037241659207763087,-0.0030511354487998063,0.0031092017723033495,-51.803392837982578,-43.833142031067894,307.92667002865647,4,2.9055362256880796e-07
1,48,0.27264907459176052,tool,0.0039023286782634615,-0.0028351591145809266,0.0030999999999999999,-51.747501808288519,-39.953030339435699,308.61024657753097,5,3.2545460150641692e-07
1,49,0.27966013006898416,tool,0.0042391352891836169,-0.0021827340318575339,0.0030756386071641903,-47.77371925393772,-47.019180066068252,316.12611269756661,5,2.8966573080695807e-07
1,50,0.28224219805624734,tool,0.004363176180142295,-0.0019424555280487599,0.0030666666666666668,-45.24248605219244,-64.041141294361665,304.90138074837313,4,2.4154124576760555e-07
1,51,0.28925325353347098,tool,0.0045582946199175505,-0.0012346320270539921,0.0030420629050392821,-36.157127410227957,-61.019574835664578,322.38944025301987,5,2.5091685566368954e-07
1,52,0.29174082077825719,tool,0.0046275238880663346,-0.00098349172986413936,0.0030333333333333332,-38.448418380644313,-68.233117851798724,319.58277263073961,4,2.4732945442390575e-07
1,53,0.29875187625548083,tool,0.0046684693110252556,-0.00025041819304498118,0.0030084873851482742,-23.159925227295766,-65.829754124358843,330.86981409734722,5,2.5494677676103639e-07
1,54,0.30114685541618347,tool,0.0046824562827488918,0,0.0030000000000000001,-24.012309674805486,-76.557805229775369,317.43805976892679,5,2.7513827727514845e-07
1,55,0.30815791089340711,tool,0.004573985070986073,0.00072615178259310465,0.0029749352031205392,-8.9566763656610942,-68.945921977624764,323.70599312008073,4,2.9614977536691206e-07
1,56,0.31047076298123116,tool,0.0045382018897789853,0.00096569940447452417,0.0029666666666666669,-4.9470899634959729,-87.929686356727615,319.70068213409934,5,2.5346030580863238e-07
1,57,0.3174818184584548,tool,0.0042764606349953377,0.0016516589326470757,0.0029413348597707237,9.3878420610131386,-74.301803208774629,342.75203668154603,5,2.3198793602536433e-07
1,58,0.31969639185961241,tool,0.0041937847493583548,0.0018683321183459451,0.0029333333333333334,11.983819037191077,-77.895178089909493,335.84988837941677,4,2.6291185316763138e-07
1,59,0.32670744733683604,tool,0.0037983751439902079,0.0024869476882004578,0.0029077075669404653,21.026965268113038,-68.270812421581979,347.58113658366671,5,2.9920029518716584e-07
1,60,0.32881619127001471,tool,0.0036794461740013921,0.0026730112322899922,0.0029000000000000002,34.313447277145869,-77.098301163176544,337.66712527310051,5,2.6268540959020065e-07
1,61,0.33582724674723835,tool,0.0031641359056879237,0.003195969587279677,0.0028742989201739695,36.35559185030742,-64.16553287157349,357.87571271898304,6,3.1705321159886807e-07
1,62,0.33790926637902585,tool,0.0030111081485155919,0.0033512685383766932,0.0028666666666666667,42.943422516170394,-69.954222746833835,346.20494194513367,4,2.8337915540087993e-07
1,63,0.34492032185624949,tool,0.0023988067257304344,0.003756340128496783,0.00284031076182746,51.215725812904353,-59.816407041053495,353.79867324313574,5,2.9256788219161889e-07
1,64,0.34677641970449763,tool,0.0022367068312134316,0.0038635782625053993,0.0028333333333333335,50.983096947412349,-71.156841918259204,351.69495637629331,5,2.9360073595854214e-07
1,65,0.35378747518172127,tool,0.0015530520738383357,0.0041312285467582375,0.0028074459378517455,52.539596572118782,-51.894933911868335,364.28672047175354,4,2.5560338334611188e-07
1,66,0.35580405052224473,tool,0.0013564138744070415,0.0042082122427027037,0.0028,72.06576286379817,-53.12363548111793,350.17981617345197,5,2.8818034288145139e-07
1,67,0.36281510599946837,tool,0.00063154735445867887,0.0043245325103780262,0.0027730040230230547,70.689841679888147,-37.557913283045607,368.60795622376833,6,2.5570183404943075e-07
1,68,0.36446096445576787,tool,0.00046138357592046686,0.0043518389119340251,0.0027666666666666668,75.557717468632887,-33.507721275360204,361.03386104180902,6,3.065940028584499e-07
1,69,0.3714720199329915,tool,-0.00027201833259347941,0.0043186036124866862,0.0027400637599497564,79.122244441975667,-19.836676737829684,370.43996553005815,5,2.7989855099115613e-07
1,70,0.37324578829955612,tool,-0.00045756601646593757,0.0043101952176302335,0.0027333333333333333,89.780068748180838,-17.914550807108515,367.88803449715709,6,2.7812363254803296e-07
1,71,0.38025684377677976,tool,-0.0011686229714093143,0.0041276550067108134,0.0027056252584960806,83.737458075079516,-1.7856776002288193,388.54880310596059,5,2.5341338827280374e-07
1,72,0.38168021943970099,tool,-0.0013129808598763538,0.0040905959227296243,0.0027000000000000001,83.18826818411064,-4.0106247623225784,376.68826298808068,4,2.7541382965727557e-07
1,73,0.38869127491692462,tool,-0.0019689930216650487,0.0037610019399465758,0.0026734197576088838,73.578851620577836,18.685482137623804,393.47397461750461,6,2.8169164193164037e-07
1,74,0.39047253388898157,tool,-0.0021356622988888138,0.0036772638721370232,0.0026666666666666666,94.222244953983079,19.050843594774122,382.68425067125492,5,2.7492671091783327e-07
1,75,0.3974835893662052,tool,-0.0027078368773630224,0.003217370763257143,0.0026382899272538447,76.723025760248149,26.375241145817132,403.80951639838884,6,3.1113993224050895e-07
1,76,0.39870821755372249,tool,-0.0028077791926473129,0.0031370407664101799,0.0026333333333333334,83.880080640631633,35.3871033449159,394.7251077900969,5,2.7382492118199764e-07
1,77,0.40571927303094613,tool,-0.003273148585150926,0.0025692690535486658,0.0026058147980859217,71.41881951676605,47.730254854687004,412.98300020360585,7,3.0820758354851985e-07
1,78,0.40720074257875155,tool,-0.0033714833630904984,0.002449296175650009,0.0025999999999999999,76.931986373963269,52.9161879278752,401.05560337389551,5,2.9270711309273278e-07
1,79,0.41421179805597519,tool,-0.0037082068284161125,0.0017969930577182212,0.0025715639415068428,60.619530832457144,57.458943249074608,408.79711735834684,6,3.1950462982006239e-07
1,80,0.4154192461838494,tool,-0.0037661975431008765,0.0016846530283015457,0.0025666666666666667,67.762685319210561,61.389883182167139,403.09936792953818,5,3.0595835789643672e-07
1,81,0.42243030166107304,tool,-0.0039610429127238085,0.00097691133652245965,0.0025378979537789442,52.399790200478165,67.744332031143259,411.43195632021468,6,3.166122609877739e-07
1,82,0.42354271872684668,tool,-0.0039919582741925145,0.00086461669862489536,0.0025333333333333336,44.592402192392292,92.488346811158081,407.88247237147306,6,2.3319552501423896e-07
1,83,0.43055377420407032,tool,-0.0040350346825225461,0.00013178869876159473,0.0025050808139981257,26.162140811268973,78.423364633778746,424.39013021817709,5,2.7406394676951495e-07
1,84,0.43181461287079842,tool,-0.0040427813622375642,-1.7339398048664678e-18,0.0025000000000000001,29.944553572778879,88.428189040440259,415.5364686223615,6,2.856940453958498e-07
1,85,0.43882566834802206,tool,-0.0039292820338288608,-0.00072525757096299757,0.0024715391953966642,3.1262324462357451,85.446185450576721,426.93239489645799,7,3.3498946958639836e-07
1,86,0.4400259706485542,tool,-0.0039098507933486805,-0.00084942266047530657,0.0024666666666666665,2.5006353906871475,94.164047998452844,423.00931875070376,5,3.0179441602978113e-07
1,87,0.44703702612577784,tool,-0.0036451340684799257,-0.0015340652133665215,0.0024369969930518915,-14.244606726889602,82.625837124855707,433.71817486274159,6,3.1379450702445633e-07
1,88,0.44790276269807666,tool,-0.0036124464152781288,-0.0016186059931272137,0.0024333333333333334,-18.811797317195303,109.75935282769711,423.52651125790703,6,2.5347266128378232e-07
1,89,0.4549138181753003,tool,-0.0032128982776088374,-0.0022343577937347179,0.0024033055974769478,-39.22993456170822,81.635675399133319,442.87678557954001,6,3.4380497323984599e-07
1,90,0.45568562885750064,tool,-0.0031689140983781625,-0.0023021427112605965,0.0024000000000000002,-44.246543382406799,93.361280324443669,436.44577737593329,6,2.6820526040968046e-07
1,91,0.46269668433472427,tool,-0.0026502096853573721,-0.0028215479269791941,0.0023707662355465812,-57.912683206586536,75.447845558282992,452.22863047882333,7,3.6338673916648523e-07
1,92,0.46367987296565061,tool,-0.0025774696701984403,-0.0028943862185313515,0.0023666666666666667,-61.521617635616877,80.617076926336608,445.02091668744191,5,2.8046668696518617e-07
1,93,0.47069092844287425,tool,-0.0019619930134664896,-0.0032942033265518059,0.0023346444190992478,-73.670205321281202,64.446988055214831,453.92586742015777,7,3.4455130598545075e-07
1,94,0.47097798184288531,tool,-0.0019367935741643335,-0.0033105730244685754,0.0023333333333333335,-78.230740970419731,69.188094627833465,448.85941777674464,6,3.0382184225321435e-07
1,95,0.47798903732010894,tool,-0.0012523697166138498,-0.0035759719040408342,0.0023047312857746695,-85.386784851957898,45.432646060461686,456.54113690616089,6,3.0835866476810331e-07
1,96,0.47914879020062462,tool,-0.0011391538758796739,-0.0036198735841900618,0.0023,-88.047489216642703,50.377904607369857,446.98200793216256,5,3.067891857742866e-07
1,97,0.48615984567784826,tool,-0.00041303926483520631,-0.0037264745262048679,0.0022670687082498001,-95.083840870119388,25.256009315581206,462.21991703834868,5,3.4372612967275423e-07
1,98,0.48624544012901283,tool,-0.00040417449663920002,-0.0037277759635070008,0.0022666666666666668,-97.691801522971446,24.758002147794532,462.26551124327835,5,3.3241157804727445e-07
1,99,0.49325649560623647,tool,0.00032885503020687646,-0.0036898814596413661,0.0022362959812013928,-105.20866488807565,0.88938536258958623,460.74448113271148,5,3.0100955229501319e-07
1,100,0.49394042118263459,tool,0.00040036175887187014,-0.0036861848663847846,0.0022333333333333333,-114.60969011358637,-1.8514055613886455,463.82688212916378,6,3.0002565099256778e-07
1,101,0.49737642493924661,tool,0.00074808073983804839,-0.0035943278407460236,0.0022166666666666667,-108.58737694875057,-6.005873351371612,458.86666512681006,5,3.5134906805050353e-07
1,102,0.50081242869585862,tool,0.0010957997208042266,-0.0035024708151072631,0.0022000000000000001,-114.04297727561773,-33.295474475008469,467.32942215518869,6,3.3577504614940024e-07
1,103,0.50424843245247064,tool,0.0014165734787226583,-0.0033396212550537499,0.0021855709431218033,-108.73072929838992,-54.869634040904998,481.77657482123129,6,2.8927224278354341e-07
1,104,0.50768443620908266,tool,0.0017373472366410899,-0.0031767716950002363,0.0021711418862436068,-116.69849628772755,-43.624539801691895,472.41683573440577,5,3.3225249729609829e-07
1,105,0.5087501241059309,tool,0.0018368362755521732,-0.0031262633668815232,0.0021666666666666666,-111.94909021936394,-41.387412490981582,467.36937615722991,4,3.1523948257772966e-07
1,106,0.51218612786254292,tool,0.0021144136437952275,-0.0028976145139326249,0.0021495060330668069,-110.41264726375034,-75.81451883357019,490.34091743449977,7,3.278645713091291e-07
1,107,0.51380522475414103,tool,0.0022452122941853713,-0.0027898717193083058,0.0021414196832000702,-106.4962094298136,-78.282719772226685,485.05466251049768,5,3.1071713322335798e-07
1,108,0.51542432164573915,tool,0.0023760109445755146,-0.0026821289246839876,0.0021333333333333334,-106.07593248003688,-76.424549820638816,488.3314089099905,6,3.3187332751372089e-07
1,109,0.51704341853733726,tool,0.0024829689288147824,-0.002550641382128373,0.0021260393939543012,-86.513296673366739,-81.564841399244472,480.6644715060786,5,3.1540016282114586e-07
1,110,0.51866251542893538,tool,0.0025899269130540501,-0.0024191538395727592,0.0021187454545752689,-84.149129392847271,-89.442092461806979,476.16750458535097,5,3.727864257884253e-07
1,111,0.52028161232053349,tool,0.0026968848972933183,-0.0022876662970171451,0.0021114515151962367,-103.37318693464195,-108.91365576635908,484.39535770794242,6,2.5461304638957349e-07
1,112,0.52190070921213161,tool,0.002803842881532586,-0.0021561787544615305,0.0021041575758172044,-97.982071803482967,-101.31924860070376,489.69151923430786,5,3.2888387050018786e-07
1,113,0.52282360118208271,tool,0.0028648093779101718,-0.0020812303077052631,0.0020999999999999999,-95.606207019384811,-99.340146483832697,494.37798138741653,6,3.5340236614455484e-07
1,114,0.52444269807368082,tool,0.0029413786331567923,-0.0019300415294377369,0.0020921713175783311,-76.130371964204897,-108.91764563990367,481.53321962076257,6,3.0847547279923282e-07
1,115,0.52606179496527894,tool,0.0030179478884034125,-0.0017788527511702107,0.0020843426351566624,-71.764419840702544,-110.16583662611765,494.19842710988951,5,3.5025672786605233e-07
1,116,0.52768089185687705,tool,0.0030945171436500326,-0.0016276639729026843,0.0020765139527349936,-69.225031937004189,-116.65137289434381,494.6791773692496,7,3.5838382557787374e-07
1,117,0.52929998874847517,tool,0.0031710863988966532,-0.0014764751946351579,0.0020686852703133249,-59.380963111478827,-124.23961603826243,487.06901664895759,7,3.0702737930515811e-07
1,118,0.52971746830807853,tool,0.0031908295650563785,-0.0014374915952621785,0.0020666666666666667,-64.78414350922796,-125.71910149811924,488.51589686696497,5,3.1407190849604139e-07
1,119,0.53133656519967665,tool,0.0032352364915153144,-0.0012739459642834316,0.0020587270658113388,-52.270068933575814,-115.88508447583089,501.15174509081237,5,3.6555230558798363e-07
1,120,0.53295566209127476,tool,0.0032796434179742503,-0.0011104003333046847,0.0020507874649560113,-48.695111794109543,-130.88670199583143,515.04696016649279,6,3.4874640869857892e-07
1,121,0.53457475898287288,tool,0.0033240503444331862,-0.00094685470232593809,0.0020428478641006833,-51.936455721923878,-133.7240435149796,505.50263096191929,7,3.0059713139463096e-07
1,122,0.53619385587447099,tool,0.0033684572708921222,-0.00078330907134719111,0.0020349082632453558,-49.3162457819992,-128.49070650522475,500.69665791321142,6,3.4627401651436684e-07
1,123,0.53651502619165758,tool,0.0033772660004561823,-0.00075086752788645352,0.0020333333333333332,-46.959679665634653,-126.43489837281416,503.45139334872778,5,3.5889683482753787e-07
1,124,0.5381341230832557,tool,0.0033861800198437516,-0.00058161543336430425,0.0020258197090593523,-24.583657458867524,-136.06634863430185,514.87385845921233,7,3.5292870357011424e-07
1,125,0.53975321997485382,tool,0.0033950940392313204,-0.00041236333884215481,0.0020183060847853715,-20.17370621874359,-149.15673268922467,514.6594449327057,6,2.6051740888762692e-07
1,126,0.54137231686645193,tool,0.0034040080586188893,-0.0002431112443200054,0.0020107924605113907,-22.04706582069683,-136.06414176231948,514.58633047399655,6,3.3394420704234429e-07
1,127,0.54299141375805005,tool,0.0034129220780064586,-7.3859149797856084e-05,0.0020032788362374099,-19.012037922052819,-132.06367402720034,511.58763793119459,7,3.7211045428916373e-07
1,128,0.54369796406805604,tool,0.0034168120262821726,0,0.002,-19.275773858508845,-132.77846823243033,510.43927979171883,6,3.5090590746935518e-07
1,129,0.54531706095965415,tool,0.0033833653175529754,0.00016613204749911699,0.0019920221393567661,7.6365833209556229,-154.43656291434812,517.94510750186475,6,2.5407935452196467e-07
1,130,0.54693615785125227,tool,0.0033499186088237769,0.00033226409499823397,0.0019840442787135318,12.268760079078614,-143.85184876119058,517.61880141868767,7,3.25441105149607e-07
1,131,0.54855525474285038,tool,0.0033164719000945793,0.00049839614249735096,0.0019760664180702978,24.382565136112248,-137.422322411256,510.09331357986167,7,3.5470929280693314e-07
1,132,0.5501743516344485,tool,0.0032830251913653816,0.00066452818999646794,0.0019680885574270635,30.866219831410511,-139.77999387673052,506.20000713229967,5,3.5624422840135894e-07
1,133,0.55179344852604661,tool,0.003249578482636184,0.00083066023749558493,0.0019601106967838296,19.990221127801384,-149.05312906689818,508.5401253520871,6,3.4064649097505229e-07
1,134,0.55292290751412576,tool,0.0032262465338245409,0.00094655159349137194,0.0019545454545454545,24.845012957944476,-154.5191172173293,510.16931154235533,6,3.2317232301695697e-07
1,135,0.55454200440572388,tool,0.0031467721306730522,0.0010962218204056554,0.0019464938577690998,43.589397982095598,-136.82653233013045,499.72832375739699,6,3.2184232666692542e-07
1,136,0.55616110129732199,tool,0.0030672977275215639,0.0012458920473199389,0.0019384422609927453,55.792023843838393,-130.83370204705983,528.09516083614051,6,3.668699634657574e-07
1,137,0.55778019818892011,tool,0.0029878233243700752,0.0013955622742342223,0.0019303906642163908,73.032810946007302,-144.75491244800668,535.1770204729163,7,2.9578841466860323e-07
1,138,0.55939929508051822,tool,0.0029083489212185865,0.0015452325011485056,0.0019223390674400359,76.800956017213977,-137.02199941351938,522.04283896897994,7,3.2472619592403829e-07
1,139,0.56101839197211634,tool,0.0028288745180670982,0.0016949027280627892,0.0019142874706636814,65.440227440437098,-138.00901845572622,527.51125216348521,7,3.419355106759267e-07
1,140,0.56206336937513068,tool,0.0027775811360327561,0.0017915010266828803,0.0019090909090909091,63.663201014407463,-135.62733698621321,527.07986118759061,6,3.1702101753201123e-07
1,141,0.5636824662667288,tool,0.0026585901380343736,0.0019121429171589143,0.0019007925689420956,84.845820072859908,-121.29133799497107,525.07368464665615,5,3.2942532513131895e-07
1,142,0.56530156315832691,tool,0.0025395991400359915,0.0020327848076349482,0.0018924942287932823,89.283922497844145,-126.25626730426367,529.51982468023698,7,3.5350309914895794e-07
1,143,0.56692066004992503,tool,0.002420608142037609,0.0021534266981109822,0.0018841958886444687,107.59982571049767,-130.60465920470327,537.56615469200472,7,2.9868195539160119e-07
1,144,0.56853975694152314,tool,0.0023016171440392265,0.0022740685885870161,0.0018758975484956552,106.02522246118509,-115.39557931729136,539.71965577700348,6,3.4096645133967901e-07
1,145,0.57015885383312126,tool,0.0021826261460408444,0.0023947104790630501,0.0018675992083468417,109.29083943848249,-109.04261587494418,541.33694119522454,6,3.3983882365834495e-07
1,146,0.57093204816325949,tool,0.0021258023911023567,0.0024523226122079387,0.0018636363636363638,106.12139514853224,-105.29213680013339,537.46410995355302,6,3.2227915409532154e-07
1,147,0.5725511450548576,tool,0.001977777018211729,0.0025347991013765238,0.00185537177008779,117.881651875088,-83.321574827445929,530.75182350445004,6,3.5207828757554543e-07
1,148,0.57417024194645572,tool,0.0018297516453211018,0.002617275590545109,0.0018471071765392166,133.70991641640765,-93.808789505067637,547.00848182567313,8,3.4610538359944321e-07
1,149,0.57578933883805383,tool,0.0016817262724304742,0.0026997520797136941,0.0018388425829906428,137.59691819182845,-102.91183469609061,541.27134546268144,6,2.9701973923348252e-07
1,150,0.57740843572965195,tool,0.0015337008995398467,0.0027822285688822793,0.001830577989442069,127.08343274829254,-98.408703228070578,539.75075203268875,6,3.3478026192652194e-07
1,151,0.57902753262125006,tool,0.0013856755266492193,0.0028647050580508644,0.0018223133958934954,129.49140105012279,-93.432332800075699,539.60777790253303,7,3.0282951755597476e-07
1,152,0.57983694019720122,tool,0.0013116757191809899,0.002905936126751771,0.0018181818181818182,135.56892976342203,-90.199241362396634,537.56843511006309,8,3.2161679148785122e-07
1,153,0.58145603708879934,tool,0.0011464014056743585,0.0029432135873712021,0.0018094081065279349,158.10604389224827,-59.515533640552846,548.56701392511036,6,3.3906643595940644e-07
1,154,0.58307513398039745,tool,0.00098112709216772683,0.0029804910479906323,0.0018006343948740516,159.98178979702772,-51.595708737367325,540.32036595978946,7,3.2391699116268019e-07
1,155,0.58469423087199557,tool,0.00081585277866109518,0.0030177685086100635,0.0017918606832201681,150.14362818530984,-50.895201932866691,531.27684485308873,6,3.278458611420329e-07
1,156,0.58631332776359368,tool,0.00065057846515446352,0.0030550459692294937,0.0017830869715662848,155.70618334548143,-50.336040005020479,548.44430569254405,6,3.4913998875514551e-07
1,157,0.5879324246551918,tool,0.00048530415164783192,0.0030923234298489248,0.0017743132599124015,162.31271055495006,-44.334478354019254,558.88602827015097,7,3.5360249333541566e-07
1,158,0.58822510203311995,tool,0.00045542820477460246,0.0030990619206004858,0.0017727272727272728,167.59583982332583,-45.604364839922319,559.71105274716274,7,3.3428436085631424e-07
1,159,0.58984419892471807,tool,0.00028632202241032716,0.0030884277621831,0.0017642302407488257,166.77852136307482,-14.279654265440278,557.85187103533667,8,3.0783139440271334e-07
1,160,0.59146329581631618,tool,0.00011721584004605187,0.0030777936037657142,0.0017557332087703788,157.25240672349972,-9.6710408251756519,561.73792040131571,8,3.4672756577761726e-07
1,161,0.5930823927079143,tool,-5.1890342318223429e-05,0.0030671594453483284,0.0017472361767919315,177.31098425369319,6.0070089689606512,558.63895198220371,7,3.1984715311104278e-07
1,162,0.59470148959951241,tool,-0.00022099652468249875,0.0030565252869309426,0.0017387391448134843,178.79459996552904,10.779178628615014,569.36130361406788,7,3.3921452858264034e-07
1,163,0.59632058649111053,tool,-0.00039010270704677402,0.0030458911285135564,0.001730242112835037,166.73141131529181,9.3728239408690168,569.38165954744989,7,3.2514255129435787e-07
1,164,0.59688639852360459,tool,-0.00044919880762442365,0.0030421748995347795,0.0017272727272727272,160.80420580130144,9.0537908784925225,567.14225417480043,6,3.4324139036329832e-07
1,165,0.5985054954152027,tool,-0.00060827887539868092,0.0029839484058077331,0.0017180318800875632,171.6215814218198,44.488443311136962,583.84633571362667,7,2.9474289723382258e-07
1,166,0.60012459230680082,tool,-0.00076735894317293807,0.0029257219120806871,0.0017087910329023994,173.79517874698988,48.881278087879878,583.05269645023964,7,3.0123006768221355e-07
1,167,0.60174368919839893,tool,-0.00092643901094719523,0.0028674954183536411,0.0016995501857172354,168.57049500517499,45.073990072484357,574.75949699070259,9,3.2684826845041925e-07
1,168,0.60336278608999705,tool,-0.0010855190787214526,0.0028092689246265951,0.0016903093385320716,166.16856890629481,47.650757068470938,573.10944420087117,6,3.1340238182495789e-07
1,169,0.60485052906053371,tool,-0.0012316933156135041,0.0027557662237129355,0.0016818181818181819,168.75093604701979,46.301139719766169,589.22258578334254,7,3.2123495898560284e-07
1,170,0.60646962595213183,tool,-0.0013684970854050869,0.002655815862388577,0.0016730523599258022,160.93883665931904,71.177999562421519,576.00085562914899,7,3.4287014582905229e-07
1,171,0.60727917439793089,tool,-0.0014368989703008781,0.002605840681726397,0.0016686694489796122,165.45832561432746,81.88804900071672,576.24848113393739,9,3.1019344026890494e-07
1,172,0.60808872284372995,tool,-0.0015053008551966698,0.0025558655010642179,0.0016642865380334221,166.50273193273384,96.517359759310295,579.39734013357543,8,2.9969155810900122e-07
1,173,0.608898271289529,tool,-0.001573702740092461,0.0025058903204020384,0.0016599036270872323,159.14919974183059,99.576995889537542,582.5974624342681,6,3.064784561690459e-07
1,174,0.60970781973532806,tool,-0.0016421046249882523,0.0024559151397398589,0.0016555207161410425,150.36354702416492,97.997431559352236,587.62379874241412,6,3.3685266300886169e-07
1,175,0.61051736818112712,tool,-0.0017105065098840437,0.0024059399590776794,0.0016511378051948524,142.29457438023553,95.73740294186446,591.47512386843778,7,3.6004177856978348e-07
1,176,0.61132691662692618,tool,-0.0017789083947798352,0.0023559647784155003,0.0016467548942486624,143.24548383624807,100.41898018185773,593.27800765967015,7,3.2970012148712813e-07
1,177,0.61213646507272523,tool,-0.0018473102796756264,0.0023059895977533208,0.0016423719833024725,151.5070674869911,100.79100680383866,592.74424079349353,8,2.998809661052329e-07
1,178,0.61294601351852429,tool,-0.0019157121645714179,0.0022560144170911413,0.0016379890723562827,160.44780622555558,104.52028362149724,585.95600512155852,8,2.9590908584477965e-07
1,179,0.61324624074142431,tool,-0.0019410795259071809,0.0022374807397281724,0.0016363636363636363,161.56162311982828,104.10240062791098,581.66038221269525,7,3.0139907433984064e-07
1,180,0.61405578918722337,tool,-0.001992138095904586,0.0021699090660270855,0.0016316057176032084,141.22933979501255,118.50223987559664,582.37206798522925,7,3.2957799105115537e-07
1,181,0.61486533763302242,tool,-0.0020431966659019904,0.0021023373923259982,0.0016268477988427804,137.3263307226843,116.91370825497262,587.51259094917236,7,3.5094616247441368e-07
1,182,0.61567488607882148,tool,-0.0020942552358993952,0.0020347657186249113,0.0016220898800823524,140.44872161112716,122.40797514023589,591.63990328304112,8,3.1879583114232529e-07
1,183,0.61648443452462054,tool,-0.0021453138058968005,0.001967194044923824,0.0016173319613219245,135.83557674769955,137.83970756497123,601.45100922240681,7,2.9663531789323599e-07
1,184,0.6172939829704196,tool,-0.0021963723758942053,0.0018996223712227371,0.0016125740425614965,130.97619984162193,144.08858765122696,601.21247763706253,7,3.1082218670056005e-07
1,185,0.61810353141621865,tool,-0.0022474309458916102,0.0018320506975216502,0.0016078161238010685,123.84779211819203,143.0158396587089,596.40945857640156,7,3.3671650309565621e-07
1,186,0.61891307986201771,tool,-0.0022984895158890154,0.0017644790238205634,0.0016030582050406406,114.11749529908418,140.83238497612103,593.14545925668733,6,3.6201861193692342e-07
1,187,0.61972262830781677,tool,-0.0023495480858864203,0.001696907350119476,0.0015983002862802126,112.17034847236901,150.66627185721632,591.0853248518996,7,3.3908838702190192e-07
1,188,0.62053217675361583,tool,-0.0024006066558838251,0.0016293356764183892,0.0015935423675197847,113.12308040844334,147.91920352002219,594.97755676299687,7,3.179579271686897e-07
1,189,0.62098022244226359,tool,-0.0024288650909096337,0.0015919380416831359,0.001590909090909091,117.06616790766626,144.44743262409798,598.69281976268599,7,3.0861370234683272e-07
1,190,0.62178977088806264,tool,-0.0024594286409312122,0.0015129375526167343,0.0015863992588473807,95.945385150496662,148.61101216579218,595.81152521293279,7,3.4465186829740063e-07
1,191,0.6225993193338617,tool,-0.0024899921909527908,0.0014339370635503331,0.0015818894267856701,94.845138386667927,152.49145612192993,600.90331891868129,7,3.6062387359300785e-07
1,192,0.62340886777966076,tool,-0.0025205557409743694,0.0013549365744839317,0.0015773795947239598,90.383760419854696,165.91013176051482,608.17289801478955,7,3.5278759969760431e-07
1,193,0.62421841622545982,tool,-0.0025511192909959475,0.0012759360854175301,0.0015728697626622493,87.399076171387307,166.75649793491462,608.80244710845488,7,3.520674485661679e-07
1,194,0.62502796467125887,tool,-0.0025816828410175261,0.0011969355963511287,0.001568359930600539,86.188725722641635,177.02099104576828,611.47001265915344,8,3.1694849263186331e-07
1,195,0.62583751311705793,tool,-0.0026122463910391042,0.0011179351072847273,0.0015638500985388284,87.055938747036819,179.47175766590397,611.05904115179544,8,3.0040338727752719e-07
1,196,0.62664706156285699,tool,-0.0026428099410606832,0.001038934618218326,0.0015593402664771181,87.465504689105984,176.45692171606927,610.56907670398186,7,3.1168777426746064e-07
1,197,0.62745661000865605,tool,-0.0026733734910822614,0.00095993412915192436,0.0015548304344154078,83.013588520690021,170.20991211534223,611.01995160545812,6,3.4207927651717235e-07
1,198,0.6282661584544551,tool,-0.00270393704110384,0.00088093364008552308,0.0015503206023536973,76.873886647805804,162.78853234980667,611.02176946874863,6,3.6760169571867229e-07
1,199,0.62907570690025416,tool,-0.0027345005911254185,0.00080193315101912159,0.001545810770291987,70.392669503474778,161.73587900282925,613.38701984874297,8,3.8542533728133654e-07
1,200,0.62913965191185539,tool,-0.0027369147598769569,0.00079569302145545155,0.0015454545454545456,70.676243795980881,165.71078832982695,614.83018263909105,8,3.797647113194455e-07
1,201,0.62994920035765445,tool,-0.0027426414104761358,0.00071119773524528219,0.0015406276904688003,47.265642369821165,191.95503736192677,620.79604533266831,7,3.1728290319100322e-07
1,202,0.63075874880345351,tool,-0.0027483680610753142,0.00062670244903511284,0.0015358008354830551,43.525063534954377,197.4361205478167,619.68676678186921,7,2.9015901902018637e-07
1,203,0.63156829724925256,tool,-0.0027540947116744931,0.00054220716282494359,0.0015309739804973098,39.122595993252482,193.92342059665921,613.92220765772686,7,3.1662600133951224e-07
1,204,0.63237784569505162,tool,-0.002759821362273672,0.00045771187661477412,0.0015261471255115645,28.672851384810564,195.74945072973895,612.24094262500614,8,3.167956950387088e-07
1,205,0.63318739414085068,tool,-0.0027655480128728508,0.00037321659040460482,0.0015213202705258192,22.970341827534703,191.8805303913102,610.24404632810672,7,3.4685188767067526e-07
1,206,0.63399694258664974,tool,-0.0027712746634720297,0.00028872130419443551,0.001516493415540074,21.664877261177331,183.67659574631205,609.7964489143867,8,3.7087578560589946e-07
1,207,0.63480649103244879,tool,-0.0027770013140712086,0.0002042260179842661,0.0015116665605543287,28.764898629958509,184.16373845339322,611.58139872401239,7,3.4749760828393927e-07
1,208,0.63561603947824785,tool,-0.002782727964670387,0.0001197307317740968,0.0015068397055685834,28.740156819258036,195.75005834317648,617.1820613150345,6,3.1400000236395109e-07
1,209,0.63642558792404691,tool,-0.0027884546152695659,3.5235445563927399e-05,0.0015020128505828379,26.165139730541863,201.43471481522732,622.2496028092595,7,2.9684793508878704e-07
1,210,0.6367631783562796,tool,-0.002790842690326784,-1.7336258245630888e-18,0.0015,25.825450751289655,204.34932946707929,621.54392120495174,7,3.0843850181393184e-07
1,211,0.63757272680207866,tool,-0.0027732647000755263,-8.283822264135893e-05,0.0014950614196144339,-0.10543000775818356,200.64189888354599,610.1155159864511,6,3.3122083846308381e-07
1,212,0.63838227524787772,tool,-0.0027556867098242695,-0.00016567644528271613,0.0014901228392288682,-10.488756476782912,203.74284558149154,618.68321842285707,7,3.2148833856767561e-07
1,213,0.63919182369367677,tool,-0.0027381087195730122,-0.00024851466792407339,0.0014851842588433023,-14.576840010522844,197.38224692619897,618.50934199478479,7,3.2748052436644415e-07
1,214,0.64000137213947583,tool,-0.0027205307293217545,-0.00033135289056543052,0.0014802456784577362,-16.759832870985033,188.38190273631312,616.58972048018802,7,3.5163644383252868e-07
1,215,0.64081092058527489,tool,-0.0027029527390704973,-0.00041419111320678781,0.0014753070980721703,-15.08968364138064,185.32219330169397,615.03404575720606,8,3.504963262028829e-07
1,216,0.64162046903107395,tool,-0.00268537474881924,-0.00049702933584814504,0.0014703685176866044,-18.777888926902836,197.14700708235611,616.76130238097142,7,3.4559706133842349e-07
1,217,0.64243001747687301,tool,-0.0026677967585679828,-0.00057986755848950223,0.0014654299373010383,-19.157432390358565,199.2415263798097,621.69624674845682,7,3.4192294726901468e-07
1,218,0.64323956592267206,tool,-0.0026502187683167255,-0.0006627057811308593,0.0014604913569154724,-21.255658372464062,204.12617790918321,630.12579934585415,9,3.6622599944042405e-07
1,219,0.64404911436847112,tool,-0.0026326407780654687,-0.00074554400377221659,0.0014555527765299065,-26.661988262518683,215.25198699060704,636.45367815899419,8,3.3595637368311754e-07
1,220,0.64421423792286658,tool,-0.0026290553963079239,-0.00076244051173702697,0.0014545454545454545,-28.444535949702363,215.16788025068433,637.85745813649487,8,3.289700197008083e-07
1,221,0.64502378636866564,tool,-0.0025880459123526593,-0.0008365464987093546,0.0014498474370426241,-65.068390110674272,200.14695024738981,634.83071473831717,9,3.1530969767361999e-07
1,222,0.6458333348144647,tool,-0.0025470364283973939,-0.00091065248568168223,0.0014451494195397933,-79.961239074649086,187.93975616917797,624.66216042512281,9,3.1152406571380298e-07
1,223,0.64664288326026376,tool,-0.0025060269444421293,-0.00098475847265400997,0.0014404514020369629,-85.112538468686878,177.26098941377472,618.12271947128454,8,3.4154049467598202e-07
1,224,0.64745243170606281,tool,-0.0024650174604868647,-0.0010588644596263377,0.0014357533845341325,-86.397671069475237,173.53048598390225,622.62813734105794,8,3.5693192781700162e-07
1,225,0.64826198015186187,tool,-0.0024240079765315997,-0.0011329704465986655,0.0014310553670313017,-88.932767337409189,174.11397595131808,627.98785290580884,8,3.2755233168174636e-07
1,226,0.64907152859766093,tool,-0.0023829984925763346,-0.0012070764335709932,0.0014263573495284713,-91.771095271526264,187.32321668152639,638.59669728590006,7,2.8122259303122593e-07
1,227,0.64988107704345999,tool,-0.0023419890086210701,-0.0012811824205433207,0.0014216593320256407,-94.122529130271019,192.28394206055958,638.85303033171056,7,2.9608763406178962e-07
1,228,0.65069062548925904,tool,-0.002300979524665805,-0.0013552884075156485,0.0014169613145228104,-90.674381884514872,194.07242516303089,636.0905298576663,8,3.1854275299014051e-07
1,229,0.6515001739350581,tool,-0.00225997004071054,-0.0014293943944879762,0.0014122632970199798,-84.340357863387425,190.96979699027963,634.64895799312887,7,3.4296693878724943e-07
1,230,0.65204683041641509,tool,-0.0022322779361582013,-0.001479435276285722,0.0014090909090909091,-85.270185275887002,194.59560886821478,638.66799838645875,7,3.4009267062175969e-07
1,231,0.65285637886221415,tool,-0.0021716137746165222,-0.0015384823188018964,0.0014037194360699136,-105.61412512822125,176.95608587544356,642.57481620392309,7,3.1515440295816488e-07
1,232,0.65366592730801321,tool,-0.0021109496130748435,-0.0015975293613180708,0.001398347963048918,-105.90904514792115,165.90736651683304,639.33711163647013,7,3.0680060656828462e-07
1,233,0.65447547575381226,tool,-0.0020502854515331644,-0.0016565764038342452,0.0013929764900279227,-123.75335883867251,160.15861737517017,643.74817337415777,7,3.3017271358973255e-07
1,234,0.65528502419961132,tool,-0.0019896212899914857,-0.0017156234463504196,0.0013876050170069272,-131.96398734518476,148.53501246755062,639.21778456729089,8,3.4894972139858788e-07
1,235,0.65609457264541038,tool,-0.0019289571284498068,-0.0017746704888665942,0.0013822335439859317,-137.08730019301655,145.58863498821475,649.00577466177015,8,3.679069189906764e-07
1,236,0.65690412109120944,tool,-0.0018682929669081279,-0.0018337175313827686,0.0013768620709649364,-149.68594213411507,160.13216146759112,658.51123507596412,9,3.2752985463461309e-07
1,237,0.65771366953700849,tool,-0.001807628805366449,-0.001892764573898943,0.0013714905979439408,-146.46974587943649,161.36266113899245,661.56838239980493,8,2.9912621042366833e-07
1,238,0.65852321798280755,tool,-0.0017469646438247701,-0.0019518116164151174,0.0013661191249229453,-143.19822746132621,162.99858382081467,665.53227566846169,8,3.1170038105893944e-07
1,239,0.65889740129025154,tool,-0.0017189249178185318,-0.0019791038900006468,0.0013636363636363637,-142.59074296210485,164.19956236979317,665.43245871513318,8,3.200469931288405e-07
1,240,0.6597069497360506,tool,-0.0016441592354805344,-0.0020188807887428677,0.0013587951325055687,-157.53500304035242,134.12882011396678,659.89912545962511,7,3.4052454837493751e-07
1,241,0.66051649818184965,tool,-0.0015693935531425369,-0.0020586576874850886,0.0013539539013747734,-156.97309278440065,119.5225863941635,652.65496270305312,6,3.6350813275437543e-07
1,242,0.66132604662764871,tool,-0.001494627870804539,-0.0020984345862273095,0.0013491126702439779,-150.02912639072798,111.50517799937708,655.33695838099641,7,3.8973276728689749e-07
1,243,0.66213559507344777,tool,-0.0014198621884665417,-0.0021382114849695308,0.0013442714391131828,-176.512317477072,115.23468164411007,668.62534181214903,9,3.3265894839977495e-07
1,244,0.66294514351924683,tool,-0.0013450965061285443,-0.0021779883837117517,0.0013394302079823878,-185.92313750824169,115.18420286608314,663.63417096965543,8,3.05333331543714e-07
1,245,0.66375469196504588,tool,-0.0012703308237905467,-0.0022177652824539726,0.0013345889768515925,-184.1253606457156,110.96399280132967,653.08936169169715,8,2.9065168823377147e-07
1,246,0.66456424041084494,tool,-0.0011955651414525491,-0.0022575421811961939,0.0013297477457207972,-180.10427982370695,106.34299827060457,640.84773538990328,9,3.2322542726191672e-07
1,247,0.665373788856644,tool,-0.0011207994591145515,-0.0022973190799384143,0.0013249065145900019,-175.22243698808742,115.53723129226196,646.41706876215108,7,3.6192225536923334e-07
1,248,0.66618333730244306,tool,-0.0010460337767765541,-0.0023370959786806356,0.0013200652834592069,-170.83811654517166,119.88417632396279,652.42959334176362,7,3.7779519107810494e-07
1,249,0.66649828950092982,tool,-0.0010169464304343933,-0.0023525710521896488,0.0013181818181818182,-172.84216176906097,122.26382540986516,654.3123346645541,7,3.6009472945391224e-07
1,250,0.66730783794672888,tool,-0.00093385497033909263,-0.0023685527383690438,0.0013121867023387999,-182.641749957229,97.811078348076535,656.80592614936029,8,3.5051001059244191e-07
1,251,0.66811738639252793,tool,-0.00085076351024379192,-0.0023845344245484383,0.0013061915864957818,-186.11381461774215,82.791084032889046,664.92374676170834,9,3.3267418404845511e-07
1,252,0.66892693483832699,tool,-0.00076767205014849132,-0.0024005161107278333,0.0013001964706527637,-209.08957300465192,71.698062954977544,678.8393082533089,8,3.0921766789714783e-07
1,253,0.66973648328412605,tool,-0.00068458059005319072,-0.0024164977969072282,0.0012942013548097454,-214.01628311895308,65.648604603857294,685.90664711909562,8,3.1776364569670312e-07
1,254,0.67054603172992511,tool,-0.00060148912995789013,-0.0024324794830866232,0.0012882062389667271,-208.88228512260304,60.818374000616764,686.12432425462737,8,3.3498944718764884e-07
1,255,0.67135558017572416,tool,-0.00051839766986258942,-0.0024484611692660177,0.001282211123123709,-205.86314245391725,62.099981811114716,689.35187516084477,8,3.5861549058623099e-07
1,256,0.67216512862152322,tool,-0.00043530620976728871,-0.0024644428554454127,0.001276216007280691,-199.5337667569236,63.15794280746826,690.33574366427194,8,3.7655816523436692e-07
1,257,0.67263622871524609,tool,-0.00038695284087183161,-0.002473743069528995,0.0012727272727272726,-200.78146176320766,64.72475853376389,690.13122195043229,9,3.6610942943243741e-07
1,258,0.67344577716104514,tool,-0.00030250414609782984,-0.002467501044921782,0.0012677271199648746,-200.46884606473702,31.912850530955254,681.34914535073733,8,3.5662082462084577e-07
1,259,0.6742553256068442,tool,-0.00021805545132382807,-0.002461259020314569,0.0012627269672024766,-198.11787711932777,22.460194337893661,686.04100566047077,9,3.6014280787970143e-07
1,260,0.67506487405264326,tool,-0.00013360675654982627,-0.0024550169957073559,0.0012577268144400788,-204.85957175602726,15.245925810088657,692.27937219307694,8,3.2585077856805977e-07
1,261,0.67587442249844232,tool,-4.9158061775824466e-05,-0.0024487749711001429,0.0012527266616776808,-222.96833872418114,7.4262270393608851,692.18424018207725,9,3.1255658101969619e-07
1,262,0.67668397094424138,tool,3.5290632998177335e-05,-0.0024425329464929299,0.0012477265089152827,-224.77183498482532,3.0779758692871155,689.02281401690232,8,3.0172010109189712e-07
1,263,0.67749351939004043,tool,0.00011973932777217916,-0.0024362909218857169,0.0012427263561528847,-220.83014451325548,-0.86739282111456362,682.55210793462822,8,3.3335693757578083e-07
1,264,0.67830306783583949,tool,0.00020418802254618096,-0.0024300488972785039,0.0012377262033904869,-215.70073185107429,1.1482824196962937,687.94362767979248,8,3.5192244987429511e-07
1,265,0.67911261628163855,tool,0.00028863671732018274,-0.0024238068726712908,0.0012327260506280887,-212.33076141703592,4.9237351635922764,691.61577762052616,8,3.6927945462617018e-07
1,266,0.67992216472743761,tool,0.00037308541209418451,-0.0024175648480640778,0.0012277258978656909,-212.87385485633129,-0.83067359140083141,697.38022306070422,9,3.5444559484849869e-07
1,267,0.67999553519563094,tool,0.00038073911127184,-0.0024169991249498131,0.0012272727272727275,-212.56952312556191,-1.2436166156799189,697.30966315549085,9,3.509325383881795e-07
1,268,0.68080508364143,tool,0.00045955781777026403,-0.0023863145567120927,0.0012208217408476185,-198.68605041895589,-37.087292025785139,691.53167106544356,8,3.2531135251995941e-07
1,269,0.68161463208722906,tool,0.00053837652426868806,-0.0023556299884743724,0.0012143707544225095,-199.780791553641,-49.595015996917482,683.6647090592619,9,3.3026609685873204e-07
1,270,0.68242418053302811,tool,0.0006171952307671122,-0.002324945420236652,0.0012079197679974005,-216.87612400727775,-53.825401066395855,699.69475929694033,8,3.1223704279135372e-07
1,271,0.68323372897882717,tool,0.00069601393726553633,-0.0022942608519989317,0.0012014687815722915,-216.17339875709152,-51.912265751303259,700.50036065060567,8,3.2461340775894604e-07
1,272,0.68404327742462623,tool,0.00077483264376396036,-0.0022635762837612109,0.0011950177951471825,-215.92083211051678,-49.906995959837815,698.18134699804295,9,3.4905168669156772e-07
1,273,0.68485282587042529,tool,0.0008536513502623845,-0.0022328917155234906,0.0011885668087220737,-223.07376320703881,-57.276805362880779,695.74986774531283,9,3.3072591327284323e-07
1,274,0.68566237431622434,tool,0.00093247005676080853,-0.0022022071472857702,0.0011821158222969648,-218.96757072323601,-56.028704460604921,688.18623694074961,9,3.1273220071383057e-07
1,275,0.68569972587319983,tool,0.00093610665370789307,-0.0022007913995257112,0.0011818181818181819,-218.70006544574329,-55.925135577299613,687.6642824204647,9,3.1185988240423068e-07
1,276,0.68650927431899889,tool,0.0010044003056417837,-0.0021507464031674788,0.0011766199231757184,-198.95167850090115,-76.115208905108545,679.84360137293288,8,3.3168587276928563e-07
1,277,0.68731882276479794,tool,0.0010726939575756741,-0.0021007014068092464,0.0011714216645332552,-193.61338707837206,-92.047175663498152,688.97585922243263,7,3.5534233106242902e-07
1,278,0.688128371210597,tool,0.0011409876095095648,-0.002050656410451014,0.001166223405890792,-180.74949409955445,-97.968208597437268,694.68552127087787,6,3.7516132645604161e-07
1,279,0.68893791965639606,tool,0.0012092812614434552,-0.0020006114140927816,0.0011610251472483285,-182.98228545618798,-105.27058104066423,703.00677984586059,9,3.8635879366470671e-07
1,280,0.68974746810219512,tool,0.0012775749133773456,-0.0019505664177345489,0.0011558268886058651,-196.86847894919802,-124.20109419274935,703.10344863878083,9,3.187387551707721e-07
1,281,0.69055701654799417,tool,0.0013458685653112363,-0.0019005214213763167,0.0011506286299634019,-197.05434811651452,-123.96480719494643,699.36737482229751,10,2.8831326954591868e-07
1,282,0.69136656499379323,tool,0.0014141622172451267,-0.0018504764250180841,0.0011454303713209384,-203.88506960996779,-123.52825991801909,704.28566476230515,8,3.0584617327720359e-07
1,283,0.69217611343959229,tool,0.0014824558691790173,-0.0018004314286598517,0.0011402321126784752,-199.05691940299863,-118.13772566677785,705.68277680505116,8,3.3336607702712934e-07
1,284,0.69277856883931133,tool,0.0015332791146408674,-0.0017631885947795673,0.0011363636363636363,-192.99179368341524,-114.04311903989053,705.19854157111945,7,3.5298614401487599e-07
1,285,0.69358811728511038,tool,0.001583072384193508,-0.0016948167322467639,0.0011299242909830456,-161.38049969411881,-132.76996639561153,699.8246438639311,6,3.7397907236367406e-07
1,286,0.69439766573090944,tool,0.0016328656537461486,-0.0016264448697139605,0.0011234849456024552,-158.11838347617078,-144.36710801101333,702.9587490762035,7,3.3999863653742107e-07
1,287,0.6952072141767085,tool,0.0016826589232987895,-0.0015580730071811572,0.0011170456002218647,-159.45523070706216,-148.64043716443132,698.26176739419304,8,3.209873430335547e-07
1,288,0.69601676262250756,tool,0.0017324521928514303,-0.0014897011446483536,0.001110606254841274,-162.80001462159359,-163.48822736548163,710.33515067918324,9,3.209473889822026e-07
1,289,0.69682631106830661,tool,0.0017822454624040712,-0.0014213292821155504,0.0011041669094606836,-163.2044551983748,-170.33910762093126,719.18863082025825,9,3.3426386208956771e-07
1,290,0.69763585951410567,tool,0.0018320387319567116,-0.0013529574195827469,0.0010977275640800929,-162.45012331405962,-177.12797813560562,725.54090598760649,8,3.3860535323792379e-07
1,291,0.69844540795990473,tool,0.0018818320015093525,-0.0012845855570499435,0.0010912882186995022,-158.07333170887142,-172.22891581131012,727.40126540516064,8,3.6578149354392353e-07
1,292,0.69849307154919005,tool,0.0018847636678740352,-0.0012805600433313429,0.001090909090909091,-157.77920689157946,-171.85748996952816,727.31465469580326,8,3.672900823212602e-07
1,293,0.69930261999498911,tool,0.00191441549158762,-0.0012012668944178667,0.0010855320718724179,-130.51636147888229,-191.4206973100155,730.18086583947422,8,3.4406672714572262e-07
1,294,0.70011216844078816,tool,0.0019440673153012053,-0.0011219737455043907,0.0010801550528357446,-122.32830077973935,-198.7302859437564,720.85350328186189,9,3.1910870941856406e-07
1,295,0.70092171688658722,tool,0.0019737191390147898,-0.0010426805965909143,0.0010747780337990714,-112.68218987090884,-200.17370260220895,704.7885654363082,7,3.0570859657456928e-07
1,296,0.70173126533238628,tool,0.0020033709627283753,-0.0009633874476774381,0.0010694010147623981,-108.27230292850098,-192.65691770800663,704.04108508334809,7,3.4124657898385036e-07
1,297,0.70254081377818534,tool,0.0020330227864419599,-0.00088409429876396201,0.0010640239957257251,-105.26260422814721,-191.34453994750356,715.45461022569907,8,3.7056227848025758e-07
1,298,0.70335036222398439,tool,0.002062674610155545,-0.00080480114985048592,0.0010586469766890518,-107.28377965382998,-203.86711185924,732.17686332312394,9,3.668675942168631e-07
1,299,0.70415991066978345,tool,0.0020923264338691301,-0.00072550800093700962,0.0010532699576523787,-112.85411502566416,-209.31820811291539,735.5124376110706,9,3.5326973964536212e-07
1,300,0.70496945911558251,tool,0.0021219782575827152,-0.00064621485202353353,0.0010478929386157053,-117.65728022751402,-210.00324884936674,739.25225546640127,9,3.9736149188857733e-07
1,301,0.70533657654261794,tool,0.0021354248910549034,-0.00061025666204526691,0.0010454545454545456,-119.42914196214497,-215.44406517042131,741.71119236971469,10,3.8928763474235795e-07
1,302,0.706146124988417,tool,0.0021364273935796899,-0.00052567033351811352,0.0010391541912691694,-75.818197674092033,-229.0248264957327,747.20483687163699,9,3.4640478599381325e-07
1,303,0.70695567343421606,tool,0.0021374298961044768,-0.00044108400499096002,0.0010328538370837931,-62.940249418471282,-224.48090968781358,741.92618895241742,9,3.2457620552026056e-07
1,304,0.70776522188001512,tool,0.0021384323986292637,-0.00035649767646380663,0.0010265534828984169,-56.542901608674015,-220.24057765825,737.81460569011028,9,3.3581085348479561e-07
1,305,0.70857477032581417,tool,0.0021394349011540502,-0.00027191134793665313,0.0010202531287130407,-52.59631977024889,-221.33332446576256,731.32345648165608,10,3.3857444237724715e-07
1,306,0.70938431877161323,tool,0.0021404374036788367,-0.00018732501940949976,0.0010139527745276645,-56.645293805767963,-219.80503545925262,735.28884721393808,9,3.6020961265495477e-07
1,307,0.71019386721741229,tool,0.0021414399062036236,-0.00010273869088234632,0.0010076524203422883,-56.316479712919389,-233.66510992327204,741.51073716730536,8,3.4194749595501533e-07
1,308,0.71100341566321135,tool,0.0021424424087284101,-1.815236235519288e-05,0.001001352066156912,-56.135015636556496,-228.40878097472256,740.23608868535973,7,3.715385160831669e-07
1,309,0.71117714606371585,tool,0.0021426575473850796,0,0.001,-55.703924473888179,-226.70701995367779,740.05489554776159,7,3.8760747381617194e-07
1,310,0.71198669450951491,tool,0.0021227908968874183,8.2465432713633795e-05,0.00099943870396958733,-11.104351778895168,-244.41368371154181,724.74468535243489,9,3.6903592728985274e-07
1,311,0.71279624295531396,tool,0.0021029242463897562,0.00016493086542726759,0.00099887740793917464,-4.9107321518924341,-241.56897164732243,717.7484168382025,8,3.4826930122005412e-07
1,312,0.71360579140111302,tool,0.0020830575958920949,0.00024739629814090139,0.00099831611190876217,-1.7629657857443721,-231.43925598372931,709.74150025246331,8,3.410639843491256e-07
1,313,0.71441533984691208,tool,0.0020631909453944332,0.00032986173085453518,0.00099775481587834969,12.829036367441798,-230.66159817594311,707.56123845811112,9,3.657606199858332e-07
1,314,0.71522488829271114,tool,0.0020433242948967715,0.00041232716356816898,0.00099719351984793678,26.175857738033528,-220.51511068880512,697.87287698921898,8,3.8369148366943634e-07
1,315,0.71603443673851019,tool,0.0020234576443991098,0.00049479259628180277,0.00099663222381752431,32.283809661368771,-208.54243828606764,690.44570295610538,6,4.0309772239652958e-07
1,316,0.71684398518430925,tool,0.0020035909939014485,0.00057725802899543657,0.00099607092778711184,30.077306133246143,-201.58465283617434,698.61826790269231,8,4.2343194808346779e-07
1,317,0.71765353363010831,tool,0.0019837243434037868,0.00065972346170907036,0.00099550963175669915,34.6577687028295,-229.04258667680685,721.27506771030505,8,3.6050288287209353e-07
1,318,0.71846308207590737,tool,0.0019638576929061251,0.00074218889442270416,0.00099494833572628645,37.434807628606407,-239.79570711446405,721.30537733892857,9,3.0367643498018654e-07
1,319,0.71927263052170642,tool,0.0019439910424084638,0.00082465432713633795,0.00099438703969587376,35.619134333981748,-248.83318276932249,719.02199462111821,9,3.0288137812650023e-07
1,320,0.72008217896750548,tool,0.0019241243919108021,0.00090711975984997175,0.00099382574366546129,35.567454813141048,-243.24889515950667,711.06411501809214,8,3.2243651877043172e-07
1,321,0.72038367260571956,tool,0.0019167256145198389,0.00093783169990093579,0.00099361670468428305,35.759084416363265,-239.81533030593613,707.33427533894451,8,3.4084631296386891e-07
1,322,0.72119322105151862,tool,0.0018626929647955206,0.0010032204109568154,0.00099303732734898537,73.211976743913979,-210.34650735976848,704.43769860282532,6,3.7481507875712639e-07
1,323,0.72200276949731768,tool,0.0018086603150712025,0.001068609122012695,0.00099245795001368748,81.513154288593228,-192.55842754185988,695.45115884084885,7,3.9996701036923432e-07
1,324,0.72281231794311673,tool,0.0017546276653468843,0.0011339978330685749,0.00099187857267838981,102.33767629020875,-185.55183093288642,687.79825523065074,7,3.6599024224800991e-07
1,325,0.72362186638891579,tool,0.0017005950156225658,0.0011993865441244545,0.00099129919534309192,106.07350785082541,-195.59475912602838,689.55369651040212,7,3.4185092422176627e-07
1,326,0.72443141483471485,tool,0.001646562365898248,0.0012647752551803344,0.00099071981800779446,106.02117988212102,-199.14925865932861,685.94912090878358,6,3.6580732515681391e-07
1,327,0.72524096328051391,tool,0.0015925297161739297,0.001330163966236214,0.00099014044067249657,98.525323763828936,-194.53251163739353,687.8254336966387,6,4.0469181504434321e-07
1,328,0.72605051172631296,tool,0.0015384970664496112,0.0013955526772920937,0.00098956106333719868,96.554646581395829,-194.71933337696237,689.82520765609661,6,4.2336284104479982e-07
1,329,0.72686006017211202,tool,0.0014844644167252932,0.0014609413883479732,0.00098898168600190101,92.103307018419983,-190.52091217765707,691.72635863809876,6,4.3148387402630606e-07
1,330,0.72766960861791108,tool,0.0014304317670009751,0.001526330099403853,0.00098840230866660333,85.71597884674101,-181.87541715897078,688.76701361832988,6,4.4533368065945156e-07
1,331,0.72847915706371014,tool,0.0013763991172766566,0.0015917188104597327,0.00098782293133130544,89.202514824859279,-178.11291128322449,693.47306441179114,10,4.5571507548049922e-07
1,332,0.72928870550950919,tool,0.0013223664675523384,0.0016571075215156123,0.00098724355399600777,117.35991625259419,-196.89891786581842,697.7223189714656,9,3.5488655553833626e-07
1,333,0.72930288032595147,tool,0.0013214203810077881,0.001658252447407848,0.00098723340936856608,117.62045918660742,-197.0842302072877,697.72712602749596,9,3.5281804705491332e-07
1,334,0.73011242877175053,tool,0.0012454666350674843,0.0016960182796288965,0.00098667052202240082,154.63940250868401,-159.47138834965057,701.55741681414588,8,3.1630395407305362e-07
1,335,0.73092197721754959,tool,0.0011695128891271802,0.0017337841118499446,0.00098610763467623578,164.10896644590599,-151.52128910346994,703.42508746006274,7,3.4683556514140956e-07
1,336,0.73173152566334865,tool,0.0010935591431868762,0.0017715499440709931,0.00098554474733007031,163.19866534784239,-139.97882929619971,698.56425450303323,7,3.8107624312621463e-07
1,337,0.73254107410914771,tool,0.0010176053972465726,0.0018093157762920416,0.00098498185998390549,159.63048766687726,-126.57414130810042,688.43449315443422,7,4.0739656128555707e-07
1,338,0.73335062255494676,tool,0.00094165165130626863,0.0018470816085130897,0.00098441897263774002,157.5653682442256,-121.44679980449993,684.24708898163908,6,4.3031152866315758e-07
1,339,0.73416017100074582,tool,0.00086569790536596483,0.0018848474407341382,0.00098385608529157498,161.75777391452417,-127.43821277868008,691.45132758572743,6,4.1795833198403354e-07
1,340,0.73496971944654488,tool,0.00078974415942566082,0.0019226132729551868,0.00098329319794540973,157.93915027232248,-125.46541565004296,692.47814597966862,6,3.8377568311806498e-07
1,341,0.73577926789234394,tool,0.00071379041348535702,0.0019603791051762348,0.00098273031059924448,150.00348425153845,-120.24725362885846,688.53314102395211,6,3.6510977838820347e-07
1,342,0.73658881633814299,tool,0.00063783666754505322,0.0019981449373972834,0.00098216742325307922,141.85095836863161,-114.08699486373862,682.38721505978583,7,3.8864618885723484e-07
1,343,0.73739836478394205,tool,0.00056188292160474921,0.0020359107696183319,0.00098160453590691418,166.95246313608448,-131.12516580649176,691.41768710155134,7,3.4833182551742559e-07
1,344,0.73820791322974111,tool,0.00048592917566444535,0.00207367660183938,0.00098104164856074893,165.84805739912071,-143.21832933128235,693.98243901455578,7,3.3479827892413799e-07
1,345,0.73848337947399689,tool,0.00046008428245279578,0.0020865272372980869,0.0009808501140528491,163.390518340337,-145.87615817138521,692.01314938820371,7,3.6630000293212672e-07
1,346,0.73929292791979595,tool,0.00037526286954159987,0.0020858046151401525,0.00098025666915885646,168.41543588922434,-90.738346073555647,688.79777125289502,7,4.2823339868342664e-07
1,347,0.74010247636559501,tool,0.00029044145663040396,0.0020850819929822181,0.00097966322426486403,190.85576058353374,-66.882325990342807,685.15859285142983,9,4.0429411111812807e-07
1,348,0.74091202481139407,tool,0.00020562004371920802,0.0020843593708242836,0.00097906977937087139,192.1389921545196,-62.262648755893082,679.87974214885207,8,3.7985682962635159e-07
1,349,0.74172157325719312,tool,0.00012079863080801214,0.0020836367486663492,0.00097847633447687874,189.09086919318202,-62.814203922809035,680.5440317562327,7,3.7057252861606715e-07
1,350,0.74253112170299218,tool,3.5977217896816175e-05,0.0020829141265084144,0.0009778828895828861,185.99201131795223,-61.064028529166521,676.05999948109366,6,3.6415377665990206e-07
1,351,0.74334067014879124,tool,-4.8844195014379735e-05,0.0020821915043504804,0.00097728944468889367,176.02368845279142,-55.572628747002547,669.85867437608783,6,3.7365673031738988e-07
1,352,0.7441502185945903,tool,-0.00013366560792557564,0.002081468882192546,0.00097669599979490103,164.34945077388844,-48.369141918564281,659.63494282205272,6,3.8451607842129171e-07
1,353,0.74495976704038935,tool,-0.0002184870208367715,0.0020807462600346115,0.00097610255490090839,161.3380733763816,-49.032066918193678,666.5579678187429,6,3.8920522559601073e-07
1,354,0.74576931548618841,tool,-0.00030330843374796741,0.0020800236378766771,0.00097550911000691574,187.00812869511245,-52.710862632966197,695.74153329025626,7,3.348768433690183e-07
1,355,0.74657886393198747,tool,-0.00038812984665916332,0.0020793010157187423,0.00097491566511292321,197.75494814979211,-60.438198321368773,697.4579211334617,8,3.4227594507968417e-07
1,356,0.74719115816453108,tool,-0.0004522837119296508,0.0020787544673535304,0.00097446681873713224,205.34804951710851,-57.46473978909809,698.34377285059645,8,3.5203864889865599e-07
1,357,0.74800070661033013,tool,-0.00052723916509085482,0.0020390441847261491,0.00097390118375856359,189.24069785392646,12.351541148408963,664.94206575037822,7,3.4034863407011312e-07
1,358,0.74881025505612919,tool,-0.00060219461825205872,0.0019993339020987675,0.00097333554877999495,178.14779177451649,20.700331119764478,654.92387162863247,5,3.636593371323868e-07
1,359,0.74961980350192825,tool,-0.00067715007141326273,0.0019596236194713863,0.0009727699138014263,165.62755704494128,21.035945218111102,652.74444252357819,5,4.1075057483422328e-07
1,360,0.75042935194772731,tool,-0.00075210552457446664,0.001919913336844005,0.00097220427882285755,152.13086236043924,20.795692959373589,646.55091483292404,5,4.4434895419675352e-07
1,361,0.75123890039352637,tool,-0.00082706097773567076,0.0018802030542166236,0.00097163864384428901,154.97860331369364,24.740555305600672,642.15782377436915,6,4.6678365613842671e-07
1,362,0.75204844883932542,tool,-0.00090201643089687466,0.0018404927715892421,0.00097107300886572026,169.17971545712999,21.008520403962127,644.12791057850404,7,4.8119875061848616e-07
1,363,0.75285799728512448,tool,-0.00097697188405807857,0.0018007824889618609,0.00097050737388715172,174.9824643427892,13.260061740182483,637.65804311027375,6,4.783210102417626e-07
1,364,0.75366754573092354,tool,-0.0010519273372192827,0.0017610722063344797,0.00096994173890858296,175.78147637584232,25.26271413276249,655.09580579095928,6,4.241967593654819e-07
1,365,0.7544770941767226,tool,-0.0011268827903804866,0.0017213619237070983,0.00096937610393001432,173.38257769627978,35.352850356664028,666.92073759102357,6,3.9302427016097569e-07
1,366,0.75528664262252165,tool,-0.0012018382435416907,0.0016816516410797168,0.00096881046895144567,166.21409524721767,41.510369604171188,670.4813886027955,6,3.6996544604869092e-07
1,367,0.75609619106832071,tool,-0.0012767936967028946,0.0016419413584523356,0.00096824483397287692,173.37649265519278,43.223018968987788,673.77569961981408,6,3.4138432069077962e-07
1,368,0.75632706205610378,tool,-0.0012981698596748019,0.0016306165857066113,0.00096808352342141527,173.95456020661572,41.443046455640783,674.10041918985007,6,3.5893479518201571e-07
1,369,0.75713661050190284,tool,-0.0013514722937338773,0.0015646315984201105,0.00096746836160917313,156.41338767042478,73.303101469464053,667.08148065982527,6,3.9545958889237315e-07
1,370,0.7579461589477019,tool,-0.001404774727792953,0.0014986466111336096,0.000966853199796931,148.20435125187976,71.508561994788352,661.5824133352744,6,4.3321750287789174e-07
1,371,0.75875570739350096,tool,-0.0014580771618520282,0.0014326616238471085,0.00096623803798468887,141.29769861122145,74.885952959091583,655.20538822926471,7,4.448407005782154e-07
1,372,0.75956525583930001,tool,-0.0015113795959111036,0.0013666766365606077,0.00096562287617244663,138.67426055376419,91.019070314550774,651.2080299746624,6,3.8976063991297966e-07
1,373,0.76037480428509907,tool,-0.0015646820299701793,0.001300691649274107,0.0009650077143602046,133.03888316737164,92.926546614516639,645.03822729130502,5,3.509212464399003e-07
1,374,0.76118435273089813,tool,-0.0016179844640292545,0.0012347066619876061,0.00096439255254796236,127.24677138664478,87.131815967206919,641.38896224092832,5,3.9127457770928714e-07
1,375,0.76199390117669719,tool,-0.00167128689808833,0.0011687216747011051,0.00096377739073572012,135.15785780061884,78.374615866943969,646.8308379765856,6,4.3772091377989458e-07
1,376,0.76280344962249624,tool,-0.0017245893321474054,0.0011027366874146042,0.00096316222892347798,144.34497296279787,75.306380687105843,648.10147519642453,7,4.6758246653559599e-07
1,377,0.7636129980682953,tool,-0.0017778917662064811,0.0010367517001281033,0.00096254706711123585,158.94463847488078,75.593232192906356,653.54967140475537,6,4.3052423014285079e-07
1,378,0.76442254651409436,tool,-0.0018311942002655565,0.00097076671284160245,0.00096193190529899372,162.70196688611568,67.217047579684987,645.90153096906329,6,3.9788345968828909e-07
1,379,0.76472743200605264,tool,-0.0018512685255452927,0.00094591598844690752,0.0009617002281056983,163.05967702309636,63.346802730529731,640.77878335886635,6,3.8741113301144631e-07
1,380,0.7655369804518517,tool,-0.0018705544679443046,0.0008633127914927679,0.0009611427995321034,112.74238396888552,100.73117575724088,641.37994387124877,7,4.0472346160298073e-07
1,381,0.76634652889765076,tool,-0.0018898404103433167,0.00078070959453862827,0.0009605853709585084,102.76186671537337,125.84280578961678,650.87556792448368,6,3.6955685439859359e-07
1,382,0.76715607734344982,tool,-0.0019091263527423288,0.00069810639758448876,0.00096002794238491361,88.431136745381139,129.21966949431936,642.84633346634473,6,3.7613726473675196e-07
1,383,0.76796562578924887,tool,-0.0019284122951413406,0.00061550320063034902,0.00095947051381131861,75.407475977604577,127.334987267103,627.37928557889552,6,4.1879955424775628e-07
1,384,0.76877517423504793,tool,-0.0019476982375403529,0.00053290000367620951,0.0009589130852377236,76.521464788727997,130.72397134765029,635.04638176796595,5,4.0082237977301372e-07
1,385,0.76958472268084699,tool,-0.0019669841799393648,0.00045029680672206988,0.00095835565666412871,73.108742412895623,123.46577865720408,632.51171260846672,5,3.8752711594217115e-07
1,386,0.77039427112664605,tool,-0.0019862701223383765,0.00036769360976793026,0.00095779822809053381,77.364447695595175,124.14824320549766,639.328439014114,5,3.7778595400952963e-07
1,387,0.7712038195724451,tool,-0.002005556064737389,0.00028509041281379063,0.00095724079951693881,76.842593591547924,117.76387558651282,636.70583921455557,5,3.7108353007856559e-07
1,388,0.77201336801824416,tool,-0.0020248420071364006,0.00020248721585965101,0.00095668337094334391,73.210805872189084,108.05852804746993,627.30303727554235,5,3.8524484584617075e-07
1,389,0.77282291646404322,tool,-0.0020441279495354127,0.00011988401890551139,0.00095612594236974902,80.23081060188585,100.76932363109044,627.26664864161728,5,4.11889940148992e-07
1,390,0.77363246490984228,tool,-0.0020634138919344248,3.728082195137187e-05,0.00095556851379615402,105.43486022046903,108.17981121496153,641.63627453343736,7,3.7638229895969877e-07
1,391,0.77399783371615616,tool,-0.0020721181044982698,5.8884511499882917e-22,0.00095531693278998143,117.11812369102321,122.22018316022978,643.61699612988139,8,3.3312975112383819e-07
1,392,0.77480738216195522,tool,-0.0020508119748894405,-8.210536112111725e-05,0.00095476469720645596,55.256619405364823,135.19444808980884,631.35926276044177,8,3.4298750889449892e-07
1,393,0.77561693060775427,tool,-0.0020295058452806112,-0.0001642107222422345,0.0009542124616229306,27.904106537479905,143.22507613297645,612.5940472068479,7,3.7321313868434597e-07
1,394,0.77642647905355333,tool,-0.0020081997156717823,-0.00024631608336335176,0.00095366022603940513,21.991472418609575,138.34694172689174,600.25200790483302,5,3.683620800887244e-07
1,395,0.77723602749935239,tool,-0.0019868935860629529,-0.000328421444484469,0.00095310799045587977,20.386900076330967,127.65900348370059,606.33954300507992,4,3.73420318025737e-07
1,396,0.77804557594515145,tool,-0.0019655874564541232,-0.00041052680560558629,0.00095255575487235408,18.339732687636605,115.24391161964144,611.03849102165304,4,4.0425901000774173e-07
1,397,0.7788551243909505,tool,-0.0019442813268452943,-0.00049263216672670352,0.00095200351928882883,16.907910264974007,104.30880766614871,613.25891023507836,5,4.2667847195958924e-07
1,398,0.77966467283674956,tool,-0.001922975197236465,-0.00057473752784782076,0.00095145128370530325,15.507621985074941,123.94506751135526,618.55285546335983,6,4.405986852957719e-07
1,399,0.78047422128254862,tool,-0.0019016690676276356,-0.000656842888968938,0.00095089904812177789,22.420716430217006,123.63445742541452,615.17057151440406,5,4.5596346084919581e-07
1,400,0.78128376972834768,tool,-0.0018803629380188063,-0.00073894825009005523,0.00095034681253825242,25.122736248305195,130.97693109131387,621.52187015402887,5,4.2864743053129539e-07
1,401,0.78209331817414673,tool,-0.0018590568084099772,-0.00082105361121117258,0.00094979457695472695,31.240434873043554,125.29904698304543,614.96908874846361,4,4.0056209670881471e-07
1,402,0.78290286661994579,tool,-0.0018377506788011479,-0.0009031589723322897,0.00094924234137120159,38.300924076866153,117.4798647763732,612.48864859278956,5,4.1972724373375014e-07
1,403,0.78335541036655132,tool,-0.0018258403900854113,-0.00094905649450154723,0.00094893363747426446,45.446377974914746,135.16487604310242,615.36371894561944,6,4.2281980997763841e-07
1,404,0.78416495881235038,tool,-0.0017699500323905932,-0.0010128641025951869,0.00094829840996333127,-4.5741560760388893,125.39647446299806,616.58059576663516,6,3.9825497935141313e-07
1,405,0.78497450725814943,tool,-0.0017140596746957751,-0.0010766717106888263,0.00094766318245239787,-13.374285846648618,115.71311084650344,599.66453678999812,5,4.0094940939594537e-07
1,406,0.78578405570394849,tool,-0.0016581693170009571,-0.0011404793187824659,0.00094702795494146469,-20.307268538387177,115.03476873967308,591.71655509971788,5,4.1392582515297621e-07
1,407,0.78659360414974755,tool,-0.0016022789593061388,-0.0012042869268761055,0.00094639272743053139,-14.507155157590253,114.04986006088824,579.47192049069895,5,4.5058530796435181e-07
1,408,0.78740315259554661,tool,-0.0015463886016113208,-0.0012680945349697451,0.0009457574999195981,-6.8848684112524827,109.57753980636483,558.03200308537475,5,4.7826049570567214e-07
1,409,0.78821270104134566,tool,-0.0014904982439165029,-0.0013319021430633847,0.00094512227240866492,-0.22865195328471444,112.84553048862796,545.22127605772823,5,4.965161306972124e-07
1,410,0.78902224948714472,tool,-0.0014346078862216846,-0.0013957097511570244,0.00094448704489773173,-10.68870400635881,127.17248927694921,559.69590889353435,5,3.98976836954619e-07
1,411,0.78983179793294378,tool,-0.0013787175285268666,-0.0014595173592506637,0.00094385181738679844,-16.241166319559216,135.37825289217386,579.28607738983237,6,3.6223844730905175e-07
1,412,0.79064134637874284,tool,-0.0013228271708320485,-0.0015233249673443036,0.00094321658987586514,-21.077878547729203,133.94658103590214,588.10136508800178,6,4.0690744754646319e-07
1,413,0.7914508948245419,tool,-0.0012669368131372307,-0.001587132575437943,0.00094258136236493196,-20.037528294603145,127.87107197129561,583.51713630257291,5,4.3568236807959432e-07
1,414,0.79149042768392641,tool,-0.0012642075068638812,-0.0015902485065616677,0.00094255034215854749,-19.969242768513087,127.42853996542091,583.3951029207368,5,4.3680493000582132e-07
1,415,0.792704750352625,tool,-0.0011509601083922541,-0.0016482510912273608,0.00094170985466294349,-53.859010436390228,94.97324220593454,579.07583101822763,4,4.03394618497116e-07
1,416,0.79391907302132358,tool,-0.0010377127099206267,-0.0017062536758930542,0.00094086936716733949,-51.372748665729702,82.780067143053913,563.63372943516606,5,4.5437304780661381e-07
1,417,0.79513339569002217,tool,-0.00092446531144899937,-0.0017642562605587474,0.0009400288796717355,-60.751484626695088,78.799707437820487,566.48374580119571,6,4.5210635367040619e-07
1,418,0.79634771835872076,tool,-0.00081121791297737212,-0.0018222588452244406,0.0009391883921761315,-52.044117964184366,90.567608718300463,579.03147611321867,5,3.9839777262774823e-07
1,419,0.79756204102741934,tool,-0.00069797051450574488,-0.0018802614298901337,0.00093834790468052751,-48.88668783713797,102.65899642986795,574.12568667760775,5,3.9496594555175901e-07
1,420,0.79877636369611793,tool,-0.00058472311603411753,-0.0019382640145558271,0.00093750741718492351,-42.87896764388865,124.2949198822496,556.64703924193486,5,3.8495059789291075e-07
1,421,0.79999068636481652,tool,-0.00047147571756249028,-0.0019962665992215201,0.00093666692968931951,-31.76242956231393,127.89795600108621,532.02529102697088,4,3.9873674291535099e-07
1,422,0.80071290897414749,tool,-0.00040412143543270147,-0.0020307638371674219,0.00093616704684283051,-33.23894345716473,142.50347460697549,524.06003014489033,4,4.0438331857985815e-07
1,423,0.80192723164284607,tool,-0.00027689238379116084,-0.0020294533881539583,0.00093515183775071391,-71.334038846269635,106.89629988654566,514.70008461150212,7,3.1370690524966383e-07
1,424,0.80314155431154466,tool,-0.0001496633321496203,-0.0020281429391404947,0.00093413662865859742,-87.434865026161873,86.074036268378734,493.21527953718169,4,3.874834886971254e-07
1,425,0.80435587698024325,tool,-2.2434280508079678e-05,-0.0020268324901270311,0.00093312141956648081,-75.487065666051265,89.613751183613999,525.8147092444251,5,3.8432181486205974e-07
1,426,0.80557019964894183,tool,0.00010479477113346089,-0.0020255220411135675,0.00093210621047436421,-59.482846356511224,88.639633836694912,540.42132699980573,5,3.8345566911665574e-07
1,427,0.80739168365198966,tool,0.000295638348595766,-0.0020235563675933721,0.00093058339683618936,-74.125922518024879,96.364039212008038,526.54065782070359,7,3.4964685698742753e-07
1,428,0.80834816388179609,tool,0.00039585229970529696,-0.0020225241719456612,0.00092978375152711354,-85.783699248080609,113.22959875963937,499.97180764419704,5,3.835862084295219e-07
1,429,0.81016964788484391,tool,0.00056165818835173735,-0.0019280030337377589,0.00092851268330645335,-58.39228023390605,36.102239613673781,449.52514385877697,4,4.5766989820346382e-07
1,430,0.81199113188789185,tool,0.00072746407699818781,-0.0018334818955298513,0.00092724161508579315,-67.221851637492108,36.382833353165907,413.0413860955905,4,4.313294625236247e-07
1,431,0.81381261589093978,tool,0.00089326996564463828,-0.0017389607573219433,0.00092597054686513296,-56.459513203315794,16.633966182197103,403.91132378600173,4,4.1540615197416947e-07
1,432,0.81563409989398772,tool,0.0010590758542910889,-0.0016444396191140351,0.00092469947864447265,-51.283897335077306,13.126498748445464,398.38761095705303,3,4.1439220189488923e-07
1,433,0.81745558389703565,tool,0.0012248817429375391,-0.0015499184809061274,0.00092342841042381246,-66.859365156839274,26.862970850105881,371.42027152684193,3,3.8728021112179739e-07
1,434,0.81749564323445389,tool,0.0012285282608471696,-0.0015478397065867861,0.00092340045621139668,-67.035422842342413,27.575709695263566,370.61314706750812,3,3.8811098364375379e-07
1,435,0.81931712723750172,tool,0.0013566547848562552,-0.0014063875426174046,0.0009218730250007876,-58.152596973938486,17.700473109479638,324.8739012318037,4,3.7029573795015897e-07
1,436,0.82113861124054965,tool,0.0014847813088653488,-0.0012649353786480147,0.0009203455937901782,-56.902566832234058,12.053302187486761,303.01401739960454,4,4.5193360250286863e-07
1,437,0.82296009524359759,tool,0.0016129078328744422,-0.0011234832146786245,0.00091881816257956901,-78.311759237451483,14.647574275151825,300.8352762972487,4,3.884207688421154e-07
1,438,0.82478157924664552,tool,0.0017410343568835358,-0.0009820310507092343,0.00091729073136895983,-111.22309741615032,19.65654026159222,349.99915043924153,4,2.6012244297261844e-07
1,439,0.82510781602727745,tool,0.001763982450106612,-0.00095669626955849438,0.00091701716089567971,-116.3984363220073,19.27668346683874,355.60872201125937,4,3.0291852895492077e-07
1,440,0.82692930003032528,tool,0.0018099841953370067,-0.00077146731419612752,0.000915781271135552,-84.195478078570162,0.58041998787179017,297.37488174551464,3,3.9846500974032723e-07
1,441,0.82875078403337321,tool,0.0018559859405674042,-0.00058623835883374949,0.00091454538137542419,-80.45978572810435,1.1915591720889473,253.3130294778027,3,3.1369916827627548e-07
1,442,0.83057226803642115,tool,0.0019019876857978017,-0.00040100940347137135,0.00091330949161529638,-77.832353085170297,-19.601268004737886,267.21631683618489,2,3.3906051330554604e-07
1,443,0.83239375203946908,tool,0.0019479894310281993,-0.00021578044810899324,0.00091207360185516857,-88.614523166190054,-6.8363065554233291,275.25972319604745,3,3.9340865619005849e-07
1,444,0.83421523604251702,tool,0.0019939911762585968,-3.0551492746615049e-05,0.00091083771209504066,-129.10073255098425,-48.277300655847654,321.96304948956646,3,3.7595863270050572e-07
1,445,0.8345156699309354,tool,0.0020015786616114596,0,0.00091063386557996273,-134.20247087595482,-47.265633348781137,334.2142695292747,3,3.7401942505621566e-07
1,446,0.83633715393398322,tool,0.0019534503647981078,0.00018469196229998881,0.00091063386557996284,-83.226684263029753,-41.875146057055368,288.78596721421491,4,2.4998309632214e-07
1,447,0.83815863793703116,tool,0.0019053220679847533,0.00036938392459998884,0.00091063386557996284,-91.250557748951906,-54.38555180681805,254.94851117315272,3,4.1086542603915865e-07
1,448,0.83998012194007909,tool,0.0018571937711713987,0.0005540758868999889,0.00091063386557996273,-66.36657938391167,-42.917605288526381,265.8862794066888,2,3.4928019997364917e-07
1,449,0.84180160594312703,tool,0.0018090654743580441,0.00073876784919998896,0.00091063386557996273,-74.468537342687114,-63.730711060466021,261.93733069174345,3,4.4675710611247893e-07
1,450,0.84362308994617496,tool,0.0017609371775446892,0.00092345981149998901,0.00091063386557996273,-93.941389050089626,-95.501948850284009,328.75237003763351,3,2.9489669736183777e-07
1,451,0.84396561010973092,tool,0.0017518869129974327,0.00095819013085970419,0.00091063386557996273,-97.493280610214185,-101.22220296133052,337.98968773249203,3,3.5260787588278081e-07
1,452,0.84578709411277875,tool,0.0016152107182446892,0.0010914082665630888,0.00091063386557996284,-56.569728363333049,-78.294703254891175,267.32880974406072,3,3.1489189573647575e-07
1,453,0.84760857811582668,tool,0.0014785345234919374,0.0012246264022664813,0.00091063386557996284,-36.626474439942733,-58.440130755549745,221.64340875143887,2,4.4103025737939755e-07
1,454,0.84943006211887462,tool,0.0013418583287391852,0.0013578445379698739,0.00091063386557996273,-31.255637870438399,-76.938142852514957,229.01206639042633,2,2.9355946787323894e-07
1,455,0.85125154612192255,tool,0.0012051821339864334,0.0014910626736732663,0.00091063386557996273,-32.179592172609993,-77.723781916569294,243.74912766536295,3,2.4086430611743731e-07
1,456,0.85143036919934245,tool,0.0011917640321997415,0.0015041412826287991,0.00091063386557996273,-30.363058953878145,-79.50982334379357,244.84822922180211,3,2.7828431942763382e-07
1,457,0.85552870820620019,tool,0.00080531555754780808,0.0016914153111788216,0.00091063386557996273,4.6232823312451234,-47.473511059807542,215.19370186616158,3,3.5332946267570275e-07
1,458,0.85962704721305794,tool,0.0004188670828958748,0.001878689339728844,0.00091063386557996273,20.045202015930936,-79.506462918477681,290.20529103985655,3,3.7867161844281488e-07
1,459,0.86082120432367704,tool,0.00030626532078656258,0.0019332564735001318,0.00091063386557996273,12.811968375114645,-102.01294465359976,312.36041392370089,3,3.979111762395654e-07
1,460,0.86491954333053478,tool,-0.00012316917402044672,0.0019332564735001336,0.00091063386557996284,37.317009481490352,-69.285415116978356,351.20352776651231,5,3.4921855727662598e-07
1,461,0.8666669345843141,tool,-0.00030626532078655889,0.001933256473500134,0.00091063386557996273,49.287939209436885,-91.352417126004468,334.07785758537449,6,3.5466043212580706e-07
1,462,0.87076527359117184,tool,-0.0006927137954384913,0.0017459824449501109,0.00091063386557996273,40.291880843928809,9.5051608453165208,327.2459776277226,4,3.375299152787517e-07
1,463,0.87486361259802958,tool,-0.0010791622700904236,0.0015587084164000876,0.00091063386557996273,43.77615019634284,-3.9157124755547894,349.80795410523791,4,3.6088137251623353e-07
1,464,0.87605776970864868,tool,-0.0011917640321997354,0.0015041412826287996,0.00091063386557996273,72.064646737623235,-32.48879105175719,343.82507605907529,4,3.7334611973499632e-07
1,465,0.88015610871550642,tool,-0.0014992854703934175,0.00120440047729618,0.00091063386557996273,78.409813962474232,-13.060977293794902,380.25143144161041,5,3.5099459231701519e-07
1,466,0.88352252879826032,tool,-0.0017518869129974325,0.00095819013085970712,0.00091063386557996273,137.7112080653728,-19.885333864418843,468.23155804647945,5,3.64983994513568e-07
1,467,0.88762086780511806,tool,-0.0018601755808274789,0.00054263321568471287,0.00091063386557996273,66.279862438648578,29.838199824641158,456.0983892797218,5,2.7908112029857712e-07
1,468,0.89171920681197581,tool,-0.0019684642486575252,0.00012707630050971856,0.00091063386557996273,75.315296153410173,56.224851526641423,501.64870953576667,5,3.7418611032076499e-07
1,469,0.89297246897705573,tool,-0.0020015786616114596,1.7347234759768017e-18,0.00091063386557996273,113.31670873231151,70.047798269520783,518.60547257902749,5,3.354301812644872e-07
1,470,0.89707080798391348,tool,-0.0018932899937814148,-0.00041555691517498726,0.00091063386557996273,35.844092663094813,61.770068256392591,475.72489625112297,5,3.7817540644857761e-07
1,471,0.90116914699077122,tool,-0.0017850013259513699,-0.00083111383034997625,0.00091063386557996273,36.914911434088623,80.170799172981376,507.57891495440498,4,4.1089228598224781e-07
1,472,0.90242240915585126,tool,-0.0017518869129974329,-0.00095819013085970278,0.00091063386557996273,65.929998715166121,99.428588016973578,511.05156913816745,4,4.1202293179967014e-07
1,473,0.906520748162709,tool,-0.001444365474803754,-0.0012579309361923248,0.00091063386557996273,-7.9047222188120099,43.840954747580362,461.72596226836902,4,3.3118087928909329e-07
1,474,0.9098871682454629,tool,-0.0011917640321997417,-0.0015041412826288,0.00091063386557996273,-23.237965427172213,55.903169455333142,453.05375812281233,5,4.015637581162787e-07
1,475,0.91398550725232064,tool,-0.00080531555754780753,-0.0016914153111788214,0.00091063386557996273,-39.682701983354704,22.102638679837831,420.34549476922837,4,5.4072706661464215e-07
1,476,0.91808384625917838,tool,-0.00041886708289587339,-0.0018786893397288427,0.00091063386557996273,-41.883781969877084,34.562989044346409,411.30991869541418,3,4.49163930897091e-07
1,477,0.91927800336979748,tool,-0.0003062653207865609,-0.0019332564735001301,0.00091063386557996273,-40.12850715631221,55.822291250493606,433.58694111714226,5,3.4283322808068006e-07
1,478,0.92337634237665522,tool,0.00012316917402045691,-0.0019332564735001327,0.00091063386557996263,-49.060539114249892,13.48183451960038,478.65319329184592,4,3.5746645186789106e-07
1,479,0.92512373363043443,tool,0.00030626532078656106,-0.001933256473500134,0.00091063386557996273,-25.277555033196066,16.297451965558238,449.91997167296802,5,3.6208362594151999e-07
1,480,0.92922207263729217,tool,0.00069271379543849,-0.0017459824449501133,0.00091063386557996284,-31.477519954993518,-14.788524389554865,364.69203875226981,4,4.0741425290282546e-07
1,481,0.93332041164414992,tool,0.0010791622700904188,-0.0015587084164000922,0.00091063386557996273,-31.447159646189711,-2.247085376027897,344.10201375632357,3,4.1233928436707618e-07
1,482,0.93451456875476913,tool,0.0011917640321997402,-0.0015041412826287998,0.00091063386557996273,-43.786682530245741,11.804234415505592,322.36365115572312,3,3.6096705022074793e-07
1,483,0.93861290776162687,tool,0.0014992854703934242,-0.0012044004772961759,0.00091063386557996273,-39.001946565520107,6.9912931125321736,264.51370878697969,2,3.6405054737974341e-07
1,484,0.94197932784438065,tool,0.0017518869129974325,-0.00095819013085970712,0.00091063386557996273,-110.75775189791798,29.628495099961903,324.45775393069704,4,3.2164137469918586e-07
1,485,0.9460776668512384,tool,0.0018601755808274776,-0.00054263321568471699,0.00091063386557996273,-70.803801356592956,-0.85240593108981244,212.91612679638467,3,3.0967460954312714e-07
1,486,0.95017600585809614,tool,0.0019684642486575226,-0.00012707630050972683,0.00091063386557996273,-98.371553330902614,-10.022231164023612,242.62124331121976,3,3.3448709249421504e-07
1,487,0.95142926802317618,tool,0.0020015786616114596,0,0.00091063386557996273,-129.49107796539263,-42.49636456128151,299.90173840083258,3,3.5626149905241405e-07
