case,reference,release_rms_part_mm,release_max_part_mm,release_rms_window_mm,release_max_window_mm,form_rms_part_mm,form_max_part_mm,form_rms_window_mm,form_max_window_mm,sb_rel_rms_part_mm,sb_rel_max_part_mm,sb_rel_rms_window_mm,sb_rel_max_window_mm,sb_tot_rms_part_mm,sb_tot_max_part_mm,sb_tot_rms_window_mm,sb_tot_max_window_mm,release_framereg_rms_part_mm,release_framereg_max_part_mm,vert_rms_change_mm,vert_max_change_mm,release_upper_bias_diff_mm,release_deep_bias_diff_mm
bench_cache,c1_h2_L2_std,2.9382e-15,5.4427e-14,8.1141e-15,9.8066e-14,1.2092e-14,9.8446e-14,6.6705e-15,9.8446e-14,1.2784e-14,9.9747e-14,1.0628e-14,9.9747e-14,1.2435e-14,9.8446e-14,1.05e-14,9.8446e-14,3.1887e-15,5.2475e-14,-4.4409e-16,0,6.2621e-16,6.6853e-18
c1_h2_L2_std,c1_h2_L1_im_tp5,0.071699,0.17328,0.062272,0.17328,0.060723,0.17783,0.043388,0.17783,0.027436,0.03538,0.030182,0.044674,0.020767,0.034982,0.026267,0.044189,0.052594,0.1461,-0.045267,-0.078317,0.075897,0.04598
c1_h2_L1_im_tp5,c1_h1_L1_im_tp5,0.097158,0.21109,0.10004,0.21109,0.097476,0.20241,0.098309,0.20241,0.0059714,0.010488,0.0073365,0.012611,0.0099421,0.031497,0.0076116,0.031497,0.094856,0.21435,0.083932,0.15585,-0.13268,0.0017479
c1_h1_L1_im_tp5,c1_h0.833_L1_im_tp5,0.014256,0.054429,0.011231,0.054429,0.01174,0.060451,0.0070472,0.060451,0.0077393,0.010999,0.0080253,0.010999,0.0070534,0.01111,0.0076958,0.01111,0.011688,0.063119,0.0074375,0.02215,-0.012731,-0.0055857
c1_h1_L1_im_tp5,c1_h0.625_L1_im_tp5,0.019423,0.059815,0.014676,0.059815,0.017691,0.066817,0.010967,0.066817,0.0081431,0.011257,0.0084615,0.011257,0.0062716,0.011313,0.007562,0.011313,0.017771,0.06861,0.013623,0.031223,-0.022381,0.00029886
c1_h0.833_L1_im_tp5,c1_h0.625_L1_im_tp5,0.011619,0.044161,0.0071194,0.044161,0.011394,0.040951,0.007031,0.040951,0.00074373,0.0024392,0.00082097,0.0024392,0.0019801,0.0078509,0.001262,0.0078509,0.011628,0.04454,0.0061859,0.0090733,-0.0096493,0.0058845
c1_h0.833_L1_im_tp5_p3,c1_h0.833_L1_im_tp5,0.0054287,0.020326,0.0034373,0.020326,0.005588,0.021296,0.0033838,0.021296,0.00040212,0.0010115,0.00057811,0.0016612,0.0010441,0.0029199,0.00085197,0.0029199,0.0054338,0.020515,0.0018076,0.0047302,-0.0029832,0.0027306
c1_h2_L2_std,c1_h1_L1_im_tp5,0.068594,0.2663,0.053523,0.2663,0.069553,0.24609,0.067801,0.24609,0.02173,0.028253,0.023652,0.036174,0.021427,0.029654,0.023391,0.036418,0.068996,0.244,0.038665,0.077535,-0.056787,0.047728
c1_h2_L2_std,c1_h0.833_L1_im_tp5,0.0717,0.23051,0.059773,0.23051,0.073296,0.22032,0.069987,0.22032,0.01413,0.019549,0.015957,0.028933,0.014559,0.021028,0.016043,0.02917,0.072705,0.21596,0.046102,0.099685,-0.069518,0.042143
bench_cache,c1_h0.625_L1_im_tp5,0.080111,0.25591,0.064389,0.25591,0.0813,0.24238,0.074212,0.24238,0.013762,0.019803,0.015544,0.028742,0.015294,0.02217,0.016154,0.029017,0.080925,0.2417,0.052288,0.10876,-0.079168,0.048027
c1_h0.833_L1_im_tp5_p3,c1_h0.625_L1_im_tp5,0.015274,0.054933,0.009471,0.054933,0.014989,0.051633,0.0093,0.051633,0.00064157,0.0024672,0.000758,0.0024672,0.0011076,0.0056726,0.00081005,0.0056726,0.015303,0.055337,0.0079935,0.013803,-0.012632,0.0086151
c1_h2_L1_im_tp5,c1_h0.625_L1_im_tp5,0.11417,0.20801,0.11299,0.21461,0.11127,0.20691,0.10547,0.20892,0.013988,0.019342,0.015378,0.021309,0.010827,0.033707,0.012366,0.033707,0.10827,0.21801,0.097555,0.18707,-0.15506,0.0020467
c1_h2_L2_std,c1_h0.625_L1_im_tp5,0.080111,0.25591,0.064389,0.25591,0.0813,0.24238,0.074212,0.24238,0.013762,0.019803,0.015544,0.028742,0.015294,0.02217,0.016154,0.029017,0.080925,0.2417,0.052288,0.10876,-0.079168,0.048027
