case,r_mm,target_z_mm,release_dev_mm,form_dev_mm,unload_dev_mm,sb_tot_mm,sb_rel_mm,release_dev_sd_mm
bench_cache,0.125,-2.628,0.19187,0.34569,0.35498,-0.15382,-0.16311,0
bench_cache,0.375,-2.628,0.18308,0.33659,0.34581,-0.1535,-0.16273,0.0050732
bench_cache,0.625,-2.628,0.17399,0.32741,0.33656,-0.15342,-0.16258,0.0082136
bench_cache,0.875,-2.628,0.16707,0.32046,0.32955,-0.15339,-0.16249,0.0097908
bench_cache,1.125,-2.628,0.16035,0.31371,0.32275,-0.15337,-0.16241,0.011611
bench_cache,1.375,-2.628,0.15043,0.30376,0.31273,-0.15334,-0.1623,0.015275
bench_cache,1.625,-2.628,0.14398,0.29729,0.3062,-0.15331,-0.16222,0.016925
bench_cache,1.875,-2.628,0.13472,0.288,0.29685,-0.15328,-0.16213,0.020133
bench_cache,2.125,-2.628,0.123,0.27624,0.28502,-0.15324,-0.16202,0.021002
bench_cache,2.375,-2.628,0.10481,0.25797,0.26665,-0.15316,-0.16184,0.022759
bench_cache,2.625,-2.628,0.08439,0.23746,0.24605,-0.15307,-0.16166,0.023024
bench_cache,2.875,-2.628,0.062258,0.21524,0.22373,-0.15298,-0.16147,0.0252
bench_cache,3.125,-2.628,0.04122,0.19413,0.20248,-0.15291,-0.16126,0.029038
bench_cache,3.375,-2.628,0.019085,0.17194,0.18013,-0.15285,-0.16105,0.031363
bench_cache,3.625,-2.628,0.0073919,0.16021,0.16822,-0.15281,-0.16083,0.040196
bench_cache,3.875,-2.628,-0.016453,0.13628,0.14419,-0.15274,-0.16064,0.04422
bench_cache,4.125,-2.628,-0.029954,0.12276,0.13048,-0.15271,-0.16044,0.054975
bench_cache,4.375,-2.628,-0.019181,0.13343,0.14099,-0.15261,-0.16017,0.055657
bench_cache,4.625,-2.628,0.017875,0.17041,0.17776,-0.15253,-0.15989,0.045442
bench_cache,4.875,-2.628,0.079374,0.23187,0.23898,-0.15249,-0.15961,0.040656
bench_cache,5.125,-2.628,0.13881,0.29125,0.29813,-0.15244,-0.15931,0.033894
bench_cache,5.375,-2.628,0.20338,0.35556,0.36231,-0.15218,-0.15893,0.034089
bench_cache,5.625,-2.6207,0.26665,0.41876,0.42525,-0.1521,-0.1586,0.030372
bench_cache,5.875,-2.5799,0.29943,0.45137,0.45767,-0.15194,-0.15824,0.02446
bench_cache,6.125,-2.4926,0.28412,0.43584,0.44198,-0.15171,-0.15785,0.024943
bench_cache,6.375,-2.3387,0.22472,0.37632,0.38215,-0.1516,-0.15744,0.037616
bench_cache,6.625,-2.0899,0.071683,0.2226,0.22837,-0.15091,-0.15669,0.070132
bench_cache,6.875,-1.7636,-0.16233,-0.011683,-0.0061969,-0.15065,-0.15613,0.077954
bench_cache,7.125,-1.4333,-0.40269,-0.25258,-0.24723,-0.15012,-0.15547,0.076346
bench_cache,7.375,-1.0951,-0.652,-0.50231,-0.49713,-0.14969,-0.15487,0.082309
bench_cache,7.625,-0.77713,-0.88372,-0.73463,-0.72963,-0.14909,-0.15409,0.062597
bench_cache,7.875,-0.53026,-1.0426,-0.89405,-0.88922,-0.14855,-0.15338,0.047936
bench_cache,8.125,-0.34966,-1.1384,-0.99051,-0.98585,-0.1479,-0.15256,0.034623
bench_cache,8.375,-0.21562,-1.1978,-1.0506,-1.0461,-0.14722,-0.15173,0.02628
bench_cache,8.625,-0.11536,-1.2233,-1.0768,-1.0725,-0.14646,-0.15078,0.021532
bench_cache,8.875,-0.049408,-1.2205,-1.0751,-1.071,-0.14531,-0.14951,0.020309
bench_cache,9.125,-0.012397,-1.1933,-1.0486,-1.0446,-0.14463,-0.14865,0.022
bench_cache,9.375,-0.00029523,-1.1388,-0.99533,-0.99148,-0.14349,-0.14734,0.025279
bench_cache,9.625,0,-1.0742,-0.93152,-0.92782,-0.14264,-0.14633,0.027416
bench_cache,9.875,0,-1.0072,-0.86581,-0.86228,-0.14141,-0.14494,0.026889
bench_cache,10.125,0,-0.94739,-0.80705,-0.80367,-0.14034,-0.14372,0.028887
bench_cache,10.375,0,-0.89588,-0.75644,-0.75326,-0.13944,-0.14263,0.030875
bench_cache,10.625,0,-0.84145,-0.70356,-0.70052,-0.13789,-0.14093,0.029741
bench_cache,10.875,0,-0.79136,-0.65465,-0.65178,-0.13671,-0.13958,0.030111
bench_cache,11.125,0,-0.73934,-0.60434,-0.60164,-0.135,-0.1377,0.029726
bench_cache,11.375,0,-0.692,-0.55841,-0.55587,-0.13359,-0.13613,0.032041
bench_cache,11.625,0,-0.64779,-0.5155,-0.51311,-0.13228,-0.13468,0.035357
bench_cache,11.875,0,-0.60078,-0.47026,-0.46804,-0.13051,-0.13274,0.039108
bench_cache,12.125,0,-0.56151,-0.43212,-0.43002,-0.12939,-0.13148,0.042666
bench_cache,12.375,0,-0.51878,-0.39145,-0.38952,-0.12733,-0.12926,0.041044
bench_cache,12.625,0,-0.48011,-0.35459,-0.35283,-0.12553,-0.12729,0.041629
bench_cache,12.875,0,-0.44467,-0.32105,-0.31942,-0.12362,-0.12525,0.041792
bench_cache,13.125,0,-0.40893,-0.28746,-0.28598,-0.12148,-0.12296,0.043412
bench_cache,13.375,0,-0.38268,-0.26257,-0.26119,-0.12011,-0.12149,0.047296
bench_cache,13.625,0,-0.34674,-0.22914,-0.22792,-0.11761,-0.11882,0.047915
bench_cache,13.875,0,-0.31874,-0.2028,-0.20169,-0.11594,-0.11705,0.049623
bench_cache,14.125,0,-0.28613,-0.17241,-0.17145,-0.11371,-0.11468,0.05141
bench_cache,14.375,0,-0.26131,-0.14981,-0.14896,-0.11149,-0.11235,0.049689
bench_cache,14.625,0,-0.24143,-0.13198,-0.13122,-0.10946,-0.11022,0.049418
bench_cache,14.875,0,-0.2206,-0.11359,-0.11293,-0.107,-0.10767,0.04522
c1_h0.625_L1_im_tp5,0.125,-2.628,0.13052,0.29896,0.30391,-0.16845,-0.1734,0
c1_h0.625_L1_im_tp5,0.375,-2.628,0.12665,0.29514,0.30007,-0.16849,-0.17341,0.0029796
c1_h0.625_L1_im_tp5,0.625,-2.628,0.12273,0.29122,0.29613,-0.16849,-0.1734,0.0054643
c1_h0.625_L1_im_tp5,0.875,-2.628,0.11741,0.28588,0.29078,-0.16847,-0.17337,0.0075892
c1_h0.625_L1_im_tp5,1.125,-2.628,0.1097,0.27814,0.28303,-0.16844,-0.17334,0.0095601
c1_h0.625_L1_im_tp5,1.375,-2.628,0.099792,0.2682,0.27308,-0.16841,-0.17329,0.012279
c1_h0.625_L1_im_tp5,1.625,-2.628,0.087226,0.25559,0.26046,-0.16837,-0.17323,0.01439
c1_h0.625_L1_im_tp5,1.875,-2.628,0.072668,0.24099,0.24584,-0.16832,-0.17317,0.017065
c1_h0.625_L1_im_tp5,2.125,-2.628,0.055845,0.22411,0.22894,-0.16827,-0.1731,0.019649
c1_h0.625_L1_im_tp5,2.375,-2.628,0.036222,0.20445,0.20926,-0.16823,-0.17303,0.022451
c1_h0.625_L1_im_tp5,2.625,-2.628,0.01612,0.1843,0.18909,-0.16818,-0.17297,0.025996
c1_h0.625_L1_im_tp5,2.875,-2.628,-0.01004,0.15813,0.1629,-0.16817,-0.17294,0.030412
c1_h0.625_L1_im_tp5,3.125,-2.628,-0.045614,0.12244,0.1272,-0.16805,-0.17281,0.034732
c1_h0.625_L1_im_tp5,3.375,-2.628,-0.081302,0.086464,0.091237,-0.16777,-0.17254,0.036381
c1_h0.625_L1_im_tp5,3.625,-2.628,-0.10772,0.05994,0.064699,-0.16766,-0.17242,0.033391
c1_h0.625_L1_im_tp5,3.875,-2.628,-0.12302,0.044473,0.049272,-0.16749,-0.17229,0.030418
c1_h0.625_L1_im_tp5,4.125,-2.628,-0.12268,0.044691,0.049511,-0.16737,-0.17219,0.026585
c1_h0.625_L1_im_tp5,4.375,-2.628,-0.10587,0.06138,0.066227,-0.16725,-0.17209,0.023896
c1_h0.625_L1_im_tp5,4.625,-2.628,-0.078684,0.088346,0.093256,-0.16703,-0.17194,0.022927
c1_h0.625_L1_im_tp5,4.875,-2.628,-0.025861,0.14108,0.146,-0.16695,-0.17186,0.023005
c1_h0.625_L1_im_tp5,5.125,-2.628,0.031914,0.19879,0.20375,-0.16688,-0.17183,0.023734
c1_h0.625_L1_im_tp5,5.375,-2.628,0.10911,0.27565,0.28071,-0.16654,-0.1716,0.028406
c1_h0.625_L1_im_tp5,5.625,-2.6207,0.19153,0.35801,0.36305,-0.16648,-0.17153,0.021836
c1_h0.625_L1_im_tp5,5.875,-2.5799,0.24344,0.4099,0.41494,-0.16647,-0.1715,0.013447
c1_h0.625_L1_im_tp5,6.125,-2.4926,0.25711,0.42331,0.42835,-0.1662,-0.17124,0.015332
c1_h0.625_L1_im_tp5,6.375,-2.3387,0.21497,0.38116,0.38602,-0.16619,-0.17105,0.031888
c1_h0.625_L1_im_tp5,6.625,-2.0899,0.086959,0.25224,0.25722,-0.16528,-0.17026,0.066716
c1_h0.625_L1_im_tp5,6.875,-1.7636,-0.12473,0.040432,0.045251,-0.16516,-0.16998,0.075868
c1_h0.625_L1_im_tp5,7.125,-1.4333,-0.35201,-0.18737,-0.18257,-0.16463,-0.16943,0.071114
c1_h0.625_L1_im_tp5,7.375,-1.0951,-0.59336,-0.429,-0.42433,-0.16436,-0.16904,0.07766
c1_h0.625_L1_im_tp5,7.625,-0.77713,-0.81548,-0.65164,-0.64702,-0.16383,-0.16845,0.059877
c1_h0.625_L1_im_tp5,7.875,-0.53026,-0.97095,-0.80762,-0.80311,-0.16334,-0.16785,0.043463
c1_h0.625_L1_im_tp5,8.125,-0.34966,-1.0638,-0.90117,-0.89673,-0.16262,-0.16706,0.030324
c1_h0.625_L1_im_tp5,8.375,-0.21562,-1.1186,-0.95646,-0.95216,-0.16212,-0.16641,0.022284
c1_h0.625_L1_im_tp5,8.625,-0.11536,-1.1402,-0.97874,-0.9746,-0.1615,-0.16565,0.017814
c1_h0.625_L1_im_tp5,8.875,-0.049408,-1.1321,-0.9716,-0.96752,-0.1605,-0.16458,0.017221
c1_h0.625_L1_im_tp5,9.125,-0.012397,-1.1039,-0.94398,-0.94008,-0.15997,-0.16387,0.019618
c1_h0.625_L1_im_tp5,9.375,-0.00029523,-1.0487,-0.88973,-0.88596,-0.15897,-0.16274,0.022472
c1_h0.625_L1_im_tp5,9.625,0,-0.987,-0.82877,-0.82517,-0.15823,-0.16183,0.023367
c1_h0.625_L1_im_tp5,9.875,0,-0.92452,-0.76747,-0.76402,-0.15705,-0.1605,0.022493
c1_h0.625_L1_im_tp5,10.125,0,-0.86765,-0.71173,-0.70842,-0.15592,-0.15923,0.023651
c1_h0.625_L1_im_tp5,10.375,0,-0.81635,-0.6611,-0.65803,-0.15525,-0.15832,0.025969
c1_h0.625_L1_im_tp5,10.625,0,-0.76226,-0.60839,-0.60547,-0.15387,-0.15679,0.02567
c1_h0.625_L1_im_tp5,10.875,0,-0.7138,-0.56096,-0.55823,-0.15284,-0.15558,0.026621
c1_h0.625_L1_im_tp5,11.125,0,-0.66396,-0.51262,-0.51006,-0.15135,-0.1539,0.026524
c1_h0.625_L1_im_tp5,11.375,0,-0.61969,-0.4696,-0.46722,-0.15009,-0.15247,0.028851
c1_h0.625_L1_im_tp5,11.625,0,-0.57873,-0.4299,-0.42769,-0.14883,-0.15104,0.030502
c1_h0.625_L1_im_tp5,11.875,0,-0.53496,-0.38774,-0.38572,-0.14723,-0.14924,0.031354
c1_h0.625_L1_im_tp5,12.125,0,-0.49834,-0.35239,-0.35052,-0.14595,-0.14781,0.033772
c1_h0.625_L1_im_tp5,12.375,0,-0.45741,-0.31327,-0.31159,-0.14414,-0.14582,0.033973
c1_h0.625_L1_im_tp5,12.625,0,-0.42002,-0.27742,-0.27593,-0.14261,-0.14409,0.037182
c1_h0.625_L1_im_tp5,12.875,0,-0.3858,-0.24496,-0.24362,-0.14084,-0.14218,0.039014
c1_h0.625_L1_im_tp5,13.125,0,-0.35114,-0.21214,-0.21098,-0.139,-0.14017,0.041292
c1_h0.625_L1_im_tp5,13.375,0,-0.32624,-0.18864,-0.18758,-0.1376,-0.13866,0.044306
c1_h0.625_L1_im_tp5,13.625,0,-0.29338,-0.15786,-0.15697,-0.13552,-0.13641,0.044217
c1_h0.625_L1_im_tp5,13.875,0,-0.26941,-0.13555,-0.13477,-0.13386,-0.13464,0.044778
c1_h0.625_L1_im_tp5,14.125,0,-0.24195,-0.11021,-0.10957,-0.13174,-0.13239,0.044526
c1_h0.625_L1_im_tp5,14.375,0,-0.21891,-0.089228,-0.088695,-0.12968,-0.13021,0.044421
c1_h0.625_L1_im_tp5,14.625,0,-0.20065,-0.072758,-0.072314,-0.12789,-0.12833,0.044468
c1_h0.625_L1_im_tp5,14.875,0,-0.18267,-0.056946,-0.056589,-0.12573,-0.12608,0.040251
c1_h0.833_L1_im_tp5,0.125,-2.628,0.1312,0.29756,0.305,-0.16637,-0.1738,0
c1_h0.833_L1_im_tp5,0.375,-2.628,0.12605,0.29242,0.2998,-0.16637,-0.17375,0.0029267
c1_h0.833_L1_im_tp5,0.625,-2.628,0.12082,0.28719,0.29454,-0.16637,-0.17372,0.0051256
c1_h0.833_L1_im_tp5,0.875,-2.628,0.11665,0.28301,0.29035,-0.16636,-0.1737,0.0068429
c1_h0.833_L1_im_tp5,1.125,-2.628,0.10958,0.27593,0.28325,-0.16635,-0.17367,0.0085329
c1_h0.833_L1_im_tp5,1.375,-2.628,0.098506,0.26484,0.27212,-0.16634,-0.17362,0.010962
c1_h0.833_L1_im_tp5,1.625,-2.628,0.087038,0.25336,0.26061,-0.16632,-0.17357,0.01258
c1_h0.833_L1_im_tp5,1.875,-2.628,0.07406,0.24036,0.24757,-0.1663,-0.17351,0.015201
c1_h0.833_L1_im_tp5,2.125,-2.628,0.057591,0.22388,0.23104,-0.16629,-0.17345,0.017605
c1_h0.833_L1_im_tp5,2.375,-2.628,0.039071,0.20534,0.21245,-0.16627,-0.17338,0.020429
c1_h0.833_L1_im_tp5,2.625,-2.628,0.020083,0.18632,0.19339,-0.16624,-0.17331,0.023676
c1_h0.833_L1_im_tp5,2.875,-2.628,-0.0042489,0.162,0.16902,-0.16625,-0.17327,0.027089
c1_h0.833_L1_im_tp5,3.125,-2.628,-0.036638,0.12957,0.13653,-0.1662,-0.17317,0.03155
c1_h0.833_L1_im_tp5,3.375,-2.628,-0.069538,0.096551,0.10349,-0.16609,-0.17303,0.033673
c1_h0.833_L1_im_tp5,3.625,-2.628,-0.097067,0.068848,0.075744,-0.16591,-0.17281,0.03253
c1_h0.833_L1_im_tp5,3.875,-2.628,-0.10515,0.060601,0.067537,-0.16575,-0.17268,0.030647
c1_h0.833_L1_im_tp5,4.125,-2.628,-0.10465,0.061054,0.067944,-0.1657,-0.1726,0.027184
c1_h0.833_L1_im_tp5,4.375,-2.628,-0.097465,0.068143,0.075008,-0.16561,-0.17247,0.025974
c1_h0.833_L1_im_tp5,4.625,-2.628,-0.061891,0.10358,0.1105,-0.16547,-0.17239,0.02386
c1_h0.833_L1_im_tp5,4.875,-2.628,-0.011526,0.15393,0.16078,-0.16546,-0.1723,0.025213
c1_h0.833_L1_im_tp5,5.125,-2.628,0.043823,0.20925,0.21609,-0.16543,-0.17227,0.02455
c1_h0.833_L1_im_tp5,5.375,-2.628,0.12039,0.28556,0.29245,-0.16516,-0.17206,0.028715
c1_h0.833_L1_im_tp5,5.625,-2.6207,0.20072,0.36594,0.3727,-0.16522,-0.17198,0.022215
c1_h0.833_L1_im_tp5,5.875,-2.5799,0.25107,0.41617,0.42286,-0.16511,-0.17179,0.01485
c1_h0.833_L1_im_tp5,6.125,-2.4926,0.26331,0.42824,0.43488,-0.16494,-0.17157,0.017424
c1_h0.833_L1_im_tp5,6.375,-2.3387,0.22154,0.38657,0.39293,-0.16503,-0.17139,0.035042
c1_h0.833_L1_im_tp5,6.625,-2.0899,0.088171,0.25245,0.25892,-0.16428,-0.17075,0.069907
c1_h0.833_L1_im_tp5,6.875,-1.7636,-0.12979,0.034382,0.040614,-0.16417,-0.1704,0.077173
c1_h0.833_L1_im_tp5,7.125,-1.4333,-0.35964,-0.19596,-0.18977,-0.16367,-0.16986,0.071664
c1_h0.833_L1_im_tp5,7.375,-1.0951,-0.60225,-0.43881,-0.43279,-0.16344,-0.16946,0.078829
c1_h0.833_L1_im_tp5,7.625,-0.77713,-0.82398,-0.66101,-0.65509,-0.16296,-0.16889,0.061378
c1_h0.833_L1_im_tp5,7.875,-0.53026,-0.98073,-0.81821,-0.81244,-0.16253,-0.1683,0.045323
c1_h0.833_L1_im_tp5,8.125,-0.34966,-1.0742,-0.9124,-0.90674,-0.16184,-0.1675,0.031259
c1_h0.833_L1_im_tp5,8.375,-0.21562,-1.1279,-0.96644,-0.96095,-0.16144,-0.16693,0.025202
c1_h0.833_L1_im_tp5,8.625,-0.11536,-1.1505,-0.98961,-0.98432,-0.16085,-0.16613,0.019659
c1_h0.833_L1_im_tp5,8.875,-0.049408,-1.1421,-0.98232,-0.97711,-0.15982,-0.16503,0.018605
c1_h0.833_L1_im_tp5,9.125,-0.012397,-1.1128,-0.95342,-0.94844,-0.15935,-0.16433,0.021656
c1_h0.833_L1_im_tp5,9.375,-0.00029523,-1.0572,-0.89877,-0.89396,-0.15843,-0.16324,0.02386
c1_h0.833_L1_im_tp5,9.625,0,-0.99526,-0.83755,-0.83296,-0.15771,-0.16231,0.024461
c1_h0.833_L1_im_tp5,9.875,0,-0.93149,-0.77493,-0.77051,-0.15656,-0.16098,0.023555
c1_h0.833_L1_im_tp5,10.125,0,-0.87376,-0.71825,-0.71402,-0.1555,-0.15973,0.024996
c1_h0.833_L1_im_tp5,10.375,0,-0.82222,-0.66735,-0.66342,-0.15487,-0.15881,0.02731
c1_h0.833_L1_im_tp5,10.625,0,-0.76759,-0.61405,-0.6103,-0.15354,-0.15728,0.026578
c1_h0.833_L1_im_tp5,10.875,0,-0.71788,-0.5653,-0.56178,-0.15258,-0.1561,0.028339
c1_h0.833_L1_im_tp5,11.125,0,-0.66767,-0.51652,-0.51323,-0.15115,-0.15444,0.027869
c1_h0.833_L1_im_tp5,11.375,0,-0.62299,-0.47309,-0.47002,-0.1499,-0.15297,0.029915
c1_h0.833_L1_im_tp5,11.625,0,-0.58119,-0.43251,-0.42965,-0.14867,-0.15153,0.032254
c1_h0.833_L1_im_tp5,11.875,0,-0.53713,-0.38997,-0.38735,-0.14716,-0.14978,0.032566
c1_h0.833_L1_im_tp5,12.125,0,-0.50027,-0.35437,-0.35195,-0.14589,-0.14831,0.03508
c1_h0.833_L1_im_tp5,12.375,0,-0.45861,-0.31447,-0.31228,-0.14414,-0.14633,0.035426
c1_h0.833_L1_im_tp5,12.625,0,-0.42084,-0.27818,-0.27624,-0.14266,-0.1446,0.038804
c1_h0.833_L1_im_tp5,12.875,0,-0.38647,-0.24551,-0.24376,-0.14095,-0.14271,0.040346
c1_h0.833_L1_im_tp5,13.125,0,-0.35179,-0.21262,-0.2111,-0.13916,-0.14069,0.0423
c1_h0.833_L1_im_tp5,13.375,0,-0.32598,-0.1882,-0.18681,-0.13778,-0.13916,0.046401
c1_h0.833_L1_im_tp5,13.625,0,-0.29367,-0.15789,-0.15671,-0.13578,-0.13696,0.045108
c1_h0.833_L1_im_tp5,13.875,0,-0.27023,-0.13617,-0.13514,-0.13405,-0.13509,0.044988
c1_h0.833_L1_im_tp5,14.125,0,-0.24202,-0.11005,-0.1092,-0.13196,-0.13281,0.04556
c1_h0.833_L1_im_tp5,14.375,0,-0.21933,-0.089281,-0.088567,-0.13004,-0.13076,0.044864
c1_h0.833_L1_im_tp5,14.625,0,-0.20165,-0.073445,-0.072844,-0.12821,-0.12881,0.044288
c1_h0.833_L1_im_tp5,14.875,0,-0.1835,-0.057437,-0.056953,-0.12607,-0.12655,0.040027
c1_h0.833_L1_im_tp5_p3,0.125,-2.628,0.12375,0.29075,0.29735,-0.167,-0.1736,0
c1_h0.833_L1_im_tp5_p3,0.375,-2.628,0.11886,0.28587,0.29242,-0.167,-0.17355,0.0030535
c1_h0.833_L1_im_tp5_p3,0.625,-2.628,0.1139,0.28091,0.28743,-0.167,-0.17353,0.0054406
c1_h0.833_L1_im_tp5_p3,0.875,-2.628,0.10994,0.27693,0.28345,-0.16699,-0.17351,0.0073516
c1_h0.833_L1_im_tp5_p3,1.125,-2.628,0.10321,0.27019,0.27669,-0.16698,-0.17348,0.0092175
c1_h0.833_L1_im_tp5_p3,1.375,-2.628,0.092702,0.25966,0.26613,-0.16696,-0.17343,0.011744
c1_h0.833_L1_im_tp5_p3,1.625,-2.628,0.081822,0.24876,0.2552,-0.16694,-0.17338,0.013611
c1_h0.833_L1_im_tp5_p3,1.875,-2.628,0.0695,0.23641,0.24282,-0.16691,-0.17332,0.016323
c1_h0.833_L1_im_tp5_p3,2.125,-2.628,0.053982,0.22087,0.22725,-0.16689,-0.17326,0.018791
c1_h0.833_L1_im_tp5_p3,2.375,-2.628,0.036621,0.20349,0.20981,-0.16687,-0.17319,0.021444
c1_h0.833_L1_im_tp5_p3,2.625,-2.628,0.018773,0.1856,0.19189,-0.16682,-0.17312,0.024468
c1_h0.833_L1_im_tp5_p3,2.875,-2.628,-0.0038088,0.163,0.16925,-0.16681,-0.17306,0.027718
c1_h0.833_L1_im_tp5_p3,3.125,-2.628,-0.03341,0.13334,0.13955,-0.16675,-0.17296,0.031044
c1_h0.833_L1_im_tp5_p3,3.375,-2.628,-0.063403,0.10325,0.10943,-0.16665,-0.17284,0.033096
c1_h0.833_L1_im_tp5_p3,3.625,-2.628,-0.088272,0.078221,0.084366,-0.16649,-0.17264,0.030832
c1_h0.833_L1_im_tp5_p3,3.875,-2.628,-0.096262,0.070075,0.076254,-0.16634,-0.17252,0.029395
c1_h0.833_L1_im_tp5_p3,4.125,-2.628,-0.095985,0.070311,0.076449,-0.1663,-0.17243,0.025889
c1_h0.833_L1_im_tp5_p3,4.375,-2.628,-0.089342,0.076853,0.082966,-0.1662,-0.17231,0.024996
c1_h0.833_L1_im_tp5_p3,4.625,-2.628,-0.053898,0.1122,0.11836,-0.1661,-0.17225,0.022992
c1_h0.833_L1_im_tp5_p3,4.875,-2.628,-0.0040574,0.16202,0.16811,-0.16607,-0.17217,0.024748
c1_h0.833_L1_im_tp5_p3,5.125,-2.628,0.050419,0.21647,0.22255,-0.16605,-0.17213,0.024501
c1_h0.833_L1_im_tp5_p3,5.375,-2.628,0.1262,0.29198,0.29812,-0.16578,-0.17192,0.028465
c1_h0.833_L1_im_tp5_p3,5.625,-2.6207,0.20523,0.37106,0.37707,-0.16583,-0.17184,0.021851
c1_h0.833_L1_im_tp5_p3,5.875,-2.5799,0.25434,0.42005,0.42599,-0.16571,-0.17165,0.014036
c1_h0.833_L1_im_tp5_p3,6.125,-2.4926,0.2658,0.43133,0.43723,-0.16553,-0.17143,0.016373
c1_h0.833_L1_im_tp5_p3,6.375,-2.3387,0.22315,0.38878,0.39443,-0.16562,-0.17127,0.034539
c1_h0.833_L1_im_tp5_p3,6.625,-2.0899,0.088842,0.25372,0.25947,-0.16488,-0.17062,0.069805
c1_h0.833_L1_im_tp5_p3,6.875,-1.7636,-0.13009,0.034669,0.040204,-0.16476,-0.17029,0.077136
c1_h0.833_L1_im_tp5_p3,7.125,-1.4333,-0.36079,-0.19653,-0.19103,-0.16426,-0.16976,0.071641
c1_h0.833_L1_im_tp5_p3,7.375,-1.0951,-0.60408,-0.44006,-0.43472,-0.16402,-0.16936,0.078883
c1_h0.833_L1_im_tp5_p3,7.625,-0.77713,-0.82635,-0.66281,-0.65755,-0.16354,-0.1688,0.061444
c1_h0.833_L1_im_tp5_p3,7.875,-0.53026,-0.98342,-0.82034,-0.81521,-0.16309,-0.16821,0.045453
c1_h0.833_L1_im_tp5_p3,8.125,-0.34966,-1.0771,-0.91471,-0.90969,-0.1624,-0.16742,0.031413
c1_h0.833_L1_im_tp5_p3,8.375,-0.21562,-1.131,-0.96899,-0.96412,-0.16198,-0.16685,0.025453
c1_h0.833_L1_im_tp5_p3,8.625,-0.11536,-1.1537,-0.99231,-0.98762,-0.16138,-0.16607,0.019939
c1_h0.833_L1_im_tp5_p3,8.875,-0.049408,-1.1454,-0.98505,-0.98043,-0.16035,-0.16497,0.018905
c1_h0.833_L1_im_tp5_p3,9.125,-0.012397,-1.1162,-0.95631,-0.95189,-0.15986,-0.16428,0.021978
c1_h0.833_L1_im_tp5_p3,9.375,-0.00029523,-1.0605,-0.90162,-0.89735,-0.15893,-0.1632,0.02413
c1_h0.833_L1_im_tp5_p3,9.625,0,-0.99865,-0.84046,-0.83638,-0.15819,-0.16227,0.024749
c1_h0.833_L1_im_tp5_p3,9.875,0,-0.93477,-0.77774,-0.77382,-0.15703,-0.16095,0.023888
c1_h0.833_L1_im_tp5_p3,10.125,0,-0.87693,-0.72098,-0.71723,-0.15595,-0.15971,0.02541
c1_h0.833_L1_im_tp5_p3,10.375,0,-0.82537,-0.67007,-0.66658,-0.1553,-0.15879,0.027757
c1_h0.833_L1_im_tp5_p3,10.625,0,-0.77058,-0.61663,-0.6133,-0.15395,-0.15727,0.027003
c1_h0.833_L1_im_tp5_p3,10.875,0,-0.72079,-0.56781,-0.56469,-0.15298,-0.1561,0.028777
c1_h0.833_L1_im_tp5_p3,11.125,0,-0.67039,-0.51887,-0.51595,-0.15152,-0.15444,0.0283
c1_h0.833_L1_im_tp5_p3,11.375,0,-0.62557,-0.47532,-0.47259,-0.15026,-0.15298,0.030374
c1_h0.833_L1_im_tp5_p3,11.625,0,-0.58365,-0.43464,-0.4321,-0.14901,-0.15154,0.032709
c1_h0.833_L1_im_tp5_p3,11.875,0,-0.53941,-0.39193,-0.38961,-0.14748,-0.1498,0.033003
c1_h0.833_L1_im_tp5_p3,12.125,0,-0.50243,-0.35624,-0.35409,-0.14619,-0.14834,0.035533
c1_h0.833_L1_im_tp5_p3,12.375,0,-0.46057,-0.31615,-0.31421,-0.14441,-0.14635,0.035859
c1_h0.833_L1_im_tp5_p3,12.625,0,-0.42263,-0.27972,-0.278,-0.14292,-0.14463,0.039236
c1_h0.833_L1_im_tp5_p3,12.875,0,-0.38811,-0.24692,-0.24536,-0.14119,-0.14275,0.040775
c1_h0.833_L1_im_tp5_p3,13.125,0,-0.35325,-0.21387,-0.21251,-0.13938,-0.14073,0.042727
c1_h0.833_L1_im_tp5_p3,13.375,0,-0.32734,-0.18937,-0.18813,-0.13798,-0.13921,0.046843
c1_h0.833_L1_im_tp5_p3,13.625,0,-0.29485,-0.15888,-0.15784,-0.13596,-0.137,0.045522
c1_h0.833_L1_im_tp5_p3,13.875,0,-0.27129,-0.13707,-0.13615,-0.13422,-0.13514,0.04539
c1_h0.833_L1_im_tp5_p3,14.125,0,-0.24292,-0.11081,-0.11005,-0.13211,-0.13287,0.045951
c1_h0.833_L1_im_tp5_p3,14.375,0,-0.2201,-0.089922,-0.089288,-0.13018,-0.13081,0.04524
c1_h0.833_L1_im_tp5_p3,14.625,0,-0.20233,-0.073993,-0.07346,-0.12834,-0.12887,0.044651
c1_h0.833_L1_im_tp5_p3,14.875,0,-0.18406,-0.057883,-0.057454,-0.12617,-0.1266,0.040362
c1_h1_L1_im_tp5,0.125,-2.628,0.11031,0.28339,0.29166,-0.17308,-0.18135,0
c1_h1_L1_im_tp5,0.375,-2.628,0.10423,0.27744,0.28564,-0.17321,-0.18141,0.0034751
c1_h1_L1_im_tp5,0.625,-2.628,0.0981,0.27133,0.27949,-0.17323,-0.18139,0.0061719
c1_h1_L1_im_tp5,0.875,-2.628,0.093232,0.26645,0.2746,-0.17322,-0.18137,0.0083542
c1_h1_L1_im_tp5,1.125,-2.628,0.088797,0.26201,0.27014,-0.17322,-0.18135,0.010426
c1_h1_L1_im_tp5,1.375,-2.628,0.078452,0.25165,0.25975,-0.1732,-0.1813,0.013122
c1_h1_L1_im_tp5,1.625,-2.628,0.066677,0.23985,0.24792,-0.17318,-0.18125,0.015429
c1_h1_L1_im_tp5,1.875,-2.628,0.054193,0.22736,0.23539,-0.17317,-0.1812,0.018346
c1_h1_L1_im_tp5,2.125,-2.628,0.040632,0.21379,0.22177,-0.17316,-0.18114,0.021109
c1_h1_L1_im_tp5,2.375,-2.628,0.022301,0.19547,0.20339,-0.17316,-0.18109,0.024621
c1_h1_L1_im_tp5,2.625,-2.628,0.0021247,0.17524,0.18314,-0.17312,-0.18101,0.028349
c1_h1_L1_im_tp5,2.875,-2.628,-0.018081,0.15499,0.16286,-0.17307,-0.18094,0.03207
c1_h1_L1_im_tp5,3.125,-2.628,-0.0425,0.13049,0.13831,-0.17299,-0.18081,0.034549
c1_h1_L1_im_tp5,3.375,-2.628,-0.068957,0.10384,0.11166,-0.1728,-0.18062,0.0354
c1_h1_L1_im_tp5,3.625,-2.628,-0.09111,0.081619,0.08937,-0.17273,-0.18048,0.034612
c1_h1_L1_im_tp5,3.875,-2.628,-0.1018,0.070771,0.078557,-0.17257,-0.18036,0.031002
c1_h1_L1_im_tp5,4.125,-2.628,-0.10879,0.063766,0.071496,-0.17256,-0.18029,0.027876
c1_h1_L1_im_tp5,4.375,-2.628,-0.09522,0.077237,0.084984,-0.17246,-0.1802,0.02502
c1_h1_L1_im_tp5,4.625,-2.628,-0.057674,0.11465,0.12242,-0.17232,-0.1801,0.0251
c1_h1_L1_im_tp5,4.875,-2.628,-0.0090323,0.1633,0.17098,-0.17233,-0.18002,0.023529
c1_h1_L1_im_tp5,5.125,-2.628,0.044259,0.21655,0.22422,-0.17229,-0.17996,0.024024
c1_h1_L1_im_tp5,5.375,-2.628,0.11882,0.29082,0.29856,-0.17199,-0.17973,0.027907
c1_h1_L1_im_tp5,5.625,-2.6207,0.19878,0.37089,0.37847,-0.17211,-0.17969,0.021103
c1_h1_L1_im_tp5,5.875,-2.5799,0.24849,0.42049,0.42799,-0.17201,-0.1795,0.015216
c1_h1_L1_im_tp5,6.125,-2.4926,0.25703,0.42881,0.43625,-0.17178,-0.17922,0.018216
c1_h1_L1_im_tp5,6.375,-2.3387,0.2141,0.38601,0.39316,-0.17192,-0.17906,0.035222
c1_h1_L1_im_tp5,6.625,-2.0899,0.079332,0.25047,0.25773,-0.17114,-0.17839,0.07024
c1_h1_L1_im_tp5,6.875,-1.7636,-0.13791,0.033257,0.040233,-0.17116,-0.17814,0.078403
c1_h1_L1_im_tp5,7.125,-1.4333,-0.36623,-0.19553,-0.1886,-0.17071,-0.17764,0.074347
c1_h1_L1_im_tp5,7.375,-1.0951,-0.61255,-0.44206,-0.43533,-0.17048,-0.17722,0.080658
c1_h1_L1_im_tp5,7.625,-0.77713,-0.83683,-0.66689,-0.66026,-0.16995,-0.17658,0.062455
c1_h1_L1_im_tp5,7.875,-0.53026,-0.99274,-0.8232,-0.81674,-0.16954,-0.176,0.047496
c1_h1_L1_im_tp5,8.125,-0.34966,-1.0857,-0.9168,-0.91046,-0.16894,-0.17527,0.034987
c1_h1_L1_im_tp5,8.375,-0.21562,-1.1419,-0.97342,-0.96728,-0.16848,-0.17461,0.026255
c1_h1_L1_im_tp5,8.625,-0.11536,-1.1642,-0.99623,-0.99032,-0.16794,-0.17385,0.021692
c1_h1_L1_im_tp5,8.875,-0.049408,-1.1548,-0.9879,-0.98208,-0.16692,-0.17275,0.021519
c1_h1_L1_im_tp5,9.125,-0.012397,-1.1253,-0.95875,-0.95318,-0.16656,-0.17213,0.023728
c1_h1_L1_im_tp5,9.375,-0.00029523,-1.0701,-0.90446,-0.89909,-0.16562,-0.171,0.025136
c1_h1_L1_im_tp5,9.625,0,-1.0079,-0.84297,-0.83783,-0.16493,-0.17007,0.02584
c1_h1_L1_im_tp5,9.875,0,-0.9433,-0.77949,-0.77455,-0.16381,-0.16875,0.02495
c1_h1_L1_im_tp5,10.125,0,-0.88493,-0.72213,-0.7174,-0.1628,-0.16753,0.026646
c1_h1_L1_im_tp5,10.375,0,-0.83332,-0.67109,-0.66669,-0.16223,-0.16663,0.028892
c1_h1_L1_im_tp5,10.625,0,-0.77829,-0.61738,-0.61319,-0.16091,-0.1651,0.027842
c1_h1_L1_im_tp5,10.875,0,-0.72846,-0.56849,-0.56456,-0.15997,-0.1639,0.029438
c1_h1_L1_im_tp5,11.125,0,-0.67717,-0.51856,-0.51487,-0.15861,-0.1623,0.029682
c1_h1_L1_im_tp5,11.375,0,-0.6323,-0.47489,-0.47145,-0.15741,-0.16085,0.031343
c1_h1_L1_im_tp5,11.625,0,-0.5908,-0.43458,-0.43138,-0.15622,-0.15942,0.03325
c1_h1_L1_im_tp5,11.875,0,-0.54585,-0.39113,-0.38821,-0.15472,-0.15764,0.034187
c1_h1_L1_im_tp5,12.125,0,-0.50841,-0.35484,-0.35213,-0.15358,-0.15629,0.037102
c1_h1_L1_im_tp5,12.375,0,-0.46707,-0.31523,-0.31278,-0.15184,-0.15429,0.036828
c1_h1_L1_im_tp5,12.625,0,-0.42925,-0.27887,-0.27671,-0.15038,-0.15254,0.039674
c1_h1_L1_im_tp5,12.875,0,-0.39406,-0.24537,-0.24341,-0.14869,-0.15065,0.042075
c1_h1_L1_im_tp5,13.125,0,-0.35909,-0.21204,-0.21033,-0.14705,-0.14876,0.044285
c1_h1_L1_im_tp5,13.375,0,-0.33477,-0.18911,-0.18754,-0.14566,-0.14723,0.04641
c1_h1_L1_im_tp5,13.625,0,-0.30211,-0.15844,-0.15712,-0.14367,-0.14499,0.045518
c1_h1_L1_im_tp5,13.875,0,-0.27808,-0.13609,-0.13493,-0.14198,-0.14314,0.046164
c1_h1_L1_im_tp5,14.125,0,-0.24965,-0.10956,-0.1086,-0.14009,-0.14104,0.046691
c1_h1_L1_im_tp5,14.375,0,-0.22801,-0.089898,-0.08909,-0.13811,-0.13892,0.044769
c1_h1_L1_im_tp5,14.625,0,-0.21057,-0.074276,-0.073596,-0.13629,-0.13697,0.044104
c1_h1_L1_im_tp5,14.875,0,-0.19232,-0.058151,-0.057602,-0.13417,-0.13472,0.03997
c1_h2_L1_im_tp5,0.125,-2.628,0.024935,0.18385,0.21082,-0.15892,-0.18588,0
c1_h2_L1_im_tp5,0.375,-2.628,0.017611,0.17671,0.20343,-0.1591,-0.18582,0.0030079
c1_h2_L1_im_tp5,0.625,-2.628,0.010143,0.16941,0.19594,-0.15926,-0.1858,0.0050753
c1_h2_L1_im_tp5,0.875,-2.628,0.0037463,0.16313,0.18954,-0.15938,-0.18579,0.0064193
c1_h2_L1_im_tp5,1.125,-2.628,-0.0020987,0.15739,0.18368,-0.15949,-0.18578,0.0078172
c1_h2_L1_im_tp5,1.375,-2.628,-0.0095216,0.15013,0.17625,-0.15966,-0.18577,0.010083
c1_h2_L1_im_tp5,1.625,-2.628,-0.014913,0.14486,0.17085,-0.15977,-0.18576,0.010837
c1_h2_L1_im_tp5,1.875,-2.628,-0.019369,0.14058,0.16639,-0.15995,-0.18576,0.011724
c1_h2_L1_im_tp5,2.125,-2.628,-0.023879,0.13629,0.16187,-0.16017,-0.18575,0.012873
c1_h2_L1_im_tp5,2.375,-2.628,-0.02815,0.1323,0.15757,-0.16045,-0.18572,0.014217
c1_h2_L1_im_tp5,2.625,-2.628,-0.033308,0.1274,0.15239,-0.16071,-0.18569,0.015574
c1_h2_L1_im_tp5,2.875,-2.628,-0.038311,0.12268,0.14736,-0.16099,-0.18568,0.017156
c1_h2_L1_im_tp5,3.125,-2.628,-0.041747,0.11963,0.14388,-0.16137,-0.18563,0.019151
c1_h2_L1_im_tp5,3.375,-2.628,-0.045843,0.11597,0.13979,-0.16181,-0.18563,0.021812
c1_h2_L1_im_tp5,3.625,-2.628,-0.043208,0.11916,0.1424,-0.16236,-0.18561,0.029162
c1_h2_L1_im_tp5,3.875,-2.628,-0.049363,0.1133,0.13623,-0.16266,-0.1856,0.033032
c1_h2_L1_im_tp5,4.125,-2.628,-0.048588,0.1146,0.13699,-0.16318,-0.18558,0.040889
c1_h2_L1_im_tp5,4.375,-2.628,-0.025723,0.13791,0.15979,-0.16363,-0.18551,0.042401
c1_h2_L1_im_tp5,4.625,-2.628,0.01652,0.18068,0.20196,-0.16416,-0.18544,0.038392
c1_h2_L1_im_tp5,4.875,-2.628,0.075611,0.24045,0.26099,-0.16484,-0.18538,0.036484
c1_h2_L1_im_tp5,5.125,-2.628,0.13588,0.30137,0.32123,-0.16548,-0.18535,0.034723
c1_h2_L1_im_tp5,5.375,-2.628,0.19652,0.36206,0.38163,-0.16555,-0.18511,0.035585
c1_h2_L1_im_tp5,5.625,-2.6207,0.25774,0.42397,0.44279,-0.16624,-0.18506,0.032318
c1_h2_L1_im_tp5,5.875,-2.5799,0.28669,0.45334,0.47164,-0.16665,-0.18495,0.02612
c1_h2_L1_im_tp5,6.125,-2.4926,0.26588,0.43276,0.45065,-0.16687,-0.18477,0.028909
c1_h2_L1_im_tp5,6.375,-2.3387,0.1991,0.36682,0.38381,-0.16772,-0.18472,0.041114
c1_h2_L1_im_tp5,6.625,-2.0899,0.035848,0.20301,0.21999,-0.16716,-0.18415,0.075325
c1_h2_L1_im_tp5,6.875,-1.7636,-0.20595,-0.038132,-0.021963,-0.16781,-0.18398,0.081689
c1_h2_L1_im_tp5,7.125,-1.4333,-0.45487,-0.28721,-0.27132,-0.16766,-0.18354,0.077437
c1_h2_L1_im_tp5,7.375,-1.0951,-0.7133,-0.54554,-0.53012,-0.16776,-0.18318,0.084675
c1_h2_L1_im_tp5,7.625,-0.77713,-0.95007,-0.78242,-0.76737,-0.16765,-0.18269,0.067021
c1_h2_L1_im_tp5,7.875,-0.53026,-1.1151,-0.94751,-0.9329,-0.16762,-0.18223,0.053424
c1_h2_L1_im_tp5,8.125,-0.34966,-1.2137,-1.0462,-1.032,-0.16744,-0.18167,0.04036
c1_h2_L1_im_tp5,8.375,-0.21562,-1.2763,-1.109,-1.0952,-0.16723,-0.18106,0.031981
c1_h2_L1_im_tp5,8.625,-0.11536,-1.3029,-1.1359,-1.1225,-0.16704,-0.18038,0.025937
c1_h2_L1_im_tp5,8.875,-0.049408,-1.2987,-1.1325,-1.1194,-0.1662,-0.17932,0.024567
c1_h2_L1_im_tp5,9.125,-0.012397,-1.2735,-1.1074,-1.0948,-0.16604,-0.17867,0.026601
c1_h2_L1_im_tp5,9.375,-0.00029523,-1.2175,-1.052,-1.0398,-0.16543,-0.17765,0.029057
c1_h2_L1_im_tp5,9.625,0,-1.1536,-0.98864,-0.97684,-0.16499,-0.17679,0.031112
c1_h2_L1_im_tp5,9.875,0,-1.0851,-0.9209,-0.90947,-0.16423,-0.17566,0.031027
c1_h2_L1_im_tp5,10.125,0,-1.0239,-0.86039,-0.84932,-0.16355,-0.17462,0.034249
c1_h2_L1_im_tp5,10.375,0,-0.97238,-0.80907,-0.79862,-0.1633,-0.17375,0.035844
c1_h2_L1_im_tp5,10.625,0,-0.91602,-0.75383,-0.74376,-0.16219,-0.17226,0.03371
c1_h2_L1_im_tp5,10.875,0,-0.86514,-0.70367,-0.69408,-0.16147,-0.17105,0.033445
c1_h2_L1_im_tp5,11.125,0,-0.81139,-0.65106,-0.64195,-0.16033,-0.16944,0.031946
c1_h2_L1_im_tp5,11.375,0,-0.7629,-0.60351,-0.59486,-0.15939,-0.16804,0.033405
c1_h2_L1_im_tp5,11.625,0,-0.7175,-0.55904,-0.55083,-0.15846,-0.16667,0.035793
c1_h2_L1_im_tp5,11.875,0,-0.66918,-0.51189,-0.50419,-0.1573,-0.16499,0.038478
c1_h2_L1_im_tp5,12.125,0,-0.62834,-0.47199,-0.46469,-0.15636,-0.16366,0.041546
c1_h2_L1_im_tp5,12.375,0,-0.58357,-0.42869,-0.42189,-0.15489,-0.16169,0.039622
c1_h2_L1_im_tp5,12.625,0,-0.54298,-0.38922,-0.38301,-0.15375,-0.15997,0.040426
c1_h2_L1_im_tp5,12.875,0,-0.50526,-0.3531,-0.34729,-0.15216,-0.15797,0.040504
c1_h2_L1_im_tp5,13.125,0,-0.46769,-0.31699,-0.31171,-0.1507,-0.15599,0.04236
c1_h2_L1_im_tp5,13.375,0,-0.43914,-0.28979,-0.28485,-0.14936,-0.1543,0.046221
c1_h2_L1_im_tp5,13.625,0,-0.40138,-0.25374,-0.24936,-0.14765,-0.15203,0.047135
c1_h2_L1_im_tp5,13.875,0,-0.3712,-0.22508,-0.22109,-0.14612,-0.15011,0.048932
c1_h2_L1_im_tp5,14.125,0,-0.33685,-0.19235,-0.18885,-0.14451,-0.14801,0.05063
c1_h2_L1_im_tp5,14.375,0,-0.31026,-0.16761,-0.16448,-0.14265,-0.14579,0.048707
c1_h2_L1_im_tp5,14.625,0,-0.28885,-0.14793,-0.14513,-0.14092,-0.14372,0.04833
c1_h2_L1_im_tp5,14.875,0,-0.26648,-0.12771,-0.12524,-0.13877,-0.14124,0.044168
c1_h2_L2_std,0.125,-2.628,0.19187,0.34569,0.35498,-0.15382,-0.16311,0
c1_h2_L2_std,0.375,-2.628,0.18308,0.33659,0.34581,-0.1535,-0.16273,0.0050732
c1_h2_L2_std,0.625,-2.628,0.17399,0.32741,0.33656,-0.15342,-0.16258,0.0082136
c1_h2_L2_std,0.875,-2.628,0.16707,0.32046,0.32955,-0.15339,-0.16249,0.0097908
c1_h2_L2_std,1.125,-2.628,0.16035,0.31371,0.32275,-0.15337,-0.16241,0.011611
c1_h2_L2_std,1.375,-2.628,0.15043,0.30376,0.31273,-0.15334,-0.1623,0.015275
c1_h2_L2_std,1.625,-2.628,0.14398,0.29729,0.3062,-0.15331,-0.16222,0.016925
c1_h2_L2_std,1.875,-2.628,0.13472,0.288,0.29685,-0.15328,-0.16213,0.020133
c1_h2_L2_std,2.125,-2.628,0.123,0.27624,0.28502,-0.15324,-0.16202,0.021002
c1_h2_L2_std,2.375,-2.628,0.10481,0.25797,0.26665,-0.15316,-0.16184,0.022759
c1_h2_L2_std,2.625,-2.628,0.08439,0.23746,0.24605,-0.15307,-0.16166,0.023024
c1_h2_L2_std,2.875,-2.628,0.062258,0.21524,0.22373,-0.15298,-0.16147,0.0252
c1_h2_L2_std,3.125,-2.628,0.04122,0.19413,0.20248,-0.15291,-0.16126,0.029038
c1_h2_L2_std,3.375,-2.628,0.019085,0.17194,0.18013,-0.15285,-0.16105,0.031363
c1_h2_L2_std,3.625,-2.628,0.0073919,0.16021,0.16822,-0.15281,-0.16083,0.040196
c1_h2_L2_std,3.875,-2.628,-0.016453,0.13628,0.14419,-0.15274,-0.16064,0.04422
c1_h2_L2_std,4.125,-2.628,-0.029954,0.12276,0.13048,-0.15271,-0.16044,0.054975
c1_h2_L2_std,4.375,-2.628,-0.019181,0.13343,0.14099,-0.15261,-0.16017,0.055657
c1_h2_L2_std,4.625,-2.628,0.017875,0.17041,0.17776,-0.15253,-0.15989,0.045442
c1_h2_L2_std,4.875,-2.628,0.079374,0.23187,0.23898,-0.15249,-0.15961,0.040656
c1_h2_L2_std,5.125,-2.628,0.13881,0.29125,0.29813,-0.15244,-0.15931,0.033894
c1_h2_L2_std,5.375,-2.628,0.20338,0.35556,0.36231,-0.15218,-0.15893,0.034089
c1_h2_L2_std,5.625,-2.6207,0.26665,0.41876,0.42525,-0.1521,-0.1586,0.030372
c1_h2_L2_std,5.875,-2.5799,0.29943,0.45137,0.45767,-0.15194,-0.15824,0.02446
c1_h2_L2_std,6.125,-2.4926,0.28412,0.43584,0.44198,-0.15171,-0.15785,0.024943
c1_h2_L2_std,6.375,-2.3387,0.22472,0.37632,0.38215,-0.1516,-0.15744,0.037616
c1_h2_L2_std,6.625,-2.0899,0.071683,0.2226,0.22837,-0.15091,-0.15669,0.070132
c1_h2_L2_std,6.875,-1.7636,-0.16233,-0.011683,-0.0061969,-0.15065,-0.15613,0.077954
c1_h2_L2_std,7.125,-1.4333,-0.40269,-0.25258,-0.24723,-0.15012,-0.15547,0.076346
c1_h2_L2_std,7.375,-1.0951,-0.652,-0.50231,-0.49713,-0.14969,-0.15487,0.082309
c1_h2_L2_std,7.625,-0.77713,-0.88372,-0.73463,-0.72963,-0.14909,-0.15409,0.062597
c1_h2_L2_std,7.875,-0.53026,-1.0426,-0.89405,-0.88922,-0.14855,-0.15338,0.047936
c1_h2_L2_std,8.125,-0.34966,-1.1384,-0.99051,-0.98585,-0.1479,-0.15256,0.034623
c1_h2_L2_std,8.375,-0.21562,-1.1978,-1.0506,-1.0461,-0.14722,-0.15173,0.02628
c1_h2_L2_std,8.625,-0.11536,-1.2233,-1.0768,-1.0725,-0.14646,-0.15078,0.021532
c1_h2_L2_std,8.875,-0.049408,-1.2205,-1.0751,-1.071,-0.14531,-0.14951,0.020309
c1_h2_L2_std,9.125,-0.012397,-1.1933,-1.0486,-1.0446,-0.14463,-0.14865,0.022
c1_h2_L2_std,9.375,-0.00029523,-1.1388,-0.99533,-0.99148,-0.14349,-0.14734,0.025279
c1_h2_L2_std,9.625,0,-1.0742,-0.93152,-0.92782,-0.14264,-0.14633,0.027416
c1_h2_L2_std,9.875,0,-1.0072,-0.86581,-0.86228,-0.14141,-0.14494,0.026889
c1_h2_L2_std,10.125,0,-0.94739,-0.80705,-0.80367,-0.14034,-0.14372,0.028887
c1_h2_L2_std,10.375,0,-0.89588,-0.75644,-0.75326,-0.13944,-0.14263,0.030875
c1_h2_L2_std,10.625,0,-0.84145,-0.70356,-0.70052,-0.13789,-0.14093,0.029741
c1_h2_L2_std,10.875,0,-0.79136,-0.65465,-0.65178,-0.13671,-0.13958,0.030111
c1_h2_L2_std,11.125,0,-0.73934,-0.60434,-0.60164,-0.135,-0.1377,0.029726
c1_h2_L2_std,11.375,0,-0.692,-0.55841,-0.55587,-0.13359,-0.13613,0.032041
c1_h2_L2_std,11.625,0,-0.64779,-0.5155,-0.51311,-0.13228,-0.13468,0.035357
c1_h2_L2_std,11.875,0,-0.60078,-0.47026,-0.46804,-0.13051,-0.13274,0.039108
c1_h2_L2_std,12.125,0,-0.56151,-0.43212,-0.43002,-0.12939,-0.13148,0.042666
c1_h2_L2_std,12.375,0,-0.51878,-0.39145,-0.38952,-0.12733,-0.12926,0.041044
c1_h2_L2_std,12.625,0,-0.48011,-0.35459,-0.35283,-0.12553,-0.12729,0.041629
c1_h2_L2_std,12.875,0,-0.44467,-0.32105,-0.31942,-0.12362,-0.12525,0.041792
c1_h2_L2_std,13.125,0,-0.40893,-0.28746,-0.28598,-0.12148,-0.12296,0.043412
c1_h2_L2_std,13.375,0,-0.38268,-0.26257,-0.26119,-0.12011,-0.12149,0.047296
c1_h2_L2_std,13.625,0,-0.34674,-0.22914,-0.22792,-0.11761,-0.11882,0.047915
c1_h2_L2_std,13.875,0,-0.31874,-0.2028,-0.20169,-0.11594,-0.11705,0.049623
c1_h2_L2_std,14.125,0,-0.28613,-0.17241,-0.17145,-0.11371,-0.11468,0.05141
c1_h2_L2_std,14.375,0,-0.26131,-0.14981,-0.14896,-0.11149,-0.11235,0.049689
c1_h2_L2_std,14.625,0,-0.24143,-0.13198,-0.13122,-0.10946,-0.11022,0.049418
c1_h2_L2_std,14.875,0,-0.2206,-0.11359,-0.11293,-0.107,-0.10767,0.04522
