case,h,L,form,tp,travel,pen,explicit,vert_rms_mm,vert_max_mm,vert_bias_mm,normal_rms_mm,upper_rms_mm,rim_sag_mm,deep_rms_mm,deep_bias_mm,flange_rms_mm,free_flange_bias_mm,frame_plane_max_mm,frame_flatness_rms_mm,vert_rms_framereg_mm,rim_sag_framereg_mm,depth_release_mm,form_vert_rms_mm,form_rim_mm,depth_form_mm,sb_rel_rms_mm,sb_rel_max_mm,sb_unload_rms_mm,sb_tot_rms_mm,sb_tot_max_mm,sb_tot_bias_mm,min_thickness_mm,runtime_s,increments,iterations,cuts,max_peeq,dofs,fz_mean_N,fz_max_N,warnings,x_steps,x_max_kinetic_ratio,x_peak_kinetic_ratio,x_added_mass_fraction,x_max_penetration_ratio,x_max_energy_error,x_time_step_s
bench_cache,2,2,std,0,1,10,,0.76652,1.4264,-0.54475,0.76579,1.1645,-1.1511,0.36735,-0.18764,0.39886,-0.45483,0.050089,0.029186,0.73259,-1.1022,3.1729,0.68505,-1.0292,3.0818,0.15143,0.15817,0.033928,0.12004,0.13895,-0.11937,0.85671,353.66,288,1906,9,0.38229,3969,565.93,967.8,,,,,,,,
h0.625_L1_im_tp7,0.625,1,im,7,1,10,,0.68753,1.2358,-0.51213,0.68308,1.052,-1.0385,0.3152,-0.20214,0.35245,-0.39333,0.067246,0.03423,0.64817,-0.98428,3.2245,0.59784,-0.90911,3.108,0.15541,0.16783,0.029511,0.13146,0.15715,-0.1298,0.84967,4440.8,507,3587,4,0.59391,25350,528.2,747.2,,,,,,,,
h0.625_L2_std_x05,0.625,2,std,0,1,10,"{""speed"": 0.5, ""dt"": 1e-06, ""sc"": 0.5}",0.68092,1.2278,-0.49714,0.67546,1.0422,-1.0289,0.31143,-0.18395,0.3422,-0.37599,0.053079,0.026809,0.65177,-0.98819,3.2093,0.61093,-0.92702,3.1235,0.12518,0.13553,0.026714,0.10471,0.12754,-0.10273,0.84883,6615.2,20,74,0,0.50763,38025,430.03,794.38,,1.9939e+05,0.0016966,0.83973,338.39,0.0093873,4.8816e-05,1e-06
h0.714_L1_im_tp5,0.71429,1,im,5,1,10,,0.69129,1.2429,-0.51372,0.68636,1.0567,-1.0434,0.31888,-0.2018,0.35331,-0.39416,0.071296,0.033881,0.65189,-0.98894,3.2189,0.60298,-0.91571,3.1066,0.15424,0.16772,0.030214,0.12967,0.15645,-0.12785,0.84778,2443.3,495,3551,3,0.58284,19494,496.67,757.1,,,,,,,,
h0.714_L1_im_tp5_p3,0.71429,1,im,5,1,3,,0.69837,1.253,-0.51983,0.69368,1.067,-1.0538,0.32313,-0.20538,0.35739,-0.3993,0.071701,0.034336,0.65789,-0.99796,3.2172,0.60763,-0.92283,3.1019,0.15724,0.17037,0.03003,0.13277,0.15917,-0.13106,0.84735,1447.6,216,1745,1,0.5599,19494,462.86,751.85,,,,,,,,
h0.833_L1_im_tp5,0.83333,1,im,5,1,10,,0.69752,1.2502,-0.51844,0.69258,1.0655,-1.0523,0.32314,-0.20405,0.3559,-0.39737,0.066224,0.034242,0.65726,-0.99668,3.2192,0.60722,-0.92172,3.1086,0.15715,0.169,0.030312,0.13218,0.15782,-0.13057,0.84944,1585.8,483,3351,3,0.55156,14406,492.55,776.85,,,,,,,,
h0.833_L1_im_tp5_p3,0.83333,1,im,5,1,3,,0.70553,1.2649,-0.52539,0.70114,1.0778,-1.0646,0.32683,-0.20782,0.36122,-0.40431,0.066785,0.034994,0.66354,-1.0067,3.2196,0.61221,-0.92994,3.1059,0.16187,0.17312,0.031224,0.136,0.16152,-0.13445,0.84926,798.43,221,1651,1,0.5284,14406,481.1,771.17,,,,,,,,
h1_L1_im_tp5,1,1,im,5,1,10,,0.71025,1.2732,-0.52677,0.70558,1.0839,-1.0708,0.33121,-0.20638,0.36298,-0.40665,0.075884,0.0341,0.66524,-1.0083,3.2045,0.61693,-0.93537,3.0926,0.16406,0.17648,0.033119,0.1371,0.1645,-0.13523,0.84694,1030.3,455,3003,3,0.53515,10086,518.78,789.2,,,,,,,,
h1_L1_im_tp7,1,1,im,7,1,10,,0.70836,1.2741,-0.52461,0.70394,1.0816,-1.0685,0.32909,-0.20433,0.36235,-0.40573,0.074986,0.033911,0.66299,-1.0054,3.2061,0.61547,-0.93339,3.0943,0.16439,0.17644,0.033804,0.13679,0.16402,-0.13493,0.84786,1588.8,418,2814,4,0.54914,10086,521.65,783.8,,,,,,,,
h1_L2_im_tp3,1,2,im,3,1,10,,0.71112,1.269,-0.52968,0.70522,1.0837,-1.0709,0.3344,-0.21093,0.35913,-0.40035,0.07203,0.033297,0.66513,-1.0073,3.2181,0.61511,-0.93222,3.1,0.16311,0.17453,0.028117,0.13975,0.16376,-0.13845,0.8476,1667.6,533,3474,5,0.47141,15129,514.6,795.75,,,,,,,,
h1_L2_std,1,2,std,0,1,10,,0.71598,1.2798,-0.53229,0.70949,1.0891,-1.0764,0.34049,-0.21186,0.36054,-0.40146,0.061783,0.0288,0.67586,-1.021,3.2111,0.62299,-0.9422,3.094,0.15539,0.16623,0.024243,0.13503,0.157,-0.13404,0.84076,1600.7,477,3170,5,0.45777,15129,534.22,854.06,,,,,,,,
h1_L2_std_x05,1,2,std,0,1,10,"{""speed"": 0.5, ""dt"": 1e-06, ""sc"": 0.5}",0.70308,1.2611,-0.51602,0.69627,1.0715,-1.0586,0.33054,-0.19647,0.34983,-0.38489,0.053137,0.024633,0.66951,-1.0118,3.1997,0.62613,-0.9472,3.1004,0.13218,0.14147,0.022401,0.11257,0.13046,-0.11182,0.84206,2463.4,20,72,0,0.48045,15129,455.08,850.91,,1.9939e+05,0.0056713,2.6974,256.68,0.0083049,0.00033389,1e-06
h2_L1_im_tp5,2,1,im,5,1,10,,0.81125,1.4686,-0.59109,0.81388,1.2309,-1.2179,0.39163,-0.22191,0.43551,-0.50543,0.083859,0.041986,0.75421,-1.1368,3.1813,0.71265,-1.0734,3.0844,0.18601,0.19514,0.048784,0.14264,0.17266,-0.14081,0.88046,248.72,297,1988,6,0.33367,2646,421.43,845.97,,,,,,,,
h2_L1_im_tp7,2,1,im,7,1,10,,0.80945,1.4663,-0.58956,0.81201,1.2284,-1.2154,0.39033,-0.22097,0.43391,-0.50297,0.083605,0.041896,0.75276,-1.1348,3.1818,0.71128,-1.0714,3.0845,0.18565,0.19463,0.048817,0.14224,0.17184,-0.14042,0.88036,307.83,333,2120,10,0.34404,2646,416.22,845.89,,,,,,,,
h2_L2_im,2,2,im,0,1,10,,0.80347,1.4578,-0.58348,0.80409,1.219,-1.2063,0.38815,-0.2167,0.42222,-0.48521,0.08,0.03986,0.74803,-1.1272,3.185,0.70561,-1.0621,3.0839,0.18161,0.1901,0.044276,0.14189,0.16909,-0.14039,0.87853,391.61,290,2017,8,0.29222,3969,423.46,888.23,,,,,,,,
h2_L2_std,2,2,std,0,1,10,,0.76652,1.4264,-0.54475,0.76579,1.1645,-1.1511,0.36735,-0.18764,0.39886,-0.45483,0.050089,0.029186,0.73259,-1.1022,3.1729,0.68505,-1.0292,3.0818,0.15143,0.15817,0.033928,0.12004,0.13895,-0.11937,0.85671,214.63,288,1906,9,0.38229,3969,565.93,967.8,,,,,,,,
h2_L2_std_p3,2,2,std,0,1,3,,0.76761,1.4182,-0.54573,0.76705,1.1661,-1.1528,0.36793,-0.18821,0.39947,-0.45536,0.050109,0.028706,0.73369,-1.104,3.1762,0.68574,-1.0302,3.0807,0.14918,0.15658,0.030138,0.12128,0.13981,-0.12066,0.85793,77.135,161,1094,2,0.3713,3969,576.07,968.23,,,,,,,,
h2_L2_std_p30,2,2,std,0,1,30,,0.76651,1.424,-0.54483,0.76552,1.1641,-1.1508,0.36804,-0.18796,0.39765,-0.45268,0.049,0.028581,0.73356,-1.1034,3.17,0.68683,-1.0317,3.081,0.14776,0.15503,0.032834,0.11744,0.13687,-0.11672,0.85692,221.14,445,2844,10,0.37915,3969,592.12,972.68,,,,,,,,
h2_L2_std_rel40,2,2,std,0,1,10,,0.76653,1.4264,-0.54476,0.7658,1.1645,-1.1511,0.36736,-0.18765,0.39887,-0.45484,0.05009,0.029188,0.7326,-1.1023,3.1729,0.68505,-1.0292,3.0818,0.15143,0.15818,0.033922,0.12005,0.13896,-0.11938,0.85671,160.83,348,2071,9,0.38229,3969,565.93,967.8,,,,,,,,
h2_L2_std_t0.5,2,2,std,0,0.5,10,,0.76673,1.4237,-0.54543,0.76584,1.1646,-1.1512,0.36795,-0.18867,0.39835,-0.45387,0.050067,0.028658,0.73297,-1.1026,3.1708,0.68636,-1.0312,3.0816,0.14906,0.15631,0.033391,0.11829,0.13818,-0.11754,0.85735,154.24,302,1941,4,0.37899,3969,557.87,973.84,,,,,,,,
h2_L2_std_tol1e-8,2,2,std,0,1,10,,0.76705,1.4229,-0.54617,0.76624,1.1651,-1.1517,0.36804,-0.18954,0.39934,-0.45568,0.051609,0.029198,0.73232,-1.1018,3.176,0.68416,-1.0278,3.0817,0.15256,0.15909,0.032866,0.12211,0.1404,-0.12151,0.85633,138.49,241,1778,2,0.3774,3969,562.96,969.23,,,,,,,,
h2_L2_std_tp5,2,2,std,5,1,10,,0.76721,1.4232,-0.54609,0.76651,1.1655,-1.1521,0.3678,-0.18917,0.39951,-0.45577,0.051588,0.029064,0.73239,-1.102,3.1772,0.68432,-1.0281,3.0817,0.15176,0.15882,0.031675,0.12244,0.14088,-0.12182,0.85547,308.1,283,1908,9,0.3975,3969,554.11,964.08,,,,,,,,
h2_L2_std_x05,2,2,std,0,1,10,"{""speed"": 0.5, ""dt"": 1e-06, ""sc"": 0.5}",0.75378,1.405,-0.52835,0.7522,1.146,-1.1326,0.35966,-0.17251,0.38697,-0.43658,0.041933,0.02442,0.72566,-1.0916,3.1514,0.6831,-1.0261,3.0792,0.12204,0.12818,0.022177,0.10466,0.12508,-0.10374,0.85507,603.9,20,71,0,0.38475,3969,509.83,975.33,,1.9939e+05,0.019739,0.93623,229.83,0.0049939,0.0002661,1e-06
h2_L4_std,2,4,std,0,1,10,,0.76816,1.4259,-0.54613,0.76753,1.1666,-1.1532,0.36882,-0.18859,0.39919,-0.45493,0.049335,0.028941,0.73481,-1.1052,3.1718,0.68708,-1.032,3.0809,0.15051,0.15755,0.03353,0.11946,0.13833,-0.11879,0.85617,629.58,300,2086,6,0.40654,6615,569.35,984.27,,,,,,,,
