family,quantity,h,values,p,q_ext,err_h1,err_h2,err_h3,monotone
c1: IM 1 layer 2x2x5,vert_rms_mm,2/1/0.625,0.7484 / 0.6644 / 0.6508,2.3587,0.6441,0.10427,0.020329,0.006709,True
c1: IM 1 layer 2x2x5,vert_max_mm,2/1/0.625,1.3651 / 1.2092 / 1.1780,2.0239,1.1584,0.20674,0.050837,0.019637,True
c1: IM 1 layer 2x2x5,rim_sag_mm,2/1/0.625,-1.1978 / -1.0651 / -1.0427,2.2958,-1.0312,-0.16664,-0.033935,-0.011535,True
c1: IM 1 layer 2x2x5,deep_bias_mm,2/1/0.625,-0.0082 / -0.0099 / -0.0102,2.273,-0.010358,0.0022038,0.00045596,0.00015666,True
c1: IM 1 layer 2x2x5,free_flange_bias_mm,2/1/0.625,-0.4969 / -0.4036 / -0.3926,2.8524,-0.38865,-0.10828,-0.014993,-0.0039234,True
c1: IM 1 layer 2x2x5,depth_release_mm,2/1/0.625,2.7462 / 2.7963 / 2.8081,1.7615,2.8173,-0.071058,-0.020958,-0.0091576,True
c1: IM 1 layer 2x2x5,sb_tot_rms_mm,2/1/0.625,0.1666 / 0.1711 / 0.1653,,,,,,False
c1: IM 1 layer 2x2x5,sb_rel_rms_mm,2/1/0.625,0.1836 / 0.1779 / 0.1697,,,,,,True
c1: IM 1 layer 2x2x5,fz_mean_N,2/1/0.625,452.2000 / 456.0000 / 440.3900,,,,,,False
c1: IM 1 layer 2x2x5,release field RMS diff (part),2/1/0.625,"d(h1,h2) 0.0972, d(h2,h3) 0.0194",2.0256,,0.12879,0.031631,0.012208,True
c1: IM 1 layer 2x2x5,sb_tot field RMS diff (part),2/1/0.625,"d(h1,h2) 0.0099, d(h2,h3) 0.0063",0.12394,,0.12077,0.11083,0.10456,True
"c1: IM 1 layer 2x2x5 (h 2, 1, 0.833)",vert_rms_mm,2/1/0.8333333333333334,0.7484 / 0.6644 / 0.6570,2.2728,0.64253,0.10584,0.021901,0.014471,True
"c1: IM 1 layer 2x2x5 (h 2, 1, 0.833)",vert_max_mm,2/1/0.8333333333333334,1.3651 / 1.2092 / 1.1871,1.3367,1.107,0.25808,0.10218,0.08008,True
"c1: IM 1 layer 2x2x5 (h 2, 1, 0.833)",rim_sag_mm,2/1/0.8333333333333334,-1.1978 / -1.0651 / -1.0524,2.1216,-1.0255,-0.17229,-0.03959,-0.02689,True
"c1: IM 1 layer 2x2x5 (h 2, 1, 0.833)",deep_bias_mm,2/1/0.8333333333333334,-0.0082 / -0.0099 / -0.0043,,,,,,False
"c1: IM 1 layer 2x2x5 (h 2, 1, 0.833)",free_flange_bias_mm,2/1/0.8333333333333334,-0.4969 / -0.4036 / -0.3946,2.0866,-0.37491,-0.12202,-0.028726,-0.019636,True
"c1: IM 1 layer 2x2x5 (h 2, 1, 0.833)",depth_release_mm,2/1/0.8333333333333334,2.7462 / 2.7963 / 2.7833,,,,,,False
"c1: IM 1 layer 2x2x5 (h 2, 1, 0.833)",sb_tot_rms_mm,2/1/0.8333333333333334,0.1666 / 0.1711 / 0.1641,,,,,,False
"c1: IM 1 layer 2x2x5 (h 2, 1, 0.833)",sb_rel_rms_mm,2/1/0.8333333333333334,0.1836 / 0.1779 / 0.1701,,,,,,True
"c1: IM 1 layer 2x2x5 (h 2, 1, 0.833)",fz_mean_N,2/1/0.8333333333333334,452.2000 / 456.0000 / 462.1300,,,,,,True
"c1: IM 1 layer 2x2x5 (h 2, 1, 0.833)",release field RMS diff (part),2/1/0.8333333333333334,"d(h1,h2) 0.0972, d(h2,h3) 0.0143",1.2657,,0.16634,0.069179,0.054923,True
"c1: IM 1 layer 2x2x5 (h 2, 1, 0.833)",sb_tot field RMS diff (part),2/1/0.8333333333333334,"d(h1,h2) 0.0099, d(h2,h3) 0.0071",,,,,,False
"c1: IM 1 layer 2x2x5 (h 1, 0.833, 0.625)",vert_rms_mm,1/0.8333333333333334/0.625,0.6644 / 0.6570 / 0.6508,2.7854,0.64577,0.018659,0.011229,0.005039,True
"c1: IM 1 layer 2x2x5 (h 1, 0.833, 0.625)",vert_max_mm,1/0.8333333333333334/0.625,1.2092 / 1.1871 / 1.1780,6.0246,1.176,0.033153,0.011053,0.0019534,True
"c1: IM 1 layer 2x2x5 (h 1, 0.833, 0.625)",rim_sag_mm,1/0.8333333333333334/0.625,-1.0651 / -1.0524 / -1.0427,3.1751,-1.0362,-0.028898,-0.016198,-0.0064976,True
"c1: IM 1 layer 2x2x5 (h 1, 0.833, 0.625)",deep_bias_mm,1/0.8333333333333334/0.625,-0.0099 / -0.0043 / -0.0102,,,,,,False
"c1: IM 1 layer 2x2x5 (h 1, 0.833, 0.625)",free_flange_bias_mm,1/0.8333333333333334/0.625,-0.4036 / -0.3946 / -0.3926,,,,,,True
"c1: IM 1 layer 2x2x5 (h 1, 0.833, 0.625)",depth_release_mm,1/0.8333333333333334/0.625,2.7963 / 2.7833 / 2.8081,,,,,,False
"c1: IM 1 layer 2x2x5 (h 1, 0.833, 0.625)",sb_tot_rms_mm,1/0.8333333333333334/0.625,0.1711 / 0.1641 / 0.1653,,,,,,False
"c1: IM 1 layer 2x2x5 (h 1, 0.833, 0.625)",sb_rel_rms_mm,1/0.8333333333333334/0.625,0.1779 / 0.1701 / 0.1697,,,,,,True
"c1: IM 1 layer 2x2x5 (h 1, 0.833, 0.625)",fz_mean_N,1/0.8333333333333334/0.625,456.0000 / 462.1300 / 440.3900,,,,,,False
"c1: IM 1 layer 2x2x5 (h 1, 0.833, 0.625)",release field RMS diff (part),1/0.8333333333333334/0.625,"d(h1,h2) 0.0143, d(h2,h3) 0.0116",2.8836,,0.034865,0.020609,0.0089905,True
"c1: IM 1 layer 2x2x5 (h 1, 0.833, 0.625)",sb_tot field RMS diff (part),1/0.8333333333333334/0.625,"d(h1,h2) 0.0071, d(h2,h3) 0.0020",7.8591,,0.009264,0.0022106,0.00023046,True
