t,x,y,z
0,0.0046824562827488935,0,0.0060000000000000001
0.019087143936583246,0.004683027632589056,-6.4419318368745666e-07,0.0040059810203244657
0.028436075305456481,0.0045847972202245563,0.00097164680021130862,0.0039870516173817882
0.037785287420840148,0.0042789626452425632,0.0019013615456430362,0.0039575400448965264
0.047131372249355999,0.0037918597250576652,0.0027498519869500141,0.0039297361868291907
0.056479446218987574,0.0031378839218853187,0.0034750295557135279,0.003919050528874886
0.065820820244127706,0.0023468785861568879,0.0040516568741205501,0.0039097546719101556
0.075157488025946836,0.0014579954651299722,0.0044543356535220137,0.003901263412262654
0.084496116048889014,0.00049775608942253418,0.0046662353176066037,0.0038695098030319935
0.09383596117521216,-0.00047260062918926329,0.0046707905072862132,0.0038586502365967478
0.10317458919815432,-0.0014300253843487641,0.0044660087896214425,0.0038589108859277501
0.11251125697997347,-0.0023177394378104659,0.0040637936307170476,0.0038266846704220099
0.12185263100511361,-0.003111344776558543,0.0034958788907992477,0.0038073089827907174
0.13120070497474515,-0.0037745625532010787,0.0027750103120044562,0.0037861475995375573
0.14054678980326099,-0.0042743979730500287,0.0019325259777078455,0.0037545468115714993
0.14989600191864466,-0.0046003928585478943,0.00099925687268470208,0.0037345016233598346
0.1592449332875179,-0.0047068897233776162,2.8311417362418511e-05,0.0036731921146722609
0.16859386465639115,-0.0046118681155903887,-0.0009422109154402971,0.00368977128322088
0.17794307677177479,-0.0042941389911756523,-0.0018785421469324028,0.0036521131034262513
0.18728916160029063,-0.0037939292498385836,-0.0027244638427106832,0.0036570468421986031
0.19663723556992224,-0.003138182942662434,-0.0034549147212666964,0.0036340721353574877
0.20597860959506237,-0.0023485235065555232,-0.0040387533381257574,0.0036225550606639534
0.2153152773768815,-0.00147695951130321,-0.0044645018529303445,0.0036024634711239205
0.22465390539982369,-0.0005151449690638637,-0.0046922176982836048,0.003573932089595621
0.23399375052614679,0.0004461080292206106,-0.0047018931106400695,0.0035571128488475147
0.24333237854908893,0.0014106915909596997,-0.0044938834722088395,0.0035389945348756977
0.25318168094067345,0.0024067875637004514,-0.0042928585699458562,0.0035144190114394769
0.26296458509891713,0.0032133726778810342,-0.0036597063283605371,0.0034847508148728177
0.27264907459176052,0.0038703330579958313,-0.0028843708046290546,0.0034555843071589153
0.28224219805624734,0.0043665450521552709,-0.0020155301952070877,0.0034095606827037653
0.29174082077825719,0.004653672225029281,-0.0010531141551100823,0.0033868504260739711
0.30114685541618347,0.0047209245540120095,-8.5520636742791287e-05,0.00334470222850425
0.31047076298123116,0.00457674818452847,0.00088836536748810148,0.0033358002733282922
0.31969639185961241,0.0042224772871120716,0.0018031843476982506,0.0032896400690247416
0.32881619127001471,0.0036992469504191737,0.0026155533586757962,0.0032733568174231746
0.33790926637902585,0.003034333001106425,0.0033004963762370905,0.0032459316822570543
0.34677641970449763,0.0022618640144519511,0.0038229959348671681,0.0032205404763379795
0.35580405052224473,0.0013975655849057357,0.0042031457702898503,0.0031927852304552739
0.36446096445576787,0.00049838559974351771,0.0043720612229342882,0.0031612940727930015
0.37324578829955612,-0.00039424451337499586,0.0043373341638498113,0.0031457537953219171
0.38168021943970099,-0.0012524145176178621,0.0041064366571596988,0.003119731527638457
0.39047253388898157,-0.0020484441593816389,0.0036765344136616643,0.0030720120710198365
0.39870821755372249,-0.0027186273163312736,0.0031497111842767973,0.0030388736551443928
0.40720074257875155,-0.0032830420259984902,0.0024784235714206374,0.00301093772486998
0.4154192461838494,-0.0037081591671399472,0.0017560192109081505,0.0029978345564702479
0.42354271872684668,-0.0039650331987404197,0.00094277788021527968,0.0029763625453689321
0.43181461287079842,-0.0040336408673313862,0.00010510975697780504,0.0029289031497026323
0.4400259706485542,-0.0039012194769301812,-0.00075136447900578547,0.0029043166672813696
0.44790276269807666,-0.0036011343041385808,-0.0015355538747399843,0.0028599745995433919
0.45568562885750064,-0.0031845778028668499,-0.0022304156835084247,0.002840179859941676
0.46367987296565061,-0.0026204863182849847,-0.0028184766306406442,0.0028109085401394319
0.47097798184288531,-0.0020145662232640429,-0.003222730006945413,0.0027877841465318285
0.47914879020062462,-0.0012236617597994881,-0.003544510383983714,0.0027690451516637566
0.48624544012901283,-0.00048534308281389811,-0.0036717187425711908,0.0027456150340413516
0.49394042118263459,0.00030824237582505166,-0.0036406970896004395,0.002717112204493618
0.50081242869585862,0.0010066452098439255,-0.0034697491768270468,0.0026910822391509942
0.5087501241059309,0.0017435627779127639,-0.0031482219800232619,0.0026622599304166666
0.51542432164573915,0.0022846799224700964,-0.0027217351330490504,0.0026379809774928287
0.52282360118208271,0.0027703465273389107,-0.0021360397062565686,0.0026031605644577143
0.52971746830807853,0.0030949444141610185,-0.0015112904005841082,0.0025719617088838242
0.53651502619165758,0.0032690300220860479,-0.00082230997954322389,0.002539762548225119
0.54369796406805604,0.0033238152627895639,-9.1041946895252174e-05,0.0024962219180915011
0.55292290751412576,0.0032041089677565869,0.00084268934990462511,0.0024611680105237049
0.56206336937513068,0.0028079402991722639,0.0017002556086802914,0.002428910622537213
0.57093204816325949,0.0021782821245494477,0.0023640551285414296,0.0024015696079761743
0.57983694019720122,0.0013731740813220379,0.0028221685297453334,0.0023767340550288696
0.58822510203311995,0.00051542898603653266,0.0030176327960819817,0.0023513118832542259
0.59688639852360459,-0.00034535696807748043,0.0030273317141354043,0.0023254738588338389
0.60485052906053371,-0.0011354932935370831,0.0027939894233374621,0.0022813460207196448
0.61324624074142431,-0.0018601331901295327,0.0023041760985957464,0.0022257800322348234
0.62098022244226359,-0.0024099994051528886,0.001684963938836597,0.002184295934100711
0.62913965191185539,-0.0027493666871611058,0.00089809204555408597,0.0021675895500434549
0.6367631783562796,-0.0028331104004443563,0.00010562797922596045,0.0021260943215979412
0.64421423792286658,-0.0026846895043658066,-0.00066441118634025297,0.0020958016295093739
0.65204683041641509,-0.0023079165859668021,-0.001398241732189686,0.002041161376083035
0.65889740129025154,-0.0018387646796221022,-0.001946798465758395,0.0020125577133500395
0.66649828950092982,-0.0011399321646482358,-0.002367137543799424,0.0019808129449711644
0.67263622871524609,-0.00052385708011980908,-0.0024989943983854115,0.0019314183583874671
0.67999553519563094,0.00022961035708909459,-0.0024649264750660608,0.0018922835021430375
0.68569972587319983,0.00080047685467291322,-0.002272357059426802,0.001874232235194717
0.69277856883931133,0.0014184098886648052,-0.001860131969497948,0.001836193492031417
0.69849307154919005,0.00178589064370394,-0.0013939156799490007,0.0017975367588988003
0.70533657654261794,0.002059978175688414,-0.00073495353835659357,0.0017680064001557858
0.71117714606371585,0.0021048621347692607,-0.00016609917561776017,0.0017117414876203271
0.72038367260571956,0.0019386746630615482,0.0007627979135268817,0.0016979166483000289
0.72930288032595147,0.0013896384164329611,0.0015118870628388363,0.0016886960678972711
0.73848337947399689,0.00054959847117323931,0.002010497825864245,0.0017053271911996147
0.74719115816453108,-0.00033183220815300037,0.0020589212510920755,0.0016714733736448617
0.75632706205610378,-0.0011873219034341023,0.0016735614172261857,0.001653324500047381
0.76472743200605264,-0.001752440849875431,0.0010312701413819222,0.001641832553185152
0.77399783371615616,-0.0020196338481803153,0.00011049871129058322,0.0015946912793596284
0.78335541036655132,-0.0017947273601822871,-0.00083942207354442732,0.0015761705738826662
0.79149042768392641,-0.0012775425352205827,-0.0015000966463732204,0.0015549459196008873
0.80071290897414749,-0.00044588074530326562,-0.0019615122052079026,0.0015927867234598848
0.80834816388179609,0.00029172670921101096,-0.001984453201607111,0.001571345412498557
0.81749564323445389,0.0011246126095199884,-0.0015125566694530841,0.0015345909510249803
0.82510781602727745,0.0016653408818127222,-0.0009530594835196485,0.0015167031311176735
0.8345156699309354,0.0019459398986785435,-4.6734384168981359e-05,0.0014558886776859965
0.84396561010973092,0.0017152473361453054,0.00084883872704809217,0.0014669317273856783
0.85143036919934245,0.0012011555393532923,0.001394385315620148,0.0014639085300392107
0.86082120432367704,0.00034937901449941841,0.0018473557244706763,0.0015290237520496875
0.8666669345843141,-0.00019250554540870576,0.0018800930612268391,0.0015211725169228668
0.87605776970864868,-0.0010808333064462514,0.0014669569952449868,0.0014580702601135634
0.88352252879826032,-0.0016499455989264129,0.00096422230900861041,0.0014602839692145148
0.89297246897705573,-0.0019485648465391143,6.1187759728895187e-05,0.0014140988393308933
0.90242240915585126,-0.0017123124049714194,-0.0008425509333396424,0.0014614915915391949
0.9098871682454629,-0.0011925765305798959,-0.0013930256654516577,0.0014409568409889495
0.91927800336979748,-0.00033984012438492272,-0.0018484549560249131,0.0014994846104380655
0.92512373363043443,0.00020899143097317604,-0.0018766758650298929,0.0014873657728353665
0.93451456875476913,0.0010776539286414201,-0.0014502784522225261,0.001481553421890637
0.94197932784438065,0.0016352981885637149,-0.0009348662682193775,0.0014757790557740837
0.95142926802317618,0.0019013896217541758,9.3451963740873076e-06,0.0014871785133337286
1,0.0019191902595054437,-7.3555834268997265e-05,0.0066064825198261521
