deck_hash,status,runtime_s,exit_code,increments,newton_iterations,cuts,warnings,max_plastic_strain
00127652cca8e428a3e2194d171d3a930d18a63466e528d1d447662c3dfa6d31,complete,217.6,0,241,1661,3,1,0.5134
01b474536b0efd05047a71a80ced33088a6508dbfa3de831ba58cb2331448cff,complete,150.8,0,106,905,0,1,0.3873
025184bef205247b5e41c43df1300bf44b3b23a6abae7ee4da5d5cbab06dcc7a,complete,210.4,0,212,1324,5,1,0.1866
02ad6236a36b79b27a263dcc38f8b09ac06a02e5c2a4f32d95d46fe3817d8685,complete,311.4,0,289,1960,7,1,0.3532
02d55696052740ed2771deb3f9330cb05f9176ba069a7693ccd6609996888e6c,complete,447.3,0,417,2723,17,1,0.4005
032b00543d7742526af44100bf6c098fe8ca33b70b5f6267ce010673b7e0a681,complete,183.7,0,169,1158,3,1,0.1851
035b15c54877172763a4e9b98317d84538c77653bb0ea9eea2bf0c851e7757b8,complete,155,0,166,1103,6,1,0.3441
0571af3bb8f89e57e7e0f0772fb87b72a6d5eabbc44eb7af48652cbaa26545eb,complete,125.2,0,134,906,2,1,0.1814
05d10ffebcdf7548757e867c64ca8492c275d29b20090bfa4c81eb0d73292692,complete,212.7,0,223,1469,5,1,0.2614
06aab4591ca9476840727069adb7b838e9caca2476302d869a6a2103fbfb031a,complete,275.1,0,281,1912,7,1,0.3835
0730990da5cf8ef43e4f36a449ebd0a35920b7c7310228c50ed32ce4486d94c6,complete,155.1,0,144,1107,2,1,0.38
08fed7ebbab95bc038053b242485b7bdb8aa8f81d3185a11c1156b466691b3d9,complete,185.4,0,168,1172,3,1,0.3575
0bb169791e176b864c5380f6bdcb8db6fe0616847d40391271f13d9eac2bd979,complete,327.4,0,287,1915,10,1,0.3307
0c88182a73d787bdc50d4259955e2174f37a555c0f95fefe9d5194fcf7dcaab1,complete,132.3,0,120,863,2,1,0.1628
0e6482f97f029ffba76dbd19248dc8f98c2638e6089b976b268adab418dd772e,complete,158.9,0,179,1175,5,1,0.2008
0f0b2bddeea2be97ef29ea25180cbb67aeab6f6536f7e673f5134fa2381c523b,complete,311,0,171,1097,6,1,0.1983
10396389d03e9b5446b8dd8d9f36d801db595a31bd2eafd843313f556509ff0b,complete,296.1,0,304,2124,10,1,0.3483
10bc0ed7816b6c62ce03f691708e8ca6d12ae2ad8a9c544295e5ca3af26181e6,complete,199.4,0,199,1321,4,1,0.1934
10fdd87651996c875f91f3ee85bb22b3d7cd28eaa33d8ef0bd422314eb6ff963,complete,198.9,0,219,1462,2,1,0.3196
11d9d6e60fb3ff0b48cf54a5de385e724484af1314b6eff30db8defaa58260c4,complete,304.4,0,307,2067,7,1,0.3521
16515c4c940a7d63d1cd6e585bde83f84eb294dc7a5874226c815edbdb6953a7,complete,164,0,163,1111,3,1,0.1661
195aecd8413fa31e48d1c3da741431eeb6c0be76a728b9d3fb58f9ecad2b8aa6,complete,268.5,0,241,1744,3,1,0.3521
1add380ba584df172a2c1c2dfe3f8681f3ac31ae64f99dbc46a82e2a62644387,complete,423.9,0,267,1866,9,1,0.4264
1c6caf5ec5e2b59812c95a68c67ce2b5318ea25808d80ee3febb2f0c194b6fa0,complete,343.6,0,298,2080,12,1,0.1977
1cc42230077d07d861c30783baf12cd5d1d10ef53f6318b54c5313dd13fbeea2,complete,297.6,0,320,1954,6,1,0.2086
1cede9bf1873e5d0d36539fa589448571c2a137aaec47f93f700358a6bb3968d,complete,197.9,0,226,1479,7,1,0.1891
2154f94ba7408d486843e4046cd94a6955f6a901fa4067f255cedffdaf787088,complete,233,0,243,1592,5,1,0.174
22428f742dc198024fdb67ecc64482fa7aaeb249f25529e007cd6646a6c50deb,complete,358.2,0,293,1854,8,1,0.2145
2265e310b47da25267d2032dc7732aa0c70508dd6db53f40801848bc358a81c5,complete,227.9,0,184,1291,5,1,0.3558
228e1a03f67583c66e8c0d785823e83d8bc39d48e3759a513212a221dad8b665,complete,233.1,0,242,1580,9,1,0.1812
27ab04895d2c2b0f03d37eaa2407960457ae3bcc359ab042cd5fa3d8b336ea6e,complete,284.5,0,305,2040,8,1,0.3634
28249d605a7a0de56660855a22cda45a4ec567d33d9349854bd8c2f8c9ce7e6b,complete,190.1,0,161,1183,2,1,0.2096
2891bfb6843d42781f8164b08ffde4f5dfc347bdbf0f2a2d7ec49b06ac981262,complete,144.3,0,153,1034,2,1,0.1765
2b7651c9b5138abe40cd8e8e619825e2fd4ab08225d16c430de8ffc8ebaecbee,complete,199.3,0,237,1546,4,1,0.2066
2bdd2662e0c918bd76e54fc5eebe1f203654a11dfd1501b0bce32f59253cf8df,complete,466.3,0,266,1721,6,1,0.3573
30c892afa4cc78339720657fc6da550733b8cde9287548dbaa4a9fce2bf591f4,complete,334.4,0,338,2129,13,1,0.3513
34f6b2f93a89245306c968d9e43cae2b6df4398504d00470896129131a3b3242,complete,155.6,0,162,1142,3,1,0.3901
36262ae930b6a865a5bbf698dedf5a941df9cf07ec2126c8b33c28af663ac90d,complete,190,0,188,1382,5,1,0.5561
363e8bc36a62e5dece4543c0393c33075a14e9e248bc98a31781aaed6348ba01,complete,137.4,0,165,1030,1,1,0.1697
36f459f352edb9253e7156dadc98f258797badffe5bdade64e76ce2547204a17,complete,223.2,0,203,1367,8,1,0.3469
3a96799d20a5828f2e4bdd96f75858abd483fbe373f65f5e932dec2b6512ea77,complete,164.9,0,193,1208,2,1,0.1845
3c1d38a8c473f168ae1bbf3c1ee17baa546bfc799b95312c68f7f0762de5a100,complete,334.9,0,353,2332,10,1,0.4517
3c6e05ba7b508ae158f25c53446bbff3020340ee70ad512751f2d5cbed58660b,complete,353.7,0,288,1906,9,1,0.3823
3d0a7ca70e66a815ec9ed7a4c5f4a1f87fbb54eb8f9cd5bff2190de2c901c83b,complete,172.2,0,163,1170,2,1,0.3755
3d4628c72656319a7888fedad150d3245e04d73d45d11190c51da31e8abbae1f,complete,103.4,0,105,762,0,1,0.17
3e96984d7695a8a38db2f5304066c55c0095a32d15d3f21c9c50dfb184a7aec3,complete,150.8,0,154,1083,2,1,0.3698
428292db60234f4769776a51cb2cc66d73cce54a331f52ca209c906a20ff4324,complete,259.2,0,262,1921,5,1,0.2258
4501ae254be6d11a0fc2a5b46f4434145b96af785302b3a853093762b16f40e8,complete,161.5,0,144,1164,1,1,0.2459
4567531a920d254937b96af0921c4aa2b46975ed0966727e4ec8b2dbd8d07685,complete,157.9,0,162,1068,2,1,0.1851
47219db7adfe0021fbd4f5b8cc441ac35b018f9f911754eb83ad05baf09e8cae,complete,173.6,0,150,1060,2,1,0.1679
47a61f59ec54b6cc89edea371eeb8b828f34c11a90af5be1c27fc3badfbb4510,complete,430.2,0,452,3013,12,1,0.4176
49a7d65dcec939a796f236498048071e6f6e68e8e3fb576ce401243ede5dbc92,complete,305.4,0,177,1429,2,1,0.2666
49ccf69586071d4c75c0d463f9d2a5c8b66ae29803630ebf109251ea78d3265d,complete,283.6,0,257,1748,4,1,0.2031
4b116e2d7ef921f7a4101b0b4ba93aa56dbcbc69ac7233ebd1e5bc72aa513dc3,complete,163.7,0,164,1096,4,1,0.3462
4d30bed4517d96f3d754f2773cd79cb5f993d1d31d84439a206f8a7450e7b913,complete,287.7,0,153,1036,4,1,0.1907
4d4cb40d8e53d7d5b6c4c77549108c35c993fb5797bd98ebd0fa82db58d41405,complete,197.6,0,136,1037,2,1,0.3889
4ea65beaf60a40661334997ddbf6de8cf8996132e327454b92caaa8fd02e5f63,complete,214.8,0,235,1568,6,1,0.3414
50828ba5579b8239ab714f7bf25f400799cb916ed730ccdca6f9adc6c511d1ce,complete,252.2,0,248,1708,6,1,0.5363
52a86c0aaaca48b207fd362bc99acd60c2f37b6e5334196a7e319a8fd358fae5,complete,199.5,0,219,1429,6,1,0.1897
532f7cbc5cf53d92324796d33a90ae5e2679f9aaf9028db056979756870208b6,complete,152.7,0,151,1023,3,1,0.3579
53f04ddc2b898cd6cdb4a7f32d1e3dd43c564dee8b755aa21bf62b527ddd88ad,complete,197.1,0,148,1069,3,1,0.1623
57ae22dca5a7aaf0ab1a9863a6c99596c08be40d9d1be2bbdc3405e40dea3b87,complete,504.8,0,282,2012,8,1,0.2192
5a032643d147c016f7c2365d4ee1f3707aeb70d4f8b78d522c5985a129488a8d,complete,213.4,0,241,1453,5,1,0.1619
5a38bc2d1d26345008061c65ea83730a292a79fe2ecc379a62370f584647ae08,complete,231.3,0,233,1559,6,1,0.1855
5b8383d60aecdad7d9bf323ae82b1df5c95d458ae6af8cb1cb67d9a47e904487,complete,608.7,0,313,2132,9,1,0.3501
5d55c6e790a744f5bbe7dae7d7e3fe9734491002852acf7bbde2c7f453b80efc,complete,189.1,0,174,1161,3,1,0.1919
5dd0efef0ffab93b4fd9b3c8b65237767d59977637b864a18f66c5e2f4accf46,complete,213.3,0,199,1390,4,1,0.3523
5e031e19292a1e1dce0aadbf0ec459eaebb456c26cf907bcabeebb7c7ccbafbd,complete,472.1,0,283,1900,8,1,0.3383
5ea3731a90bc3c2e5f33a724a1ff62293d12d66e15d15fa6d08d3ce35acc27fb,complete,370.5,0,318,2026,8,1,0.3577
62a8f39bb27f565e06126dfcada410470ff08383acd866cc76a73cb2674842e8,complete,358.6,0,318,2154,9,1,0.5228
64babaf9e068ecb459ed6384f81aa4a42a88f7a9bd742d58bf1c5217671a8619,complete,230.2,0,207,1496,5,1,0.3226
66ddaa7a10eb0425eef007e6fcae3bfa4b58ba29c5b6a734ceb47ccc471b2180,complete,234.5,0,188,1367,3,1,0.2171
686f101a041df6dcfb56ee28c685d25a910c22ff58aa3700bbba557af3474971,complete,246.6,0,245,1651,6,1,0.2005
6bb92ff95a3b4428d28d3ee42636b418edc4e10177648a72b485bd1c0d989c13,complete,115.3,0,126,867,1,1,0.1797
6e5e20eb6aad2120cf66708c3225e4d46701a9af2249ffd9c0f0fc7dd4f87f00,complete,201.5,0,169,1210,4,1,0.1664
6e7402282371abd6cde00e35e75c0b0bcc81315e8af14ba7ba7a3a6fb189143f,complete,140.1,0,146,986,4,1,0.1805
6f33be51217702a34d6e442674f03282a944d6a4dcb4814c03d9ca9e313f074a,complete,209.4,0,244,1575,5,1,0.2008
6f6c8e518ebfc241c5f473a12bdf432a169e5f0ac90086dbf8fbe4069820f7cd,complete,177.9,0,167,1116,4,1,0.3445
712febe1690171804da4cc11deaf408aec1c9f12c22db20d472bac37a1938985,complete,174.9,0,189,1252,5,1,0.1835
733e2fba1a3463884553f4519058c6eac06cf94eec664cc707881fe82078b409,complete,102.9,0,96,681,2,1,0.1769
74377cc1cf0c526eecfbf2b5a18561f77b5a08b19fcf38b234b2046b1920e869,complete,327.9,0,296,2074,8,1,0.5269
746d339d927298111f01f3e5754b9c0c91972cead5bf49c0a1924124b6882329,complete,117.4,0,126,853,2,1,0.1879
75a292a037703bb77301afe9a36988b592a38d76ac7e00c213a0293629c02e52,complete,221.3,0,170,1167,3,1,0.3837
7a638007e165269c9085270ee41549b0e326bd47fb79388355001cc843afdba9,complete,197.8,0,197,1448,4,1,0.3481
7ae984b3e5513b8525e4c0cf486e634d98a30b51a7034ba06f3b88ef9c1037ad,complete,167.3,0,154,1139,2,1,0.3474
7fe702c893a8e8efdabdd958f694e81ed849069d2d5976fa2d2b67e4d07f04b3,complete,164.5,0,157,1082,4,1,0.191
80733294d23ef1075acf9479398537cb200fd7d59a7f8c743c95c105855d01bb,complete,281,0,292,1908,7,1,0.3799
84dbe0ad24aefb2631c97da207da0b73a7adb889167d795f2437623eb3d3186f,complete,283.8,0,287,1914,10,1,0.3207
84dbe4ca3883595afb2d828f757334cefd220b44335ce2485ef951abf116266f,complete,157.9,0,161,1084,2,1,0.2172
85f3883a388424a9da5d510394226589e9dd205fb3930e0b7a542e79eec5803d,complete,362.9,0,246,1842,6,1,0.2105
863562131f0fdeccd767ba58a43c86452d75e7abc4cfcc2e0c0a2a4cab532c06,complete,253.9,0,211,1533,5,1,0.3575
872ff28e5deb48e3deeea321f6a638b1d4250b5192a9efd38e9046a9cce30af4,complete,244,0,252,1671,7,1,0.1894
87882eb9bca9aa7e79911fae5e4fa4acf03c5895d097851e96e70d448ee0d306,complete,571.1,0,354,2333,10,1,0.3647
888ce27cfdb23910bd13c417741947419e86252f265df08e657287b783312de0,complete,228.5,0,212,1385,5,1,0.1911
890dbe309e8c7eba03c36f5c0f29fad51c01ccf2f5206883f3cd56a8ee6240fc,complete,155.2,0,149,975,4,1,0.3567
898f5823bb998a03a47bf9eccd7f48ffab1e151a07a6cea7874c22d5b6083791,complete,239,0,245,1611,5,1,0.5705
89a0f8387f654140f267c4acc51eecb25e0ad2d5cac357bb37ed51e5fc294fcd,complete,314.8,0,339,2190,10,1,0.4331
8a31f7467b46522273d30497ad4bc1b389496ee159f7a6ebcf57fbe5a3f5e00c,complete,190,0,183,1300,3,1,0.3348
8c539fe4ede7ed1b0ac48605b8b12f519bff86c4221ffe800b9392ecc5a8c4d7,complete,200.9,0,157,1237,2,1,0.3338
8cf2f954fd91076354a6eeb088a757b992721815067ebcb0cc545534114b7941,complete,374.7,0,342,2220,10,1,0.272
8eec3147964fabb9349505b1a38723410b409cd01e5819f45b2ca657862ed7d1,complete,228.5,0,238,1655,5,1,0.2816
8fab8c1d7c9e885d8b600d49e896c4d11f17123d4e2b7b70ed6efdb1d3473ba1,complete,272.2,0,318,1888,6,1,0.1856
900e41f82e789d107517885f42c7a9495c4142b9457fa2f2690cd567c25f1371,complete,247,0,222,1593,7,1,0.1671
922efd3cbfe341c5e99ed7646aaa21ba8655a3eac544ca24089ecafc4f7dfaa1,complete,294.4,0,321,2181,9,1,0.4825
93bcb6fd07495e0698cb1d3f6e41f52b1926a396aa3b90c5c099c308243d72aa,complete,194.4,0,233,1469,5,1,0.1899
944ecb2260e7d7f741c28f3fe35c8664a389f6acfd72187707d66d6b70e74f33,complete,227.6,0,148,1034,2,1,0.172
95363c0b4062b5f191e7275114e7fd543eb10aec7353ed19528dc988a878a4e4,complete,363.2,0,219,1455,6,1,0.3288
95b3e59912918325115fa6aeb81975d55844e123aa81a564d2abca30a94ed4ab,complete,284.3,0,261,1756,10,1,0.3488
97c1fdd7c5639fc63d912b3b6270ad21d6b1920c3185d258f2f6a319d4804275,complete,275.7,0,290,2101,3,1,0.3777
97c466b8b0cb8cc7ebf99683cc3e26950aea8c0ac6ac276859525d637d972a86,complete,310.8,0,279,1946,2,1,0.2411
97ed49c82bc174757dd58481c3a9a73e5cc7cb8016e18097fcc285355afff1cc,complete,174.8,0,162,1118,6,1,0.3535
9bc4d33595656e8ea10f67c1c65b20467aac135449272a52f18f476fa149207b,complete,319.9,0,298,2060,5,1,0.5274
9bc59a25ffe31f91eb9263f2d5084e362401f9fa7837fcfb26e5947f5dece65b,complete,350.7,0,261,1758,7,1,0.3303
9d45c99cb59c0c75063f64323adbb68270c71056f1898669258fb2b29afe36cd,complete,289.1,0,275,1987,4,1,0.2397
9f7b80894ac7dcb5c15e845d7727b6c0043c7b2c5480128a2141cdc1d1418175,complete,260.1,0,266,1837,3,1,0.3433
9f8da2a87661bbc928430f3bfe779349db573e99d534e326c7f840f06acd573b,complete,151.4,0,149,1086,3,1,0.3319
9fbde1e1d876bc80c0f444a4efec235828c09e8c255eb2e50240cce4f6c07da1,complete,295.5,0,250,1702,5,1,0.2108
a274756f162360a2924a3fb1e19cd853fcf816d98e5b8f680af285caab6c7194,complete,244.7,0,230,1508,6,1,0.3596
a4d56e7bd0416b30c4c0a361b05e0135692fed9c7402ef195793c0075c3ffd00,complete,190.2,0,178,1195,8,1,0.1894
a807fe5ede3de7de973779b638da45b43ac3552e855f74559f9812b4face08bd,complete,157.3,0,166,1124,6,1,0.1605
ad8669ed976a349eb06f6321bd1571035d8d75d6f33351ecef762727e962badb,complete,216.2,0,190,1355,4,1,0.3849
ae4b1eacc8de67dc11fb0657085588d8153470d20c8ad1e420a9a0c94674b19e,complete,369.8,0,204,1378,4,1,0.2083
b251b45c834f73af4abaf35cddca6d59b52e50cc8ae6f3ce1500eff7e03acbb6,complete,292.3,0,279,1863,11,1,0.3608
b3d5d8576ff4ab5d156a3a9d843926002a6698c25bdc4192cab99b23180c3e1c,complete,275.6,0,267,1937,3,1,0.3911
b4318038060045bbf9148f55803ade4fe757b107dc0097e73734a933ac3537c4,complete,309.7,0,347,2274,7,1,0.3509
b545e8a515cca5f30255b83374f2ad5b94ac5b58af86c9d21cbdf15706a9612c,complete,293.4,0,275,1810,9,1,0.3204
b55d20377b4beb226f9513664c708c0068396b0b5abf2ce6576f121f7188e828,complete,173.1,0,145,1017,4,1,0.351
b5693779b685779d6bb73e33a5ee9abbea8013f8881fabb58737bf1829e2d2af,complete,184.7,0,161,1246,3,1,0.1776
b6b6e2aa7d01b449ea69ebff0d0666669933f750d2f0b06e14aaab0f64f2ff17,complete,162.9,0,158,1084,3,1,0.178
b708a83b7744f6107399a9fb13a8a45fffbacbba2f47c604574ec238fdfcf289,complete,217.2,0,196,1344,5,1,0.207
b82e796ac9de3b99fb69914d5d2aa7da3471ba5f0221b0f225429ed17764681a,complete,246.7,0,250,1635,10,1,0.1735
b9919aca9be0416cb8814e7517dc0ce5d2bde2fe616bd30b4ab7a03647141bda,complete,270.8,0,290,1988,5,1,0.2883
ba773e0d518bc59ee20c62d392fa4efc3eec7a2c0c360d0e7aa3457247d9c9c1,complete,179.2,0,191,1333,5,1,0.1871
bbb24efa05b161c8a522920027cf757aafe00ec48a9bbf8031078ddf269c365e,complete,312.1,0,294,1990,6,1,0.5364
bdaf225c1789ad6c917969899d06007547489a8c0a00059a046b4fa3d1954f74,complete,392.2,0,349,2420,9,1,0.3513
c136697810d40f399eb3f6fbd56720f1f9f82872b1b7702581581b80da3f77d7,complete,154.5,0,138,877,4,1,0.1956
c291a18648d6658fc8a9af5f8d62686da3a7ab62a752874393e783ec65912b5e,complete,183.2,0,178,1231,3,1,0.3327
c3078628549ceb5fa83b23e3be6282f9737754c8a261122db8267b54fe929f19,complete,226.8,0,201,1477,5,1,0.2024
c57ca3d4ed62c2ce4d3365af68a26af51f3fda77b6de44ea63b8e8d6747d43ec,complete,194.5,0,212,1458,4,1,0.3254
c6764f83ecde325a1a8afa23fd62e91005f13e8183a40703c15ad12bdb9ab5f2,complete,146.3,0,120,899,1,1,0.1839
c69cd8d2035e1347f7ca203108b68bfe2401e789ed35770eb31ee19d3e0b1109,complete,199.1,0,226,1498,4,1,0.3385
c74977b79565037e1b52fcfb6adc9897c8fd1a1696ff20138f4edb40c0861033,complete,147.9,0,167,1130,2,1,0.1642
cb61d53027275d9a0967d9945430a4eba9e224d3fc787be7ce33f6577f6b3b8d,complete,248,0,233,1591,7,1,0.3186
cc7e012e7aef036436700e48960e7c7fcf8b01a48b687fa0c74b31adc1490030,complete,326.4,0,182,1212,4,1,0.1751
cd35dbfa5293554afa03e4174e6cccef851f946c5093d40de646d50ea3652356,complete,189.6,0,174,1213,3,1,0.222
cea5cc69e468ea57ad586cae2dae6a15313a4182dc4a34547c2041eee6a96940,complete,149.6,0,165,1114,2,1,0.1701
cfb2998a4c475b1d5c99c09a67f2b04b0f742e8a7537ea5c389b15b86fd0f6ba,complete,296.8,0,315,2108,6,1,0.3696
d12927a5a2159c50454e683d8863b74f9f1d081b50c9d5325708744fc7003201,complete,201.4,0,195,1323,5,1,0.3729
d1976670c9a7427c894f26ab985e4c5aea18796b99ac9487f3b4bbabf0873cb8,complete,129.6,0,121,858,2,1,0.1595
d3d5c2d326602821ded3da925a6e93f9767ca963222bc51a033c33e78f80c54d,complete,212.9,0,214,1400,3,1,0.182
d6002631857838c68132629c51c760438190ca8f048812e9b4a69082b7951e9b,complete,193.1,0,190,1369,2,1,0.3655
d6f620f9714125344a388a34759d4f69aa5e59f2bd8c07fd19b9a4487ad3789f,complete,302.8,0,342,2258,11,1,0.4006
d76701a2ff34f90d76417e095e67e997259ec87134131ee340226132c3436940,complete,312.6,0,377,2380,10,1,0.3662
d85c97db10d8b095923f4a2e64f3f191f61cfefd3e44103a02a2b990775c0927,complete,173.2,0,185,1293,3,1,0.187
d8e80cfdb1f70f0c0402c2b89d080eb1dbc92cddc43ced75bca7bae185fd81b0,complete,255.3,0,221,1582,5,1,0.3633
daf263022d8cb7d590fffa59572a7b4ab6e10945473573832ce4d80a36dfcd5c,complete,298.4,0,324,2054,8,1,0.3355
e019002ad28b6ade2d866acf3f8404f0f21098bd6488036139fc5a955b2044b7,complete,180.5,0,190,1263,3,1,0.3773
e4ada16f3bf9119113e8c09f38d3c68428e056b221b16761df7c6f719a565cd3,complete,393.7,0,232,1446,4,1,0.1793
ebeb26c774bd61fa6759e18a6dbe80db0b29ba6e2468dd1b508779da9d94b85c,complete,251,0,269,1871,8,1,0.3083
f007384541853c90a7ef6971f62b7418fe97a3f499e102fd49d5f4471c3ec49a,complete,254.3,0,301,1913,8,1,0.3422
f17ef4bfa5391c2c4e47591a203bd2ea108ec5306a13ec57810ef75c32e7ddb7,complete,233.1,0,222,1572,5,1,0.3846
f971aceae3c6d2b8b624fed519f11d692242d5ac3bb0cd7640965404d4286b6f,complete,150.4,0,162,1069,6,1,0.3404
fa2fc586efcf476a70335313dcf864f40d03bd27150dafb74676da96db26dc39,complete,139.2,0,129,1005,1,1,0.1571
faba29109befad884db4c43f485b5fe96f4385e4d82e8581eae8a9b8b34b5fde,complete,313.3,0,353,2197,8,1,0.5877
fc338905d904e00413a6462cecd4be200b92e438bc3805ddb2423fe75a8211cb,complete,236.1,0,235,1630,7,1,0.3596
fceeba7e172300f8faad6e04f42c971893693b808f4aa24f2631078396545c83,complete,186.1,0,148,1114,3,1,0.3807
