point_id,family,strategy,method,fe_run,commanded_max_mm,commanded_depth_mm,deck_hash,cache_hit,wall_runtime_s,vert_rms_mm,vert_max_mm,vert_bias_mm,normal_rms_mm,upper_band_rms_mm,upper_band_bias_mm,upper_band_max_mm,deep_rms_mm,deep_bias_mm,deep_max_mm,flange_rms_mm,flange_bias_mm,flange_max_mm,upper_band_share,completed,termination,runtime_s,increments,iterations,cuts,max_plastic_strain,warnings,warning_text,steps,unload_clamp_reaction_N,release_reaction_N,release_reference_force_N,wall_thickness_mm,sine_law_thickness_mm,chain_elapsed_s,plate_realised_clearance_mm,data_source
truncated_cone-s2026-0001,truncated_cone,none,uncompensated,1,0,2.62797,7a8efc66eada76b733b2a8903f4007e1726d04c0e006c80ffde0dea05ff86909,True,1840.65,0.656997,1.18709,-0.381798,0.652257,1.05997,-1.05236,1.18709,0.205334,-0.00431604,0.669119,0.334662,-0.22129,1.10125,0.937504,True,completed every step,1840.6,603,4082,4,0.428871,1,"step 'unload': the supports of release step 'unload' carry reactions of 194.222 N, 0.421027 of the reference force: they are not statically determinate (over-co","form,unload,release",194.222,5.99127e-14,461.306,0.974991,0.66365,2959.72,,SparLab simulation
truncated_cone-s2026-0001,truncated_cone,none,FE-DA-1,2,0,2.73906,685dcd5b1d0420f97da33a2d1e088a09f15a54ef51aefbef9208feb3f2464053,False,1528.8,0.600661,1.09913,-0.245916,0.599782,0.924547,-0.912278,1.09913,0.287592,0.129201,0.600217,0.306971,-0.203781,1.03006,0.853325,True,completed every step,1528.73,379,2847,2,0.415629,1,"step 'unload': the supports of release step 'unload' carry reactions of 191.299 N, 0.412082 of the reference force: they are not statically determinate (over-co","form,unload,release",191.299,3.04211e-13,464.224,0.981764,0.66365,2959.72,,SparLab simulation
truncated_cone-s2026-0001,truncated_cone,none,FE-DA-2,3,0,3.0043,1f7ac0dcadccbd82a8c9bee6c8fa7c44d2c0321d7cf9060afc50792e010bb565,False,1429.11,0.593037,1.05011,-0.215918,0.593194,0.896711,-0.883712,1.05011,0.311488,0.160003,0.650042,0.307645,-0.21262,0.986631,0.823486,True,completed every step,1429.04,337,2487,3,0.407256,1,"step 'unload': the supports of release step 'unload' carry reactions of 189.195 N, 0.412514 of the reference force: they are not statically determinate (over-co","form,unload,release",189.195,1.21046e-13,458.639,0.982817,0.66365,2959.72,,SparLab simulation
truncated_cone-s2026-0001,truncated_cone,backing_plate,uncompensated,1,0,2.62797,28f4ec734d4d1eb446aa5ce51950fb847dffdb7bc8036af89e6f6e641f9d7002,True,5062.54,0.344031,0.595149,-0.116912,0.319367,0.511682,-0.507198,0.595149,0.193903,0.102791,0.404259,0.0791514,-0.0479179,0.455911,0.796748,True,completed every step,5062.51,678,8107,3,0.591087,1,"step 'unload': the supports of release step 'unload' carry reactions of 172.592 N, 0.324919 of the reference force: they are not statically determinate (over-co","form,unload,release",172.592,5.17414e-13,531.185,0.956157,0.66365,4663.32,1.1443,SparLab simulation
truncated_cone-s2026-0001,truncated_cone,backing_plate,FE-DA-1,2,0,2.76877,43028dcba1dedf5201a4c1a92496518390c6cbacc783f13143c1ddbc7a5a0caf,False,2054.6,0.366336,0.650193,-0.0410165,0.344561,0.454276,-0.445577,0.566434,0.305906,0.186723,0.650193,0.0835302,-0.0567175,0.447652,0.553854,True,completed every step,2054.58,236,3022,1,0.536674,1,"step 'unload': the supports of release step 'unload' carry reactions of 172.504 N, 0.343751 of the reference force: they are not statically determinate (over-co","form,unload,release",172.504,2.25436e-13,501.83,0.970065,0.66365,4663.32,1.1443,SparLab simulation
truncated_cone-s2026-0001,truncated_cone,backing_plate,FE-DA-2,3,0,3.06427,c35e8b806fbb6e45431e4f2fd5cb2cc690d2441054266927c4423c53a2116e5d,False,2606.75,0.36816,0.702207,-0.0946045,0.34288,0.49054,-0.47869,0.702207,0.276378,0.121609,0.68346,0.0954908,-0.0698973,0.523903,0.639428,True,completed every step,2606.69,298,3668,2,0.600751,1,"step 'unload': the supports of release step 'unload' carry reactions of 157.047 N, 0.319813 of the reference force: they are not statically determinate (over-co","form,unload,release",157.047,1.73208e-13,491.059,0.970222,0.66365,4663.32,1.1443,SparLab simulation
truncated_cone-s2026-0001,truncated_cone,dsif,uncompensated,1,0,2.62797,af51305f413736aa2d265eff4bac6719cb832eb44f4d9acc7d3327223821967e,True,2966.67,0.364164,0.647707,0.029147,0.341754,0.432865,-0.398722,0.647707,0.319047,0.270007,0.602731,0.0689277,0.00996056,0.46846,0.508894,True,completed every step,2966.6,1070,6845,1,0.477098,1,"step 'unload': the supports of release step 'unload' carry reactions of 174.272 N, 0.210882 of the reference force: they are not statically determinate (over-co","form,unload,release",174.272,2.23709e-13,826.397,0.962321,0.66365,4972.21,,SparLab simulation
truncated_cone-s2026-0001,truncated_cone,dsif,FE-DA-1,2,0,2.87297,54a1e5f876d095acfcd4e937d29f216d83b77d06cbae8e2fdbdd3f1dd3ae8544,False,2315.21,0.400931,0.78617,0.0584561,0.379772,0.411205,-0.39043,0.648462,0.395029,0.311148,0.78617,0.0801937,0.0399135,0.509749,0.378873,True,completed every step,2315.14,663,4604,0,0.49096,1,"step 'unload': the supports of release step 'unload' carry reactions of 193.429 N, 0.326971 of the reference force: they are not statically determinate (over-co","form,unload,release",193.429,1.60001e-13,591.58,0.97689,0.66365,4972.21,,SparLab simulation
truncated_cone-s2026-0001,truncated_cone,dsif,FE-DA-2,3,0,3.20537,53c5c193b50cff2b8389825f250625e71e9cb4e4ef952afdcb191772728cd5c9,False,2653.85,0.395987,0.733927,0.0132075,0.373515,0.454023,-0.429236,0.67029,0.359215,0.262272,0.733927,0.0801623,0.01557,0.553866,0.473488,True,completed every step,2653.79,743,5062,3,0.495312,1,"step 'unload': the supports of release step 'unload' carry reactions of 191.461 N, 0.350678 of the reference force: they are not statically determinate (over-co","form,unload,release",191.461,2.39735e-13,545.974,0.977987,0.66365,4972.21,,SparLab simulation
