point_id,strategy,method,case,tool,shape,max_active_nodes,max_penetration_um,peak_force_N,rows,increments_in_contact,fz_max_N,fz_min_N,mean_abs_fz_in_contact_N,steps,data_source
dome-s2026-0000,backing_plate,uncompensated,uncompensated,tool,sphere,7,0.610255,734.395,133,131,706.527,0,511.588,1,SparLab simulation
dome-s2026-0000,backing_plate,uncompensated,uncompensated,plate,plane,48,0.349359,1230.37,133,131,0,-1225.87,988.14,1,SparLab simulation
dome-s2026-0000,backing_plate,FE-DA-1,FE-DA-1,tool,sphere,7,0.60106,727.079,108,106,701.193,0,493.394,1,SparLab simulation
dome-s2026-0000,backing_plate,FE-DA-1,FE-DA-1,plate,plane,48,0.312295,1201.58,108,106,0,-1196.44,946.591,1,SparLab simulation
dome-s2026-0001,backing_plate,uncompensated,uncompensated,tool,sphere,8,0.634799,922.486,571,567,871.329,0,676.047,1,SparLab simulation
dome-s2026-0001,backing_plate,uncompensated,uncompensated,plate,plane,56,0.421101,1597.43,571,569,0,-1591.48,1394.18,1,SparLab simulation
dome-s2026-0001,backing_plate,FE-DA-1,FE-DA-1,tool,sphere,9,0.611137,919.063,271,269,871.264,0,593.43,1,SparLab simulation
dome-s2026-0001,backing_plate,FE-DA-1,FE-DA-1,plate,plane,56,0.386727,1564.48,271,269,0,-1558.16,1273.92,1,SparLab simulation
elliptic_cone-s2026-0001,backing_plate,uncompensated,uncompensated,tool,sphere,13,0.563837,1296.05,265,263,1187.49,0,686.934,1,SparLab simulation
elliptic_cone-s2026-0001,backing_plate,uncompensated,uncompensated,plate,plane,1176,0.471445,1688.29,265,264,0,-1680.83,1137.2,1,SparLab simulation
elliptic_cone-s2026-0001,backing_plate,FE-DA-1,FE-DA-1,tool,sphere,14,0.68525,1346.39,311,309,1213.42,0,735.195,1,SparLab simulation
elliptic_cone-s2026-0001,backing_plate,FE-DA-1,FE-DA-1,plate,plane,40,0.454807,1702.69,311,309,0,-1695.63,1172.25,1,SparLab simulation
pyramid-s2026-0001,backing_plate,uncompensated,uncompensated,tool,sphere,9,0.588644,981.757,879,877,965.895,0,590.332,1,SparLab simulation
pyramid-s2026-0001,backing_plate,uncompensated,uncompensated,plate,plane,56,0.429353,1587.16,879,877,0,-1585.28,1205.05,1,SparLab simulation
pyramid-s2026-0001,backing_plate,FE-DA-1,FE-DA-1,tool,sphere,9,0.63183,938.578,638,635,882.485,0,573.78,1,SparLab simulation
pyramid-s2026-0001,backing_plate,FE-DA-1,FE-DA-1,plate,plane,56,0.383404,1473.42,638,636,0,-1467.3,1166.7,1,SparLab simulation
truncated_cone-s2026-0000,backing_plate,uncompensated,uncompensated,tool,sphere,9,0.595255,1045.91,668,666,985.203,0,625.933,1,SparLab simulation
truncated_cone-s2026-0000,backing_plate,uncompensated,uncompensated,plate,plane,44,0.40871,1507.23,668,666,0,-1500.82,1137.87,1,SparLab simulation
truncated_cone-s2026-0000,backing_plate,FE-DA-1,FE-DA-1,tool,sphere,9,0.665999,1057.09,533,531,997.182,0,635.352,1,SparLab simulation
truncated_cone-s2026-0000,backing_plate,FE-DA-1,FE-DA-1,plate,plane,44,0.374955,1497.86,533,531,0,-1491.8,1124.7,1,SparLab simulation
truncated_cone-s2026-0001,backing_plate,uncompensated,uncompensated,tool,sphere,9,0.530174,908.734,658,653,883.09,0,590.815,1,SparLab simulation
truncated_cone-s2026-0001,backing_plate,uncompensated,uncompensated,plate,plane,1176,0.433383,1522.58,658,657,0,-1518.04,1246.21,1,SparLab simulation
truncated_cone-s2026-0001,backing_plate,FE-DA-1,FE-DA-1,tool,sphere,10,0.594117,908.865,607,603,873.107,0,596.848,1,SparLab simulation
truncated_cone-s2026-0001,backing_plate,FE-DA-1,FE-DA-1,plate,plane,48,0.399093,1513.82,607,605,0,-1510.98,1245.26,1,SparLab simulation
pyramid-s2026-0000,backing_plate,uncompensated,uncompensated,tool,sphere,8,0.613691,1041.19,435,433,970.319,0,647.038,1,SparLab simulation
pyramid-s2026-0000,backing_plate,uncompensated,uncompensated,plate,plane,52,0.431272,1595.13,435,433,0,-1588.06,1240.47,1,SparLab simulation
pyramid-s2026-0000,backing_plate,FE-DA-1,FE-DA-1,tool,sphere,9,0.673815,1082.39,271,269,1005.85,0,590.468,1,SparLab simulation
pyramid-s2026-0000,backing_plate,FE-DA-1,FE-DA-1,plate,plane,52,0.380629,1601.86,271,269,0,-1594.46,1141.9,1,SparLab simulation
elliptic_cone-s2026-0000,backing_plate,uncompensated,uncompensated,tool,sphere,8,0.552024,842.749,339,337,806.023,0,463.526,1,SparLab simulation
elliptic_cone-s2026-0000,backing_plate,uncompensated,uncompensated,plate,plane,51,0.420309,1533.17,339,337,0,-1527.09,1103.29,1,SparLab simulation
elliptic_cone-s2026-0000,backing_plate,FE-DA-1,FE-DA-1,tool,sphere,8,0.630946,862.143,561,559,803.74,0,544.101,1,SparLab simulation
elliptic_cone-s2026-0000,backing_plate,FE-DA-1,FE-DA-1,plate,plane,51,0.403838,1494.69,561,559,0,-1490.35,1198.16,1,SparLab simulation
