point_id,strategy,method,deck_hash,reachable_depth_mm,deepest_tool_tip_mm,toolpath_shortfall_mm,support_min_gap_mm,support_min_gap_t,data_source
dome-s2026-0000,none,uncompensated,2a3668cbd0a344b458c5cdb5da9dbe112651a6056bde45e1e915d3e9cdcaecc3,2.2654,2.0000,0.2654,,,SparLab simulation (deck geometry)
dome-s2026-0000,none,FE-DA-1,d5c0c1b8ae434f542adf0931763950739241dcf076503002ce3865a01db25996,2.4316,2.0000,0.4316,,,SparLab simulation (deck geometry)
dome-s2026-0000,none,FE-DA-2,baf7fb510c78717dd8f8cd8a15822be52ed174e8704f18263679af7ed4dca7ab,2.4673,2.0000,0.4673,,,SparLab simulation (deck geometry)
dome-s2026-0000,backing_plate,uncompensated,7e4cd9214ecc413c20316e3384f3e6b3deed624fc7e81a2d8aaa266a9b8e8622,2.2654,2.0000,0.2654,,,SparLab simulation (deck geometry)
dome-s2026-0000,backing_plate,FE-DA-1,cefb4d496c4ca1d0c7693c8252324a02707aaebd4827bb7c12927babcf0c3a69,2.4469,2.0000,0.4469,,,SparLab simulation (deck geometry)
dome-s2026-0000,backing_plate,FE-DA-2,edb3cf7e87af0abc609c12abb98b71fe2107fbe46845d333a017c4003736aefe,2.4736,2.0000,0.4736,,,SparLab simulation (deck geometry)
dome-s2026-0000,dsif,uncompensated,b41861489c6ef8dcf983792105f3b3773d0410eaf9b8a47b64460affeb6c4994,2.2654,2.0000,0.2654,0.8609,0.5678,SparLab simulation (deck geometry)
dome-s2026-0000,dsif,FE-DA-1,a4482a7baaaf2728f4c8603c81a41029d4d559308def7593db2ea063f0fd1528,2.5300,2.0000,0.5300,0.8670,0.5404,SparLab simulation (deck geometry)
dome-s2026-0000,dsif,FE-DA-2,37354a2b22698f1569b0c584d5661661444ec94fd72d993cd52380b6dda28fb7,2.5553,2.0000,0.5553,0.8595,0.5418,SparLab simulation (deck geometry)
dome-s2026-0001,none,uncompensated,ba48ecefcf59dbb7016fe1eb3e587ac91768778a9ba7c48f6374eef8b99a825b,3.7936,3.0000,0.7936,,,SparLab simulation (deck geometry)
dome-s2026-0001,none,FE-DA-1,1a2f127c58c12549fe7b7e82ea5178d75bfcc9a4f184b5cfb792cd05a1a155ec,4.6766,4.0000,0.6766,,,SparLab simulation (deck geometry)
dome-s2026-0001,none,FE-DA-2,acb3445f0b2beaf564b99a11b5956d02923458650f870ad44649a5d34fa5b564,4.2652,4.0000,0.2652,,,SparLab simulation (deck geometry)
dome-s2026-0001,backing_plate,uncompensated,10eaabcf83219ee7850ab033664505ac7d60074b5f231860850c4a17e8bef8ad,3.7936,3.0000,0.7936,,,SparLab simulation (deck geometry)
dome-s2026-0001,backing_plate,FE-DA-1,b4b57cebd32ad862c0eb4ecbfe7117b6c6d12ae9bb8cc24948bf441d0b103b95,4.7006,4.0000,0.7006,,,SparLab simulation (deck geometry)
dome-s2026-0001,backing_plate,FE-DA-2,6b1c377fb15a843e8ee64168262856aef575a1669366ec21d07301860f78fa13,4.2931,4.0000,0.2931,,,SparLab simulation (deck geometry)
dome-s2026-0001,dsif,uncompensated,5d0b26635a4a8dcd8b118b6e0f0fe826fdf611e189be0455a4d9b752cceba609,3.7936,3.0000,0.7936,0.7777,0.6429,SparLab simulation (deck geometry)
dome-s2026-0001,dsif,FE-DA-1,5be82aeacb6de0c06f2065690f0a4f04b3b723af411ea797066f99fba098bf54,4.8537,4.0000,0.8537,0.7734,0.6966,SparLab simulation (deck geometry)
dome-s2026-0001,dsif,FE-DA-2,edabd2c70823a4c4110eb45fad0aa88154e889d1ba7a13e4ea328e480f7a5d94,4.5563,4.0000,0.5563,0.8316,0.5796,SparLab simulation (deck geometry)
elliptic_cone-s2026-0000,none,uncompensated,e9533772ea7d9163b604d3bdc97aafe369e240610f012717b7c57d78b31c70ac,2.1033,2.1023,0.0010,,,SparLab simulation (deck geometry)
elliptic_cone-s2026-0000,none,FE-DA-1,fa7683b3cb818c2602636bc34a65f9767259ef0b2cd636a2e6662df9b1b3169f,2.1316,2.0000,0.1316,,,SparLab simulation (deck geometry)
elliptic_cone-s2026-0000,none,FE-DA-2,d55bbb27f69f6bf0279603c7d67b49e60b49dda4aea94f30bf698ce412cef49f,2.1629,2.0000,0.1629,,,SparLab simulation (deck geometry)
elliptic_cone-s2026-0000,backing_plate,uncompensated,884264d566a5cb95bc90487ae6d81640472b77b12a6cb48035f2438107a57d64,2.1033,2.1023,0.0010,,,SparLab simulation (deck geometry)
elliptic_cone-s2026-0000,backing_plate,FE-DA-1,85c2a80b2765cd59c2fc09ffcc6cd18bb74d0f2d75b8ed00890edc4affbd1633,2.2743,2.0000,0.2743,,,SparLab simulation (deck geometry)
elliptic_cone-s2026-0000,backing_plate,FE-DA-2,dac895afd80f6d83fb9c6447cee54a80d05f4f093ade0f5bd0ddda34cd33c9e2,2.4924,2.0000,0.4924,,,SparLab simulation (deck geometry)
elliptic_cone-s2026-0000,dsif,uncompensated,a7500a2bfb79a1e0dd98c40e84d367cea9e665033758b5da231ae4f2b0c682d2,2.1033,2.1023,0.0010,0.7666,0.5507,SparLab simulation (deck geometry)
elliptic_cone-s2026-0000,dsif,FE-DA-1,7904f68c7e97ba87d6aab5441f5dc8be34cfc6c6f6f454df7c63284f116fca57,2.4243,2.0000,0.4243,0.8826,0.9568,SparLab simulation (deck geometry)
elliptic_cone-s2026-0000,dsif,FE-DA-2,c5d05d09008df235f0605408225f94ec0b661ef9a315044f3376e8e9369613c8,3.0131,3.0000,0.0131,0.5422,0.8060,SparLab simulation (deck geometry)
elliptic_cone-s2026-0001,none,uncompensated,cd923c0f06f0823dec0fa3a1e08b3bfce09d7c100489e3f90e1500ed561e662d,3.2648,3.2638,0.0010,,,SparLab simulation (deck geometry)
elliptic_cone-s2026-0001,none,FE-DA-1,7b16084dc46bd76da8517bd09eb0cdeb2a707d3e22ef4caefac6472c4de86f72,3.2451,3.0000,0.2451,,,SparLab simulation (deck geometry)
elliptic_cone-s2026-0001,none,FE-DA-2,f765606c2fb710e0d2a7515e862cc494619dc2caede1ad970734ec623f255ac4,3.4280,3.0000,0.4280,,,SparLab simulation (deck geometry)
elliptic_cone-s2026-0001,backing_plate,uncompensated,174c0317365a6372d0b8ed47ed1951d2d275e14e64c48d1632d53a5cfc4f5396,3.2648,3.2638,0.0010,,,SparLab simulation (deck geometry)
elliptic_cone-s2026-0001,backing_plate,FE-DA-1,03de87d421252443009cc5f33671689a41b827ce76a5e801d7294b47192fcf47,3.2647,3.0000,0.2647,,,SparLab simulation (deck geometry)
elliptic_cone-s2026-0001,backing_plate,FE-DA-2,e6b1d3d2b1e5e4f0ab0c94d0b9af038840a43960f88405a81e7b7c9cc210531b,3.4631,3.0000,0.4631,,,SparLab simulation (deck geometry)
elliptic_cone-s2026-0001,dsif,uncompensated,443da66fdbefc9f9ca00cd182c2e1a24f581d97353ecdbf7f10db6c84fa3d171,3.2648,3.2638,0.0010,0.0559,0.7807,SparLab simulation (deck geometry)
elliptic_cone-s2026-0001,dsif,FE-DA-1,71b1ce3725abb003207bf8536396a59fbb7938e850752e4d159d48093022eeb0,3.5454,3.0000,0.5454,0.4328,0.6933,SparLab simulation (deck geometry)
elliptic_cone-s2026-0001,dsif,FE-DA-2,9d8d597f59be53b6eb2d021ee5876b3dd4009a8979c6c9cd4462687b3b9095db,4.0149,3.0000,1.0149,0.5382,0.7791,SparLab simulation (deck geometry)
pyramid-s2026-0000,none,uncompensated,8ebf8618ae788c3544628d0b457f0ab862815106c6ef312d1b2a59fd2afb46eb,3.3828,3.3818,0.0010,,,SparLab simulation (deck geometry)
pyramid-s2026-0000,none,FE-DA-1,e08decd8cbcac504d44eae0459f51e8bac5528d3b9dcb852de13738239697014,3.3598,3.0000,0.3598,,,SparLab simulation (deck geometry)
pyramid-s2026-0000,none,FE-DA-2,818cb02920bb7903267c52ca323606dae380f4226974ba8a2be1f73f4cbb79fc,3.6780,3.0000,0.6780,,,SparLab simulation (deck geometry)
pyramid-s2026-0000,backing_plate,uncompensated,65adf313c21f2081d1603460bed8325d98a7b80611cb1cdaf52f54a26bed9874,3.3828,3.3818,0.0010,,,SparLab simulation (deck geometry)
pyramid-s2026-0000,backing_plate,FE-DA-1,63fe9dbe6f21c7fb407d1a70546a5dfe6076f113b6d3cad19530b9ccfa01d6a8,3.3869,3.0000,0.3869,,,SparLab simulation (deck geometry)
pyramid-s2026-0000,backing_plate,FE-DA-2,dd9c89731bc66ebf4a1957ba665238d935da7bfc8d3e2bd158082ed164f82080,3.7465,3.0000,0.7465,,,SparLab simulation (deck geometry)
pyramid-s2026-0000,dsif,uncompensated,21aa65b95d813388f6debc789bafc598b202101b5e4be135cb7bee67f8dc61c4,3.3828,3.3818,0.0010,0.4303,0.7907,SparLab simulation (deck geometry)
pyramid-s2026-0000,dsif,FE-DA-1,da027e4388c13857f8db144486e04d6f099bff61023759c483995abd6984d8f3,3.7205,3.0000,0.7205,0.6991,0.6434,SparLab simulation (deck geometry)
pyramid-s2026-0000,dsif,FE-DA-2,81ee22bd3f2f43322427854e43dfb074e2daf755e8fc43887d633da15bae9dce,4.3776,4.0000,0.3776,0.3807,0.8668,SparLab simulation (deck geometry)
pyramid-s2026-0001,none,uncompensated,54d9a8f2d3b9bd2c68f4ab096be479f4e9424557186cb3701395972fbaba934e,2.5797,2.5787,0.0010,,,SparLab simulation (deck geometry)
pyramid-s2026-0001,none,FE-DA-1,0438a94ab48a34ef55c82e1e5ee9da0f4f44de9fbbbafe275945833c9ab00c57,2.6482,2.0000,0.6482,,,SparLab simulation (deck geometry)
pyramid-s2026-0001,none,FE-DA-2,bc857e78d7ec54f72701587173fe4daeaeba2cf0124fa33443897c087ae8dbf0,3.2089,3.0000,0.2089,,,SparLab simulation (deck geometry)
pyramid-s2026-0001,backing_plate,uncompensated,bee33d5fc4a939cec4333cc9282650ec5fe45b4f3775bd3d85f4d21826df673b,2.5797,2.5787,0.0010,,,SparLab simulation (deck geometry)
pyramid-s2026-0001,backing_plate,FE-DA-1,3a6570a5048a20e926cb68abde7c6c7b06ece7ce80434d2be7bf9952d2606de3,2.7440,2.0000,0.7440,,,SparLab simulation (deck geometry)
pyramid-s2026-0001,backing_plate,FE-DA-2,ac8a578d34e5e01095b9ebbaf701f17da8259f908d28f6401f40febd92385bf8,3.4575,3.0000,0.4575,,,SparLab simulation (deck geometry)
pyramid-s2026-0001,dsif,uncompensated,2f06b621f3aaaf1daeafeb7ba04019880086a2e7e062d474633f41bfbf2b3224,2.5797,2.5787,0.0010,0.1001,0.6721,SparLab simulation (deck geometry)
pyramid-s2026-0001,dsif,FE-DA-1,52457c00c71d5f677af99695a1584d36fbb76ae888a89a5cc1d1b25e0b645111,3.0058,3.0000,0.0058,-0.1873,0.7691,SparLab simulation (deck geometry)
truncated_cone-s2026-0000,none,uncompensated,91878c0dc5ccf473b5f83cb1aab821463e18a5ce75ea4a749e17769543154168,3.0904,3.0894,0.0010,,,SparLab simulation (deck geometry)
truncated_cone-s2026-0000,none,FE-DA-1,05d945b63828a591fdc6a29321ce115b81cccb0b10ca86e6386902da5ebad7b9,3.1089,3.0000,0.1089,,,SparLab simulation (deck geometry)
truncated_cone-s2026-0000,none,FE-DA-2,6f81e6e473897f784ae8e7e2ba938618dd3e42f5cf7d654ebbf18d11fbfa3cf1,3.1361,3.0000,0.1361,,,SparLab simulation (deck geometry)
truncated_cone-s2026-0000,backing_plate,uncompensated,218f40c4a2c578d1aec5baf5c5b9d26f7cfbc5845f3498437b610b2f8af5e695,3.0904,3.0894,0.0010,,,SparLab simulation (deck geometry)
truncated_cone-s2026-0000,backing_plate,FE-DA-1,4ff35b8074978d20f97676b7e96edef44f849bf5f2d530de3c590796267a8d15,3.1484,3.0000,0.1484,,,SparLab simulation (deck geometry)
truncated_cone-s2026-0000,backing_plate,FE-DA-2,1edf68ae31a1cbe7910af77abdd8fdfe96a3e741d7bcbfbcd0444ac5a4cc2a16,3.2395,3.0000,0.2395,,,SparLab simulation (deck geometry)
truncated_cone-s2026-0000,dsif,uncompensated,47f3c36e2e83e0b1e749b84e7d6e97eb1fe8018c4de83eca61e89246f6b28197,3.0904,3.0894,0.0010,0.7410,0.6481,SparLab simulation (deck geometry)
truncated_cone-s2026-0000,dsif,FE-DA-1,cec9014f6b7b1d30a63afedac3ccff9a7176a8be2965978a62a304c9baad5bbc,3.5085,3.0000,0.5085,0.7054,0.7721,SparLab simulation (deck geometry)
truncated_cone-s2026-0000,dsif,FE-DA-2,c100f798a886c2e3510dfa6e5156da8d74407dc5542f82d697c8d9b5fd9d410b,3.9432,3.0000,0.9432,0.7096,0.7452,SparLab simulation (deck geometry)
truncated_cone-s2026-0001,none,uncompensated,7a8efc66eada76b733b2a8903f4007e1726d04c0e006c80ffde0dea05ff86909,2.6280,2.6270,0.0010,,,SparLab simulation (deck geometry)
truncated_cone-s2026-0001,none,FE-DA-1,ff537a1d79081cbdcc512db34d1a1ce5ec2ae7de57bdc8ef886834bcea4cdd38,2.7592,2.0000,0.7592,,,SparLab simulation (deck geometry)
truncated_cone-s2026-0001,none,FE-DA-2,e2fb7d0f5d02fbfb1b82fe4ee551ec2f4085f898dea5594ba3202fd29bdc5627,3.3847,3.0000,0.3847,,,SparLab simulation (deck geometry)
truncated_cone-s2026-0001,backing_plate,uncompensated,28f4ec734d4d1eb446aa5ce51950fb847dffdb7bc8036af89e6f6e641f9d7002,2.6280,2.6270,0.0010,,,SparLab simulation (deck geometry)
truncated_cone-s2026-0001,backing_plate,FE-DA-1,8670d7b38f0f5eff01c4abffe5171b9c8704d1b65e44e0ee1261d1a9e3e9416a,2.8677,2.0000,0.8677,,,SparLab simulation (deck geometry)
truncated_cone-s2026-0001,backing_plate,FE-DA-2,41b5135f5b664ecc6d739f45f707f5338f22220805c77d0b63d43496e95fbe70,3.6459,3.0000,0.6459,,,SparLab simulation (deck geometry)
truncated_cone-s2026-0001,dsif,uncompensated,3ad63d5e1ab86080c646fb757776829352802cdf6954ed8069674aec95adb46b,2.6280,2.6270,0.0010,0.7474,0.7163,SparLab simulation (deck geometry)
truncated_cone-s2026-0001,dsif,FE-DA-1,22d809be1150a807a4faabcb9eaa463b542c95e3bbe0cfbdcce5c3cebacfeab5,3.0015,2.0000,1.0015,1.5970,0.6031,SparLab simulation (deck geometry)
truncated_cone-s2026-0001,dsif,FE-DA-2,a08ef9a57f4de90f53cda52b4382d27d14208dc7dacf93764a85d9f7d06519ac,3.9470,3.0000,0.9470,1.4722,0.7599,SparLab simulation (deck geometry)
