code,depth_mm,x_mm,fz,fx
sparlab,0.1,0,4.66294,3.88138e-15
sparlab,0.2,0,7.92823,3.81621e-14
sparlab,0.25,0,8.56443,-1.45115e-15
sparlab,0.3,0,9.05852,7.06786e-14
sparlab,0.35,0,9.48646,8.70809e-14
sparlab,0.4,0,9.89446,4.82281e-14
sparlab,0.425,0,10.1094,-2.71172e-14
sparlab,0.4625,0,10.451,-2.35845e-14
sparlab,0.5,0,10.8171,3.65103e-14
sparlab,0.5375,0,11.2153,4.89604e-14
sparlab,0.575,0,11.6166,1.07317e-13
sparlab,0.6125,0,12.0333,1.26203e-14
sparlab,0.65,0,12.4495,2.01521e-14
sparlab,0.6875,0,12.8833,8.4863e-14
sparlab,0.725,0,13.3321,7.52653e-14
sparlab,0.7625,0,13.8137,7.51174e-14
sparlab,0.8,0,14.3216,5.40339e-15
sparlab,0.8375,0,14.8583,-9.16311e-16
sparlab,0.875,0,15.428,4.33834e-14
sparlab,0.9125,0,16.0267,-1.11048e-13
sparlab,0.95,0,16.668,-2.97003e-13
sparlab,0.9875,0,17.3465,-4.00789e-13
sparlab,1.025,0,18.0674,7.12e-14
sparlab,1.0625,0,18.8238,2.61651e-13
sparlab,1.1,0,19.5985,-2.73269e-13
sparlab,1.1375,0,20.4034,-2.10988e-13
sparlab,1.175,0,21.2264,1.09784e-13
sparlab,1.2125,0,22.0696,-3.9193e-13
sparlab,1.25,0,22.9279,-1.18682e-13
sparlab,1.2875,0,23.8171,5.48851e-13
sparlab,1.325,0,24.7339,7.98158e-14
sparlab,1.3625,0,25.6782,-3.32215e-13
sparlab,1.4,0,26.6453,5.24102e-14
sparlab,1.4375,0,27.6399,-1.22066e-13
sparlab,1.475,0,28.6226,-2.97075e-13
sparlab,1.5125,0,29.5924,-2.52906e-13
sparlab,1.55,0,30.5477,-4.80641e-13
sparlab,1.5875,0,31.4846,-9.43421e-14
sparlab,1.625,0,32.3909,-9.29966e-14
sparlab,1.6625,0,33.2859,-6.93578e-14
sparlab,1.7,0,34.1809,-3.70696e-14
sparlab,1.7375,0,35.0745,4.30299e-14
sparlab,1.775,0,35.9637,-3.7933e-14
sparlab,1.8125,0,36.8472,3.70139e-15
sparlab,1.85,0,37.7291,-5.79833e-14
sparlab,1.8875,0,38.611,-9.22113e-14
sparlab,1.925,0,39.4955,-9.05734e-14
sparlab,1.9625,0,40.3826,-8.20408e-14
sparlab,2,0,41.2749,-5.62304e-14
sparlab,2.0375,0,42.171,-4.75606e-14
sparlab,2.075,0,43.0724,3.81402e-14
sparlab,2.1125,0,43.9779,1.01568e-13
sparlab,2.15,0,44.8907,1.4685e-14
sparlab,2.1875,0,45.8085,4.67896e-14
sparlab,2.225,0,46.7309,-9.39541e-15
sparlab,2.2625,0,47.6595,-1.06565e-13
sparlab,2.3,0,48.5931,2.02143e-14
sparlab,2.3375,0,49.5342,-7.70843e-14
sparlab,2.375,0,50.4792,-1.03284e-13
sparlab,2.4125,0,51.4613,1.30354e-13
sparlab,2.45,0,52.4962,-3.29736e-14
sparlab,2.4875,0,53.5393,-9.48442e-11
sparlab,2.525,0,54.5779,1.43996e-13
sparlab,2.5625,0,55.6229,7.10543e-14
sparlab,2.6,0,56.6748,5.93969e-14
sparlab,2.6375,0,57.7327,2.34035e-13
sparlab,2.675,0,58.7972,9.49325e-11
sparlab,2.7125,0,59.8668,1.56211e-11
sparlab,2.75,0,60.9426,-1.14178e-11
sparlab,2.7875,0,62.024,1.46423e-11
sparlab,2.825,0,63.111,-1.24967e-11
sparlab,2.8625,0,64.2048,-3.88869e-11
sparlab,2.9,0,65.3035,1.35763e-11
sparlab,2.9375,0,66.4088,-1.3276e-11
sparlab,2.975,0,67.5211,4.04392e-11
sparlab,3.0125,0,68.6387,1.3253e-11
sparlab,3.05,0,69.7625,-1.04361e-11
sparlab,3.0875,0,70.8926,6.85594e-11
sparlab,3.125,0,72.026,1.49178e-11
sparlab,3.1625,0,73.1613,-9.0596e-11
sparlab,3.2,0,74.3021,1.35265e-11
sparlab,3.2375,0,75.4487,-3.86531e-11
sparlab,3.275,0,76.6012,3.84923e-11
sparlab,3.3125,0,77.7576,-9.87432e-12
sparlab,3.35,0,78.9164,-9.76419e-12
sparlab,3.3875,0,80.0814,1.53075e-11
sparlab,3.425,0,81.2501,-1.16119e-10
sparlab,3.4625,0,82.4243,-9.37606e-12
sparlab,3.5,0,83.6035,-3.91351e-11
sparlab,3.5375,0,84.7854,-1.13558e-11
sparlab,3.575,0,85.9681,-1.13562e-11
sparlab,3.59375,0,86.5609,-1.13562e-11
sparlab,3.6125,0,87.1543,-9.00187e-11
sparlab,3.63125,0,87.7487,4.15163e-11
sparlab,3.65,0,88.3439,1.50799e-11
sparlab,3.66875,0,88.9402,1.43059e-11
sparlab,3.6875,0,89.5375,-1.13562e-11
sparlab,3.70625,0,90.1358,1.54672e-11
sparlab,3.725,0,90.7353,-6.42286e-11
sparlab,3.74375,0,91.3359,-3.7792e-11
sparlab,3.7625,0,91.9377,1.50795e-11
sparlab,3.78125,0,92.5406,-1.13554e-11
sparlab,3.8,0,93.1447,-1.13562e-11
sparlab,3.81875,0,93.7467,9.51639e-11
sparlab,3.8375,0,94.3492,-1.13558e-11
sparlab,3.85625,0,94.9527,1.43063e-11
sparlab,3.875,0,95.5573,6.87268e-11
sparlab,3.89375,0,96.1629,1.50808e-11
sparlab,3.9125,0,96.7697,1.50802e-11
sparlab,3.93125,0,97.3768,1.50797e-11
sparlab,3.95,0,98.0322,-1.13562e-11
sparlab,3.96875,0,98.7106,-8.87896e-11
sparlab,3.9875,0,99.3894,-1.13554e-11
sparlab,4,0,99.8422,-1.15549e-10
ccx,0.025,0,1.15833,1.16631e-13
ccx,0.05,0,2.31958,7.89091e-14
ccx,0.0875,0,4.07358,2.2753e-13
ccx,0.14375,0,6.58187,-1.84922e-15
ccx,0.228125,0,8.2946,-1.08455e-14
ccx,0.328125,0,9.27861,2.94834e-14
ccx,0.428125,0,10.1008,1.70634e-13
ccx,0.528125,0,11.0788,2.11005e-13
ccx,0.628125,0,12.1715,-2.81511e-14
ccx,0.728125,0,13.3363,2.95874e-14
ccx,0.828125,0,14.6869,1.73611e-14
ccx,0.928125,0,16.2545,1.61163e-13
ccx,1.02812,0,18.0903,2.55046e-13
ccx,1.12813,0,20.1592,1.64091e-13
ccx,1.22813,0,22.3799,4.89969e-13
ccx,1.32813,0,24.763,1.94331e-13
ccx,1.42813,0,27.3379,-1.63383e-13
ccx,1.52813,0,29.9364,-6.06182e-14
ccx,1.62813,0,32.4092,-1.31006e-13
ccx,1.72813,0,34.7861,-1.47438e-13
ccx,1.82813,0,37.1387,-5.73985e-14
ccx,1.92813,0,39.4816,-4.78506e-14
ccx,2.02813,0,41.847,-4.8489e-14
ccx,2.12813,0,44.2501,9.59233e-14
ccx,2.22813,0,46.6953,3.20299e-14
ccx,2.32813,0,49.1807,-2.36422e-13
ccx,2.42813,0,51.7802,3.58499e-11
ccx,2.52813,0,54.5631,2.88875e-12
ccx,2.62813,0,57.3845,-2.8916e-11
ccx,2.72813,0,60.2587,-4.35976e-11
ccx,2.82813,0,63.1833,-3.36234e-11
ccx,2.92813,0,66.1154,5.42886e-12
ccx,3.02813,0,69.06,-1.34462e-11
ccx,3.12813,0,72.0525,-3.66063e-13
ccx,3.22813,0,75.0746,2.91568e-11
ccx,3.32813,0,78.1427,1.94735e-11
ccx,3.42813,0,81.2522,-2.62718e-11
ccx,3.52813,0,84.4141,5.75648e-12
ccx,3.62813,0,87.6036,-9.29501e-12
ccx,3.72813,0,90.8232,-7.77139e-13
ccx,3.82813,0,94.0829,-1.98204e-11
ccx,3.92813,0,97.3178,-1.24522e-11
ccx,4,0,99.8485,-6.98073e-11
