study,kind,metric,value,tolerance,passed,note
"patch test (constant strain, distorted mesh)",verification,"max relative error in u, strain and stress",4.065758146820642e-15,1e-10,True,
solver agreement (sparse vs dense),verification,max relative displacement difference vs dense LU,8.965132791255309e-12,1e-08,True,
sensitivity (analytical vs central differences),verification,min over steps of max relative error,2.1774898295377493e-08,1e-05,True,best at h = 1e-05; 6 of 72 candidates excluded at bounds
mesh convergence (cantilever tip deflection),verification + validation,relative error vs Timoshenko on the finest mesh (nu = 0),0.0004780592408224092,0.02,True,"observed order 2.31 (nu = 0), 2.28 (nu = 0.3)"
modal frequencies (cantilever vs Euler-Bernoulli),validation,f1 relative error on the finest mesh,0.005521506451250159,0.02,True,"mass conservation error <= 4.84e-14, axial-mode error 4.02e-06 vs fixed-free rod theory"
"patch test 3-D (constant strain, distorted Hex8 mesh)",verification,"max relative error in u, strain and stress",1.6263032587282568e-15,1e-10,True,
"sensitivity 3-D (analytical vs central differences, Hex8)",verification,min over steps of max relative error,1.555223017257125e-08,1e-05,True,best at h = 1e-05; 2 of 36 candidates excluded at bounds
mesh convergence 3-D (Hex8 cantilever tip deflection),verification + validation,relative error vs Timoshenko on the finest mesh,0.005415023762596856,0.03,True,observed order 2.63 (self-convergence)
modal frequencies 3-D (Hex8 cantilever vs Euler-Bernoulli),validation,f1 (weak axis) relative error on the finest mesh,0.010632605778318625,0.03,True,"strong-axis error 0.00333, mass conservation error <= 4.89e-14"
"patch test (constant strain, distorted Tri3 and Tet4 meshes)",verification,max relative displacement / strain / stress error,9.17054337560656e-15,1e-10,True,
mesh convergence (Tri3 and Tet4 cantilever tip deflection),verification + validation,larger finest-mesh relative error vs Timoshenko,0.016563509001407753,0.03,True,"Tri3: finest error 0.42 %, observed order 2.27; Tet4: finest error 1.66 %, observed order 3.22; "
"multigrid CG (agreement with Cholesky, iterations under refinement)",verification,max relative displacement difference vs LDL^T,4.3739043614992495e-12,1e-08,True,Hex8: AMG iterations 14 -> 16 over the multi-level sizes; Tet4: AMG iterations 16 -> 20 over the multi-level sizes; iteration growth coarsest -> finest 1.25 (limit 1.6)
sensitivity through the Heaviside projection (Q4 and Tet4),verification,"worst over beta of the best max(scaled entry error, directional error)",9.650325185853831e-08,1e-05,True,
"quadratic patch test (pure bending, distorted Tet10 meshes)",verification,max relative displacement / stress error of the Tet10,1.2169281641642252e-14,1e-09,True,smallest error of the linear elements on the distorted meshes 0.00194 (they cannot pass)
mesh convergence (Tet10 vs Tet4 and Hex8 cantilever),verification + validation,Tet10 finest-mesh relative error vs Timoshenko,6.3582737580002216e-06,0.01,True,Hex8 finest 3.04 %; Tet4 finest 11 %; Tet10 finest 0.000636 %; Tet10 on the coarsest (10 x 2 x 1) grid 0.0611 %
linear buckling of a cantilever column vs Euler-Engesser,verification + validation,larger finest-mesh error of Q4 and Tet10,0.006640536529670005,0.01,True,Hex8 11.1 %; Quad4 0.664 %; Tet10 0.289 %; Tet4 39.7 %; 
buckling-constraint sensitivity (Q4 and Hex8),verification,worst case of the best (over steps) max scaled error,1.7249438351380033e-06,1e-05,True,
sensitivity through the overhang filter (Q4 and Hex8),verification,"worst over beta of the best max(scaled entry error, directional error)",2.8096236350358795e-06,1e-05,True,
thick cylinder under internal pressure vs Lame (plane strain),verification,largest shortfall of the displacement convergence order,-0.0011340882928427831,0.3,True,Hex8 u error 0.000184 (order 2); Quad4 u error 4.61e-05 (order 2); Tet10 u error 4.53e-07 (order 3.11); Tri3 u error 0.000102 (order 2); reference vs closed form 8.9e-16
rotating disk (plane stress) and cylinder (plane strain) vs exact,verification,largest shortfall of the displacement convergence order,-0.005800394154077626,0.3,True,Hex8 u error 0.000317 (order 2.01); Quad4 u error 5.77e-05 (order 2.01); Tet10 u error 1.72e-06 (order 3.1); Tri3 u error 0.000154 (order 2.01); reference vs closed form 6.4e-16
conduction and thermal stress in a thick cylinder vs exact,verification,largest shortfall of the temperature and displacement orders,0.004809268902041586,0.3,True,Hex8 T error 7.96e-05 (order 2); Quad4 T error 1.99e-05 (order 2); Tet10 T error 1.83e-07 (order 3.01); Tri3 T error 3e-05 (order 2); Hex8 u error 0.000249 (order 2); Quad4 u error 6.23e-05 (order 2); Tet10 u error 3.04e-07 (order 3.1); Tri3 u error 5.46e-05 (order 2); 
bimetallic strip under uniform heating vs Timoshenko,verification,finest-mesh relative curvature error,0.0003006212852024102,0.001,True,"curvature 1.29468 1/m, order 2, Timoshenko formula vs the force and moment balance 1.7e-16"
bar hanging under its own weight vs exact,verification,Tet10 displacement error (its space holds the exact field),3.7803541784974805e-13,1e-10,True,Hex8 9.77e-05 (order 2.15); Quad4 1.26e-05 (order 2.19); Tet4 0.00291 (order 1.9); Tri3 5.27e-05 (order 2); Tet10 3.78e-13 (exact space); largest reaction 1.3e-12 of the weight
