element,eq_plastic_strain,von_mises_Pa
0,0,6159881.022631593
1,0,36381347.481435113
2,0.042019448638836714,65002740.896157146
3,0.042226791803625728,64071702.357343458
4,0.035484911980461512,36510194.956125483
5,0.035192385362496491,31206954.617150247
6,0.041455612634844562,31162858.444565132
7,0.05245128784522831,41449928.599882081
8,0.070336084209642838,87562921.724706426
9,0.099231044062541462,131524724.54808463
10,0.099231044062542031,131524724.5481012
11,0.070336084209642893,87562921.724716604
12,0.052451287845227255,41449928.599875025
13,0.041455612634846054,31162858.444559988
14,0.035192385362496754,31206954.617135294
15,0.035484911980461713,36510194.956118174
16,0.042226791803625215,64071702.357345782
17,0.042019448638836596,65002740.896156989
18,0,36381347.481434956
19,0,6159881.0226318818
20,0,21340264.258625913
21,0.0030105130418797204,92653855.735937268
22,0.054964389062909125,80167584.473540694
23,0.067439990092165364,131991284.87792233
24,0.048493185853486852,57993086.028576449
25,0.04153602390859016,35121859.617963567
26,0.038241716022329258,31293375.860996034
27,0.041715123535001966,34693937.509289384
28,0.05183339390077428,94414245.074708149
29,0.069248966631153666,80301377.429415613
30,0.069248966631153944,80301377.429436103
31,0.051833393900773572,94414245.074685916
32,0.041715123535001751,34693937.509266064
33,0.038241716022330487,31293375.861004133
34,0.041536023908589979,35121859.617963888
35,0.048493185853487324,57993086.028571002
36,0.067439990092164823,131991284.87791806
37,0.054964389062908903,80167584.473540634
38,0.0030105130418797499,92653855.735936925
39,0,21340264.258625694
