node,X,Y,Z,ux,uy,uz
0,-0.02,0,-0.001,0,0,0
1,-0.018000000000000002,0,-0.001,0,0,0
2,-0.016,0,-0.001,0,0,0
3,-0.014,0,-0.001,-3.6557321658711936e-05,0,-0.00017245812044056001
4,-0.012,0,-0.001,-8.091553012042345e-05,0,-0.00055295393603324485
5,-0.01,0,-0.001,-0.00012956499147593196,0,-0.0011010080141482773
6,-0.0080000000000000002,0,-0.001,-0.00017901972184175631,0,-0.0017332003805403113
7,-0.0060000000000000001,0,-0.001,-0.00021454759303780364,0,-0.0023871170873626772
8,-0.0040000000000000001,0,-0.001,-0.00021365394201941512,0,-0.0030026974328253297
9,-0.0019999999999999983,0,-0.001,-0.00014645011018135705,0,-0.0035009989520403679
10,0,0,-0.001,-1.0174368712507484e-18,0,-0.0037696682623872321
11,0.0019999999999999983,0,-0.001,0.00014645011018135529,0,-0.0035009989520403705
12,0.0040000000000000001,0,-0.001,0.00021365394201941395,0,-0.0030026974328253324
13,0.0060000000000000019,0,-0.001,0.00021454759303780128,0,-0.0023871170873626794
14,0.0080000000000000002,0,-0.001,0.00017901972184175503,0,-0.001733200380540312
15,0.0099999999999999985,0,-0.001,0.00012956499147593272,0,-0.0011010080141482771
16,0.012,0,-0.001,8.0915530120423938e-05,0,-0.00055295393603324475
17,0.014000000000000002,0,-0.001,3.6557321658711889e-05,0,-0.00017245812044056018
18,0.016000000000000004,0,-0.001,0,0,0
19,0.017999999999999999,0,-0.001,0,0,0
20,0.02,0,-0.001,0,0,0
21,-0.02,0.002,-0.001,0,0,0
22,-0.018000000000000002,0.002,-0.001,0,0,0
23,-0.016,0.002,-0.001,0,0,0
24,-0.014,0.002,-0.001,-3.6557321658711469e-05,0,-0.00017245812044056034
25,-0.012,0.002,-0.001,-8.0915530120424141e-05,0,-0.00055295393603324529
26,-0.01,0.002,-0.001,-0.00012956499147593446,0,-0.0011010080141482755
27,-0.0080000000000000002,0.002,-0.001,-0.00017901972184175609,0,-0.0017332003805403107
28,-0.0060000000000000001,0.002,-0.001,-0.00021454759303780196,0,-0.002387117087362679
29,-0.0040000000000000001,0.002,-0.001,-0.0002136539420194146,0,-0.0030026974328253297
30,-0.0019999999999999983,0.002,-0.001,-0.0001464501101813577,0,-0.0035009989520403684
31,0,0.002,-0.001,-6.8979217781318814e-19,0,-0.0037696682623872312
32,0.0019999999999999983,0.002,-0.001,0.00014645011018135727,0,-0.0035009989520403705
33,0.0040000000000000001,0.002,-0.001,0.00021365394201941333,0,-0.0030026974328253324
34,0.0060000000000000019,0.002,-0.001,0.00021454759303779863,0,-0.0023871170873626794
35,0.0080000000000000002,0.002,-0.001,0.00017901972184175544,0,-0.0017332003805403116
36,0.0099999999999999985,0.002,-0.001,0.00012956499147593367,0,-0.0011010080141482771
37,0.012,0.002,-0.001,8.0915530120424358e-05,0,-0.00055295393603324431
38,0.014000000000000002,0.002,-0.001,3.6557321658711625e-05,0,-0.00017245812044056015
39,0.016000000000000004,0.002,-0.001,0,0,0
40,0.017999999999999999,0.002,-0.001,0,0,0
41,0.02,0.002,-0.001,0,0,0
42,-0.02,0,-0.00050000000000000001,0,0,0
43,-0.018000000000000002,0,-0.00050000000000000001,0,0,0
44,-0.016,0,-0.00050000000000000001,0,0,0
45,-0.014,0,-0.00050000000000000001,1.5618572017426764e-05,0,-0.00017545793202746409
46,-0.012,0,-0.00050000000000000001,2.814280631525553e-05,0,-0.00057335304613469868
47,-0.01,0,-0.00050000000000000001,9.8297956333119707e-06,0,-0.0011337336736953944
48,-0.0080000000000000002,0,-0.00050000000000000001,-2.8596189912119012e-05,0,-0.0017724112566899998
49,-0.0060000000000000001,0,-0.00050000000000000001,-6.8357896711969607e-05,0,-0.0024279317712309358
50,-0.0040000000000000001,0,-0.00050000000000000001,-8.8552588681968056e-05,0,-0.0030410808815530552
51,-0.0019999999999999983,0,-0.00050000000000000001,-6.7361342285016107e-05,0,-0.0035342028076721104
52,0,0,-0.00050000000000000001,-8.3460887742389451e-19,0,-0.0037965790032528646
53,0.0019999999999999983,0,-0.00050000000000000001,6.736134228501482e-05,0,-0.0035342028076721125
54,0.0040000000000000001,0,-0.00050000000000000001,8.8552588681966267e-05,0,-0.0030410808815530574
55,0.0060000000000000019,0,-0.00050000000000000001,6.8357896711966788e-05,0,-0.0024279317712309375
56,0.0080000000000000002,0,-0.00050000000000000001,2.8596189912117803e-05,0,-0.0017724112566900015
57,0.0099999999999999985,0,-0.00050000000000000001,-9.8297956333111457e-06,0,-0.0011337336736953949
58,0.012,0,-0.00050000000000000001,-2.8142806315255066e-05,0,-0.00057335304613469825
59,0.014000000000000002,0,-0.00050000000000000001,-1.5618572017427062e-05,0,-0.00017545793202746403
60,0.016000000000000004,0,-0.00050000000000000001,0,0,0
61,0.017999999999999999,0,-0.00050000000000000001,0,0,0
62,0.02,0,-0.00050000000000000001,0,0,0
63,-0.02,0.002,-0.00050000000000000001,0,0,0
64,-0.018000000000000002,0.002,-0.00050000000000000001,0,0,0
65,-0.016,0.002,-0.00050000000000000001,0,0,0
66,-0.014,0.002,-0.00050000000000000001,1.5618572017427472e-05,0,-0.00017545793202746436
67,-0.012,0.002,-0.00050000000000000001,2.814280631525495e-05,0,-0.00057335304613469868
68,-0.01,0.002,-0.00050000000000000001,9.8297956333092179e-06,0,-0.0011337336736953934
69,-0.0080000000000000002,0.002,-0.00050000000000000001,-2.8596189912119002e-05,0,-0.00177241125669
70,-0.0060000000000000001,0.002,-0.00050000000000000001,-6.8357896711967331e-05,0,-0.0024279317712309371
71,-0.0040000000000000001,0.002,-0.00050000000000000001,-8.8552588681967392e-05,0,-0.0030410808815530552
72,-0.0019999999999999983,0.002,-0.00050000000000000001,-6.7361342285016676e-05,0,-0.0035342028076721091
73,0,0.002,-0.00050000000000000001,-4.2786864532395338e-19,0,-0.0037965790032528654
74,0.0019999999999999983,0.002,-0.00050000000000000001,6.7361342285016256e-05,0,-0.0035342028076721117
75,0.0040000000000000001,0.002,-0.00050000000000000001,8.8552588681965766e-05,0,-0.0030410808815530574
76,0.0060000000000000019,0.002,-0.00050000000000000001,6.8357896711964512e-05,0,-0.0024279317712309375
77,0.0080000000000000002,0.002,-0.00050000000000000001,2.8596189912118534e-05,0,-0.0017724112566900013
78,0.0099999999999999985,0.002,-0.00050000000000000001,-9.8297956333103241e-06,0,-0.0011337336736953944
79,0.012,0.002,-0.00050000000000000001,-2.8142806315254656e-05,0,-0.00057335304613469814
80,0.014000000000000002,0.002,-0.00050000000000000001,-1.5618572017427283e-05,0,-0.00017545793202746417
81,0.016000000000000004,0.002,-0.00050000000000000001,0,0,0
82,0.017999999999999999,0.002,-0.00050000000000000001,0,0,0
83,0.02,0.002,-0.00050000000000000001,0,0,0
84,-0.02,0,0,0,0,0
85,-0.018000000000000002,0,0,0,0,0
86,-0.016,0,0,0,0,0
87,-0.014,0,0,6.8241351251618828e-05,0,-0.00019646813582938909
88,-0.012,0,0,0.00013806416288938522,0,-0.00060446280684889515
89,-0.01,0,0,0.00014902408403874064,0,-0.0011712635114017305
90,-0.0080000000000000002,0,0,0.00012191667259047435,0,-0.0018125381589379262
91,-0.0060000000000000001,0,0,7.8362307664855879e-05,0,-0.0024659958885820065
92,-0.0040000000000000001,0,0,3.6730666283506851e-05,0,-0.0030715940466569738
93,-0.0019999999999999983,0,0,9.7257082279423015e-06,0,-0.003551508261697465
94,0,0,0,-3.581495068405265e-19,0,-0.0038036437554624159
95,0.0019999999999999983,0,0,-9.7257082279424844e-06,0,-0.0035515082616974667
96,0.0040000000000000001,0,0,-3.673066628350883e-05,0,-0.0030715940466569751
97,0.0060000000000000019,0,0,-7.8362307664858657e-05,0,-0.0024659958885820069
98,0.0080000000000000002,0,0,-0.00012191667259047508,0,-0.0018125381589379293
99,0.0099999999999999985,0,0,-0.00014902408403874001,0,-0.0011712635114017318
100,0.012,0,0,-0.00013806416288938487,0,-0.00060446280684889439
101,0.014000000000000002,0,0,-6.8241351251619248e-05,0,-0.00019646813582938888
102,0.016000000000000004,0,0,0,0,0
103,0.017999999999999999,0,0,0,0,0
104,0.02,0,0,0,0,0
105,-0.02,0.002,0,0,0,0
106,-0.018000000000000002,0.002,0,0,0,0
107,-0.016,0.002,0,0,0,0
108,-0.014,0.002,0,6.8241351251619803e-05,0,-0.00019646813582938939
109,-0.012,0.002,0,0.000138064162889385,0,-0.00060446280684889472
110,-0.01,0.002,0,0.00014902408403873774,0,-0.0011712635114017296
111,-0.0080000000000000002,0.002,0,0.000121916672590474,0,-0.001812538158937928
112,-0.0060000000000000001,0.002,0,7.8362307664858006e-05,0,-0.0024659958885820061
113,-0.0040000000000000001,0.002,0,3.6730666283506723e-05,0,-0.003071594046656973
114,-0.0019999999999999983,0.002,0,9.7257082279411597e-06,0,-0.0035515082616974637
115,0,0.002,0,-1.8706823295557245e-19,0,-0.0038036437554624164
116,0.0019999999999999983,0.002,0,-9.7257082279420796e-06,0,-0.0035515082616974654
117,0.0040000000000000001,0.002,0,-3.6730666283509745e-05,0,-0.0030715940466569756
118,0.0060000000000000019,0.002,0,-7.8362307664860392e-05,0,-0.0024659958885820074
119,0.0080000000000000002,0.002,0,-0.0001219166725904746,0,-0.001812538158937929
120,0.0099999999999999985,0.002,0,-0.0001490240840387392,0,-0.0011712635114017307
121,0.012,0.002,0,-0.00013806416288938438,0,-0.00060446280684889439
122,0.014000000000000002,0.002,0,-6.8241351251619519e-05,0,-0.00019646813582938918
123,0.016000000000000004,0.002,0,0,0,0
124,0.017999999999999999,0.002,0,0,0,0
125,0.02,0.002,0,0,0,0
