variant,state,r_mm,z_mm
base,release,0.1250,-2.8773
base,release,0.3750,-2.9133
base,release,0.6250,-2.9499
base,release,0.8750,-2.9835
base,release,1.1250,-3.0134
base,release,1.3750,-3.0473
base,release,1.6250,-3.0749
base,release,1.8750,-3.0859
base,release,2.1250,-3.0874
base,release,2.3750,-3.0537
base,release,2.6250,-3.0015
base,release,2.8750,-2.9421
base,release,3.1250,-2.8854
base,release,3.3750,-2.7999
base,release,3.6250,-2.7247
base,release,3.8750,-2.6476
base,release,4.1250,-2.5715
base,release,4.3750,-2.4797
base,release,4.6250,-2.3811
base,release,4.8750,-2.2772
base,release,5.1250,-2.1775
base,release,5.3750,-2.0785
base,release,5.6250,-1.9724
base,release,5.8750,-1.8752
base,release,6.1250,-1.7864
base,release,6.3750,-1.6968
base,release,6.6250,-1.6141
base,release,6.8750,-1.5339
base,release,7.1250,-1.4610
base,release,7.3750,-1.3927
base,release,7.6250,-1.3220
base,release,7.8750,-1.2523
base,release,8.1250,-1.1833
base,release,8.3750,-1.1259
base,release,8.6250,-1.0674
base,release,8.8750,-1.0129
base,release,9.1250,-0.9648
base,release,9.3750,-0.9124
base,release,9.6250,-0.8635
base,release,9.8750,-0.8112
base,release,10.1250,-0.7647
base,release,10.3750,-0.7257
base,release,10.6250,-0.6827
base,release,10.8750,-0.6443
base,release,11.1250,-0.6031
base,release,11.3750,-0.5661
base,release,11.6250,-0.5317
base,release,11.8750,-0.4943
base,release,12.1250,-0.4638
base,release,12.3750,-0.4293
base,release,12.6250,-0.3984
base,release,12.8750,-0.3701
base,release,13.1250,-0.3412
base,release,13.3750,-0.3207
base,release,13.6250,-0.2915
base,release,13.8750,-0.2692
base,release,14.1250,-0.2427
base,release,14.3750,-0.2226
base,release,14.6250,-0.2066
base,release,14.8750,-0.1897
base,form,0.1250,-2.7661
base,form,0.3750,-2.8029
base,form,0.6250,-2.8393
base,form,0.8750,-2.8729
base,form,1.1250,-2.9027
base,form,1.3750,-2.9363
base,form,1.6250,-2.9638
base,form,1.8750,-2.9743
base,form,2.1250,-2.9753
base,form,2.3750,-2.9407
base,form,2.6250,-2.8878
base,form,2.8750,-2.8275
base,form,3.1250,-2.7698
base,form,3.3750,-2.6834
base,form,3.6250,-2.6074
base,form,3.8750,-2.5295
base,form,4.1250,-2.4528
base,form,4.3750,-2.3603
base,form,4.6250,-2.2613
base,form,4.8750,-2.1570
base,form,5.1250,-2.0567
base,form,5.3750,-1.9577
base,form,5.6250,-1.8512
base,form,5.8750,-1.7536
base,form,6.1250,-1.6648
base,form,6.3750,-1.5749
base,form,6.6250,-1.4921
base,form,6.8750,-1.4119
base,form,7.1250,-1.3391
base,form,7.3750,-1.2707
base,form,7.6250,-1.2001
base,form,7.8750,-1.1305
base,form,8.1250,-1.0616
base,form,8.3750,-1.0044
base,form,8.6250,-0.9461
base,form,8.8750,-0.8921
base,form,9.1250,-0.8442
base,form,9.3750,-0.7922
base,form,9.6250,-0.7436
base,form,9.8750,-0.6919
base,form,10.1250,-0.6458
base,form,10.3750,-0.6071
base,form,10.6250,-0.5650
base,form,10.8750,-0.5272
base,form,11.1250,-0.4869
base,form,11.3750,-0.4507
base,form,11.6250,-0.4170
base,form,11.8750,-0.3806
base,form,12.1250,-0.3507
base,form,12.3750,-0.3175
base,form,12.6250,-0.2877
base,form,12.8750,-0.2607
base,form,13.1250,-0.2333
base,form,13.3750,-0.2137
base,form,13.6250,-0.1862
base,form,13.8750,-0.1651
base,form,14.1250,-0.1402
base,form,14.3750,-0.1218
base,form,14.6250,-0.1074
base,form,14.8750,-0.0924
dsif_ng,release,0.1250,-2.5534
dsif_ng,release,0.3750,-2.5938
dsif_ng,release,0.6250,-2.6368
dsif_ng,release,0.8750,-2.6758
dsif_ng,release,1.1250,-2.7111
dsif_ng,release,1.3750,-2.7512
dsif_ng,release,1.6250,-2.7851
dsif_ng,release,1.8750,-2.8019
dsif_ng,release,2.1250,-2.8098
dsif_ng,release,2.3750,-2.7824
dsif_ng,release,2.6250,-2.7313
dsif_ng,release,2.8750,-2.6717
dsif_ng,release,3.1250,-2.6132
dsif_ng,release,3.3750,-2.5213
dsif_ng,release,3.6250,-2.4333
dsif_ng,release,3.8750,-2.3510
dsif_ng,release,4.1250,-2.2623
dsif_ng,release,4.3750,-2.1329
dsif_ng,release,4.6250,-1.9750
dsif_ng,release,4.8750,-1.7938
dsif_ng,release,5.1250,-1.6211
dsif_ng,release,5.3750,-1.4454
dsif_ng,release,5.6250,-1.2599
dsif_ng,release,5.8750,-1.0932
dsif_ng,release,6.1250,-0.9592
dsif_ng,release,6.3750,-0.8157
dsif_ng,release,6.6250,-0.6912
dsif_ng,release,6.8750,-0.5773
dsif_ng,release,7.1250,-0.4793
dsif_ng,release,7.3750,-0.3917
dsif_ng,release,7.6250,-0.3043
dsif_ng,release,7.8750,-0.2198
dsif_ng,release,8.1250,-0.1558
dsif_ng,release,8.3750,-0.1082
dsif_ng,release,8.6250,-0.0659
dsif_ng,release,8.8750,-0.0329
dsif_ng,release,9.1250,-0.0039
dsif_ng,release,9.3750,0.0220
dsif_ng,release,9.6250,0.0460
dsif_ng,release,9.8750,0.0693
dsif_ng,release,10.1250,0.0868
dsif_ng,release,10.3750,0.0901
dsif_ng,release,10.6250,0.0937
dsif_ng,release,10.8750,0.0944
dsif_ng,release,11.1250,0.0958
dsif_ng,release,11.3750,0.0961
dsif_ng,release,11.6250,0.0949
dsif_ng,release,11.8750,0.0944
dsif_ng,release,12.1250,0.0932
dsif_ng,release,12.3750,0.0921
dsif_ng,release,12.6250,0.0906
dsif_ng,release,12.8750,0.0884
dsif_ng,release,13.1250,0.0872
dsif_ng,release,13.3750,0.0845
dsif_ng,release,13.6250,0.0833
dsif_ng,release,13.8750,0.0809
dsif_ng,release,14.1250,0.0796
dsif_ng,release,14.3750,0.0781
dsif_ng,release,14.6250,0.0767
dsif_ng,release,14.8750,0.0752
dsif_ng,form,0.1250,-2.7309
dsif_ng,form,0.3750,-2.7711
dsif_ng,form,0.6250,-2.8141
dsif_ng,form,0.8750,-2.8531
dsif_ng,form,1.1250,-2.8884
dsif_ng,form,1.3750,-2.9284
dsif_ng,form,1.6250,-2.9622
dsif_ng,form,1.8750,-2.9787
dsif_ng,form,2.1250,-2.9861
dsif_ng,form,2.3750,-2.9580
dsif_ng,form,2.6250,-2.9064
dsif_ng,form,2.8750,-2.8460
dsif_ng,form,3.1250,-2.7866
dsif_ng,form,3.3750,-2.6940
dsif_ng,form,3.6250,-2.6055
dsif_ng,form,3.8750,-2.5226
dsif_ng,form,4.1250,-2.4334
dsif_ng,form,4.3750,-2.3040
dsif_ng,form,4.6250,-2.1459
dsif_ng,form,4.8750,-1.9645
dsif_ng,form,5.1250,-1.7912
dsif_ng,form,5.3750,-1.6155
dsif_ng,form,5.6250,-1.4294
dsif_ng,form,5.8750,-1.2620
dsif_ng,form,6.1250,-1.1272
dsif_ng,form,6.3750,-0.9826
dsif_ng,form,6.6250,-0.8570
dsif_ng,form,6.8750,-0.7417
dsif_ng,form,7.1250,-0.6427
dsif_ng,form,7.3750,-0.5537
dsif_ng,form,7.6250,-0.4650
dsif_ng,form,7.8750,-0.3791
dsif_ng,form,8.1250,-0.3136
dsif_ng,form,8.3750,-0.2642
dsif_ng,form,8.6250,-0.2198
dsif_ng,form,8.8750,-0.1850
dsif_ng,form,9.1250,-0.1537
dsif_ng,form,9.3750,-0.1256
dsif_ng,form,9.6250,-0.0991
dsif_ng,form,9.8750,-0.0735
dsif_ng,form,10.1250,-0.0539
dsif_ng,form,10.3750,-0.0477
dsif_ng,form,10.6250,-0.0414
dsif_ng,form,10.8750,-0.0377
dsif_ng,form,11.1250,-0.0334
dsif_ng,form,11.3750,-0.0302
dsif_ng,form,11.6250,-0.0284
dsif_ng,form,11.8750,-0.0258
dsif_ng,form,12.1250,-0.0240
dsif_ng,form,12.3750,-0.0221
dsif_ng,form,12.6250,-0.0204
dsif_ng,form,12.8750,-0.0194
dsif_ng,form,13.1250,-0.0178
dsif_ng,form,13.3750,-0.0174
dsif_ng,form,13.6250,-0.0157
dsif_ng,form,13.8750,-0.0150
dsif_ng,form,14.1250,-0.0133
dsif_ng,form,14.3750,-0.0119
dsif_ng,form,14.6250,-0.0107
dsif_ng,form,14.8750,-0.0095
dsif_ng_gap02,release,0.1250,-2.6709
dsif_ng_gap02,release,0.3750,-2.7113
dsif_ng_gap02,release,0.6250,-2.7524
dsif_ng_gap02,release,0.8750,-2.7898
dsif_ng_gap02,release,1.1250,-2.8235
dsif_ng_gap02,release,1.3750,-2.8617
dsif_ng_gap02,release,1.6250,-2.8937
dsif_ng_gap02,release,1.8750,-2.9091
dsif_ng_gap02,release,2.1250,-2.9154
dsif_ng_gap02,release,2.3750,-2.8868
dsif_ng_gap02,release,2.6250,-2.8362
dsif_ng_gap02,release,2.8750,-2.7775
dsif_ng_gap02,release,3.1250,-2.7206
dsif_ng_gap02,release,3.3750,-2.6305
dsif_ng_gap02,release,3.6250,-2.5455
dsif_ng_gap02,release,3.8750,-2.4647
dsif_ng_gap02,release,4.1250,-2.3789
dsif_ng_gap02,release,4.3750,-2.2595
dsif_ng_gap02,release,4.6250,-2.1169
dsif_ng_gap02,release,4.8750,-1.9548
dsif_ng_gap02,release,5.1250,-1.8023
dsif_ng_gap02,release,5.3750,-1.6469
dsif_ng_gap02,release,5.6250,-1.4824
dsif_ng_gap02,release,5.8750,-1.3359
dsif_ng_gap02,release,6.1250,-1.2156
dsif_ng_gap02,release,6.3750,-1.0910
dsif_ng_gap02,release,6.6250,-0.9802
dsif_ng_gap02,release,6.8750,-0.8766
dsif_ng_gap02,release,7.1250,-0.7865
dsif_ng_gap02,release,7.3750,-0.7045
dsif_ng_gap02,release,7.6250,-0.6229
dsif_ng_gap02,release,7.8750,-0.5428
dsif_ng_gap02,release,8.1250,-0.4774
dsif_ng_gap02,release,8.3750,-0.4285
dsif_ng_gap02,release,8.6250,-0.3840
dsif_ng_gap02,release,8.8750,-0.3489
dsif_ng_gap02,release,9.1250,-0.3173
dsif_ng_gap02,release,9.3750,-0.2877
dsif_ng_gap02,release,9.6250,-0.2588
dsif_ng_gap02,release,9.8750,-0.2308
dsif_ng_gap02,release,10.1250,-0.2077
dsif_ng_gap02,release,10.3750,-0.1931
dsif_ng_gap02,release,10.6250,-0.1770
dsif_ng_gap02,release,10.8750,-0.1640
dsif_ng_gap02,release,11.1250,-0.1498
dsif_ng_gap02,release,11.3750,-0.1376
dsif_ng_gap02,release,11.6250,-0.1267
dsif_ng_gap02,release,11.8750,-0.1148
dsif_ng_gap02,release,12.1250,-0.1051
dsif_ng_gap02,release,12.3750,-0.0945
dsif_ng_gap02,release,12.6250,-0.0849
dsif_ng_gap02,release,12.8750,-0.0766
dsif_ng_gap02,release,13.1250,-0.0678
dsif_ng_gap02,release,13.3750,-0.0622
dsif_ng_gap02,release,13.6250,-0.0533
dsif_ng_gap02,release,13.8750,-0.0471
dsif_ng_gap02,release,14.1250,-0.0389
dsif_ng_gap02,release,14.3750,-0.0332
dsif_ng_gap02,release,14.6250,-0.0288
dsif_ng_gap02,release,14.8750,-0.0244
dsif_ng_gap02,form,0.1250,-2.7393
dsif_ng_gap02,form,0.3750,-2.7802
dsif_ng_gap02,form,0.6250,-2.8212
dsif_ng_gap02,form,0.8750,-2.8586
dsif_ng_gap02,form,1.1250,-2.8922
dsif_ng_gap02,form,1.3750,-2.9303
dsif_ng_gap02,form,1.6250,-2.9622
dsif_ng_gap02,form,1.8750,-2.9772
dsif_ng_gap02,form,2.1250,-2.9829
dsif_ng_gap02,form,2.3750,-2.9536
dsif_ng_gap02,form,2.6250,-2.9023
dsif_ng_gap02,form,2.8750,-2.8427
dsif_ng_gap02,form,3.1250,-2.7849
dsif_ng_gap02,form,3.3750,-2.6939
dsif_ng_gap02,form,3.6250,-2.6083
dsif_ng_gap02,form,3.8750,-2.5269
dsif_ng_gap02,form,4.1250,-2.4405
dsif_ng_gap02,form,4.3750,-2.3208
dsif_ng_gap02,form,4.6250,-2.1780
dsif_ng_gap02,form,4.8750,-2.0157
dsif_ng_gap02,form,5.1250,-1.8629
dsif_ng_gap02,form,5.3750,-1.7074
dsif_ng_gap02,form,5.6250,-1.5425
dsif_ng_gap02,form,5.8750,-1.3956
dsif_ng_gap02,form,6.1250,-1.2748
dsif_ng_gap02,form,6.3750,-1.1496
dsif_ng_gap02,form,6.6250,-1.0381
dsif_ng_gap02,form,6.8750,-0.9338
dsif_ng_gap02,form,7.1250,-0.8431
dsif_ng_gap02,form,7.3750,-0.7603
dsif_ng_gap02,form,7.6250,-0.6779
dsif_ng_gap02,form,7.8750,-0.5969
dsif_ng_gap02,form,8.1250,-0.5306
dsif_ng_gap02,form,8.3750,-0.4806
dsif_ng_gap02,form,8.6250,-0.4349
dsif_ng_gap02,form,8.8750,-0.3985
dsif_ng_gap02,form,9.1250,-0.3656
dsif_ng_gap02,form,9.3750,-0.3347
dsif_ng_gap02,form,9.6250,-0.3044
dsif_ng_gap02,form,9.8750,-0.2750
dsif_ng_gap02,form,10.1250,-0.2504
dsif_ng_gap02,form,10.3750,-0.2342
dsif_ng_gap02,form,10.6250,-0.2166
dsif_ng_gap02,form,10.8750,-0.2017
dsif_ng_gap02,form,11.1250,-0.1859
dsif_ng_gap02,form,11.3750,-0.1720
dsif_ng_gap02,form,11.6250,-0.1593
dsif_ng_gap02,form,11.8750,-0.1457
dsif_ng_gap02,form,12.1250,-0.1342
dsif_ng_gap02,form,12.3750,-0.1219
dsif_ng_gap02,form,12.6250,-0.1107
dsif_ng_gap02,form,12.8750,-0.1007
dsif_ng_gap02,form,13.1250,-0.0904
dsif_ng_gap02,form,13.3750,-0.0830
dsif_ng_gap02,form,13.6250,-0.0726
dsif_ng_gap02,form,13.8750,-0.0647
dsif_ng_gap02,form,14.1250,-0.0550
dsif_ng_gap02,form,14.3750,-0.0479
dsif_ng_gap02,form,14.6250,-0.0422
dsif_ng_gap02,form,14.8750,-0.0364
rob_iso1_it5,release,0.1250,-2.4109
rob_iso1_it5,release,0.3750,-2.4352
rob_iso1_it5,release,0.6250,-2.4594
rob_iso1_it5,release,0.8750,-2.4823
rob_iso1_it5,release,1.1250,-2.5023
rob_iso1_it5,release,1.3750,-2.5241
rob_iso1_it5,release,1.6250,-2.5409
rob_iso1_it5,release,1.8750,-2.5437
rob_iso1_it5,release,2.1250,-2.5377
rob_iso1_it5,release,2.3750,-2.4996
rob_iso1_it5,release,2.6250,-2.4496
rob_iso1_it5,release,2.8750,-2.3953
rob_iso1_it5,release,3.1250,-2.3428
rob_iso1_it5,release,3.3750,-2.2689
rob_iso1_it5,release,3.6250,-2.2027
rob_iso1_it5,release,3.8750,-2.1372
rob_iso1_it5,release,4.1250,-2.0721
rob_iso1_it5,release,4.3750,-1.9947
rob_iso1_it5,release,4.6250,-1.9154
rob_iso1_it5,release,4.8750,-1.8323
rob_iso1_it5,release,5.1250,-1.7546
rob_iso1_it5,release,5.3750,-1.6757
rob_iso1_it5,release,5.6250,-1.5932
rob_iso1_it5,release,5.8750,-1.5185
rob_iso1_it5,release,6.1250,-1.4490
rob_iso1_it5,release,6.3750,-1.3802
rob_iso1_it5,release,6.6250,-1.3153
rob_iso1_it5,release,6.8750,-1.2528
rob_iso1_it5,release,7.1250,-1.1956
rob_iso1_it5,release,7.3750,-1.1412
rob_iso1_it5,release,7.6250,-1.0856
rob_iso1_it5,release,7.8750,-1.0304
rob_iso1_it5,release,8.1250,-0.9759
rob_iso1_it5,release,8.3750,-0.9302
rob_iso1_it5,release,8.6250,-0.8838
rob_iso1_it5,release,8.8750,-0.8405
rob_iso1_it5,release,9.1250,-0.8023
rob_iso1_it5,release,9.3750,-0.7607
rob_iso1_it5,release,9.6250,-0.7217
rob_iso1_it5,release,9.8750,-0.6801
rob_iso1_it5,release,10.1250,-0.6429
rob_iso1_it5,release,10.3750,-0.6117
rob_iso1_it5,release,10.6250,-0.5773
rob_iso1_it5,release,10.8750,-0.5466
rob_iso1_it5,release,11.1250,-0.5135
rob_iso1_it5,release,11.3750,-0.4838
rob_iso1_it5,release,11.6250,-0.4562
rob_iso1_it5,release,11.8750,-0.4260
rob_iso1_it5,release,12.1250,-0.4014
rob_iso1_it5,release,12.3750,-0.3735
rob_iso1_it5,release,12.6250,-0.3485
rob_iso1_it5,release,12.8750,-0.3257
rob_iso1_it5,release,13.1250,-0.3023
rob_iso1_it5,release,13.3750,-0.2857
rob_iso1_it5,release,13.6250,-0.2620
rob_iso1_it5,release,13.8750,-0.2441
rob_iso1_it5,release,14.1250,-0.2224
rob_iso1_it5,release,14.3750,-0.2060
rob_iso1_it5,release,14.6250,-0.1929
rob_iso1_it5,release,14.8750,-0.1791
rob_iso1_it5,form,0.1250,-2.2807
rob_iso1_it5,form,0.3750,-2.3046
rob_iso1_it5,form,0.6250,-2.3287
rob_iso1_it5,form,0.8750,-2.3515
rob_iso1_it5,form,1.1250,-2.3714
rob_iso1_it5,form,1.3750,-2.3931
rob_iso1_it5,form,1.6250,-2.4098
rob_iso1_it5,form,1.8750,-2.4122
rob_iso1_it5,form,2.1250,-2.4059
rob_iso1_it5,form,2.3750,-2.3671
rob_iso1_it5,form,2.6250,-2.3167
rob_iso1_it5,form,2.8750,-2.2618
rob_iso1_it5,form,3.1250,-2.2086
rob_iso1_it5,form,3.3750,-2.1341
rob_iso1_it5,form,3.6250,-2.0674
rob_iso1_it5,form,3.8750,-2.0014
rob_iso1_it5,form,4.1250,-1.9358
rob_iso1_it5,form,4.3750,-1.8581
rob_iso1_it5,form,4.6250,-1.7786
rob_iso1_it5,form,4.8750,-1.6952
rob_iso1_it5,form,5.1250,-1.6172
rob_iso1_it5,form,5.3750,-1.5382
rob_iso1_it5,form,5.6250,-1.4554
rob_iso1_it5,form,5.8750,-1.3806
rob_iso1_it5,form,6.1250,-1.3110
rob_iso1_it5,form,6.3750,-1.2422
rob_iso1_it5,form,6.6250,-1.1773
rob_iso1_it5,form,6.8750,-1.1149
rob_iso1_it5,form,7.1250,-1.0579
rob_iso1_it5,form,7.3750,-1.0036
rob_iso1_it5,form,7.6250,-0.9482
rob_iso1_it5,form,7.8750,-0.8932
rob_iso1_it5,form,8.1250,-0.8389
rob_iso1_it5,form,8.3750,-0.7935
rob_iso1_it5,form,8.6250,-0.7475
rob_iso1_it5,form,8.8750,-0.7048
rob_iso1_it5,form,9.1250,-0.6669
rob_iso1_it5,form,9.3750,-0.6259
rob_iso1_it5,form,9.6250,-0.5875
rob_iso1_it5,form,9.8750,-0.5466
rob_iso1_it5,form,10.1250,-0.5100
rob_iso1_it5,form,10.3750,-0.4793
rob_iso1_it5,form,10.6250,-0.4460
rob_iso1_it5,form,10.8750,-0.4160
rob_iso1_it5,form,11.1250,-0.3840
rob_iso1_it5,form,11.3750,-0.3553
rob_iso1_it5,form,11.6250,-0.3285
rob_iso1_it5,form,11.8750,-0.2997
rob_iso1_it5,form,12.1250,-0.2758
rob_iso1_it5,form,12.3750,-0.2495
rob_iso1_it5,form,12.6250,-0.2259
rob_iso1_it5,form,12.8750,-0.2045
rob_iso1_it5,form,13.1250,-0.1827
rob_iso1_it5,form,13.3750,-0.1673
rob_iso1_it5,form,13.6250,-0.1456
rob_iso1_it5,form,13.8750,-0.1289
rob_iso1_it5,form,14.1250,-0.1091
rob_iso1_it5,form,14.3750,-0.0946
rob_iso1_it5,form,14.6250,-0.0834
rob_iso1_it5,form,14.8750,-0.0716
rob_irb_horiz,release,0.1250,-2.6731
rob_irb_horiz,release,0.3750,-2.7012
rob_irb_horiz,release,0.6250,-2.7294
rob_irb_horiz,release,0.8750,-2.7557
rob_irb_horiz,release,1.1250,-2.7788
rob_irb_horiz,release,1.3750,-2.8046
rob_irb_horiz,release,1.6250,-2.8248
rob_irb_horiz,release,1.8750,-2.8307
rob_irb_horiz,release,2.1250,-2.8275
rob_irb_horiz,release,2.3750,-2.7893
rob_irb_horiz,release,2.6250,-2.7342
rob_irb_horiz,release,2.8750,-2.6740
rob_irb_horiz,release,3.1250,-2.6178
rob_irb_horiz,release,3.3750,-2.5330
rob_irb_horiz,release,3.6250,-2.4600
rob_irb_horiz,release,3.8750,-2.3828
rob_irb_horiz,release,4.1250,-2.3091
rob_irb_horiz,release,4.3750,-2.2218
rob_irb_horiz,release,4.6250,-2.1323
rob_irb_horiz,release,4.8750,-2.0392
rob_irb_horiz,release,5.1250,-1.9502
rob_irb_horiz,release,5.3750,-1.8628
rob_irb_horiz,release,5.6250,-1.7689
rob_irb_horiz,release,5.8750,-1.6842
rob_irb_horiz,release,6.1250,-1.6059
rob_irb_horiz,release,6.3750,-1.5271
rob_irb_horiz,release,6.6250,-1.4534
rob_irb_horiz,release,6.8750,-1.3821
rob_irb_horiz,release,7.1250,-1.3175
rob_irb_horiz,release,7.3750,-1.2560
rob_irb_horiz,release,7.6250,-1.1929
rob_irb_horiz,release,7.8750,-1.1304
rob_irb_horiz,release,8.1250,-1.0686
rob_irb_horiz,release,8.3750,-1.0169
rob_irb_horiz,release,8.6250,-0.9643
rob_irb_horiz,release,8.8750,-0.9155
rob_irb_horiz,release,9.1250,-0.8721
rob_irb_horiz,release,9.3750,-0.8249
rob_irb_horiz,release,9.6250,-0.7809
rob_irb_horiz,release,9.8750,-0.7339
rob_irb_horiz,release,10.1250,-0.6919
rob_irb_horiz,release,10.3750,-0.6563
rob_irb_horiz,release,10.6250,-0.6175
rob_irb_horiz,release,10.8750,-0.5826
rob_irb_horiz,release,11.1250,-0.5451
rob_irb_horiz,release,11.3750,-0.5114
rob_irb_horiz,release,11.6250,-0.4801
rob_irb_horiz,release,11.8750,-0.4460
rob_irb_horiz,release,12.1250,-0.4182
rob_irb_horiz,release,12.3750,-0.3867
rob_irb_horiz,release,12.6250,-0.3584
rob_irb_horiz,release,12.8750,-0.3327
rob_irb_horiz,release,13.1250,-0.3063
rob_irb_horiz,release,13.3750,-0.2877
rob_irb_horiz,release,13.6250,-0.2610
rob_irb_horiz,release,13.8750,-0.2408
rob_irb_horiz,release,14.1250,-0.2164
rob_irb_horiz,release,14.3750,-0.1982
rob_irb_horiz,release,14.6250,-0.1835
rob_irb_horiz,release,14.8750,-0.1682
rob_irb_horiz,form,0.1250,-2.5623
rob_irb_horiz,form,0.3750,-2.5902
rob_irb_horiz,form,0.6250,-2.6185
rob_irb_horiz,form,0.8750,-2.6449
rob_irb_horiz,form,1.1250,-2.6681
rob_irb_horiz,form,1.3750,-2.6940
rob_irb_horiz,form,1.6250,-2.7143
rob_irb_horiz,form,1.8750,-2.7204
rob_irb_horiz,form,2.1250,-2.7173
rob_irb_horiz,form,2.3750,-2.6795
rob_irb_horiz,form,2.6250,-2.6248
rob_irb_horiz,form,2.8750,-2.5649
rob_irb_horiz,form,3.1250,-2.5091
rob_irb_horiz,form,3.3750,-2.4245
rob_irb_horiz,form,3.6250,-2.3516
rob_irb_horiz,form,3.8750,-2.2746
rob_irb_horiz,form,4.1250,-2.2010
rob_irb_horiz,form,4.3750,-2.1138
rob_irb_horiz,form,4.6250,-2.0243
rob_irb_horiz,form,4.8750,-1.9310
rob_irb_horiz,form,5.1250,-1.8420
rob_irb_horiz,form,5.3750,-1.7548
rob_irb_horiz,form,5.6250,-1.6608
rob_irb_horiz,form,5.8750,-1.5761
rob_irb_horiz,form,6.1250,-1.4979
rob_irb_horiz,form,6.3750,-1.4191
rob_irb_horiz,form,6.6250,-1.3455
rob_irb_horiz,form,6.8750,-1.2743
rob_irb_horiz,form,7.1250,-1.2098
rob_irb_horiz,form,7.3750,-1.1483
rob_irb_horiz,form,7.6250,-1.0855
rob_irb_horiz,form,7.8750,-1.0231
rob_irb_horiz,form,8.1250,-0.9615
rob_irb_horiz,form,8.3750,-0.9101
rob_irb_horiz,form,8.6250,-0.8577
rob_irb_horiz,form,8.8750,-0.8095
rob_irb_horiz,form,9.1250,-0.7663
rob_irb_horiz,form,9.3750,-0.7197
rob_irb_horiz,form,9.6250,-0.6759
rob_irb_horiz,form,9.8750,-0.6295
rob_irb_horiz,form,10.1250,-0.5881
rob_irb_horiz,form,10.3750,-0.5528
rob_irb_horiz,form,10.6250,-0.5149
rob_irb_horiz,form,10.8750,-0.4805
rob_irb_horiz,form,11.1250,-0.4440
rob_irb_horiz,form,11.3750,-0.4110
rob_irb_horiz,form,11.6250,-0.3804
rob_irb_horiz,form,11.8750,-0.3473
rob_irb_horiz,form,12.1250,-0.3200
rob_irb_horiz,form,12.3750,-0.2898
rob_irb_horiz,form,12.6250,-0.2626
rob_irb_horiz,form,12.8750,-0.2380
rob_irb_horiz,form,13.1250,-0.2130
rob_irb_horiz,form,13.3750,-0.1951
rob_irb_horiz,form,13.6250,-0.1701
rob_irb_horiz,form,13.8750,-0.1509
rob_irb_horiz,form,14.1250,-0.1281
rob_irb_horiz,form,14.3750,-0.1113
rob_irb_horiz,form,14.6250,-0.0981
rob_irb_horiz,form,14.8750,-0.0845
clamp8,release,0.1250,-2.7750
clamp8,release,0.3750,-2.8217
clamp8,release,0.6250,-2.8691
clamp8,release,0.8750,-2.9123
clamp8,release,1.1250,-2.9510
clamp8,release,1.3750,-2.9951
clamp8,release,1.6250,-3.0326
clamp8,release,1.8750,-3.0499
clamp8,release,2.1250,-3.0567
clamp8,release,2.3750,-3.0264
clamp8,release,2.6250,-2.9722
clamp8,release,2.8750,-2.9069
clamp8,release,3.1250,-2.8452
clamp8,release,3.3750,-2.7491
clamp8,release,3.6250,-2.6652
clamp8,release,3.8750,-2.5777
clamp8,release,4.1250,-2.4914
clamp8,release,4.3750,-2.3878
clamp8,release,4.6250,-2.2711
clamp8,release,4.8750,-2.1464
clamp8,release,5.1250,-2.0254
clamp8,release,5.3750,-1.9045
clamp8,release,5.6250,-1.7753
clamp8,release,5.8750,-1.6546
clamp8,release,6.1250,-1.5455
clamp8,release,6.3750,-1.4307
clamp8,release,6.6250,-1.3265
clamp8,release,6.8750,-1.2250
clamp8,release,7.1250,-1.1335
clamp8,release,7.3750,-1.0499
clamp8,release,7.6250,-0.9620
clamp8,release,7.8750,-0.8772
clamp8,release,8.1250,-0.7947
clamp8,release,8.3750,-0.7299
clamp8,release,8.6250,-0.6636
clamp8,release,8.8750,-0.6019
clamp8,release,9.1250,-0.5514
clamp8,release,9.3750,-0.4927
clamp8,release,9.6250,-0.4424
clamp8,release,9.8750,-0.3854
clamp8,release,10.1250,-0.3383
clamp8,release,10.3750,-0.3078
clamp8,release,10.6250,-0.2711
clamp8,release,10.8750,-0.2433
clamp8,release,11.1250,-0.2116
clamp8,release,11.3750,-0.1860
clamp8,release,11.6250,-0.1641
clamp8,release,11.8750,-0.1397
clamp8,release,12.1250,-0.1223
clamp8,release,12.3750,-0.1049
clamp8,release,12.6250,-0.0934
clamp8,release,12.8750,-0.0850
clamp8,release,13.1250,-0.0765
clamp8,release,13.3750,-0.0744
clamp8,release,13.6250,-0.0675
clamp8,release,13.8750,-0.0637
clamp8,release,14.1250,-0.0593
clamp8,release,14.3750,-0.0560
clamp8,release,14.6250,-0.0538
clamp8,release,14.8750,-0.0507
clamp8,form,0.1250,-2.6932
clamp8,form,0.3750,-2.7409
clamp8,form,0.6250,-2.7882
clamp8,form,0.8750,-2.8313
clamp8,form,1.1250,-2.8700
clamp8,form,1.3750,-2.9140
clamp8,form,1.6250,-2.9515
clamp8,form,1.8750,-2.9685
clamp8,form,2.1250,-2.9749
clamp8,form,2.3750,-2.9441
clamp8,form,2.6250,-2.8895
clamp8,form,2.8750,-2.8237
clamp8,form,3.1250,-2.7613
clamp8,form,3.3750,-2.6646
clamp8,form,3.6250,-2.5800
clamp8,form,3.8750,-2.4921
clamp8,form,4.1250,-2.4052
clamp8,form,4.3750,-2.3011
clamp8,form,4.6250,-2.1841
clamp8,form,4.8750,-2.0590
clamp8,form,5.1250,-1.9376
clamp8,form,5.3750,-1.8167
clamp8,form,5.6250,-1.6871
clamp8,form,5.8750,-1.5663
clamp8,form,6.1250,-1.4572
clamp8,form,6.3750,-1.3424
clamp8,form,6.6250,-1.2382
clamp8,form,6.8750,-1.1369
clamp8,form,7.1250,-1.0457
clamp8,form,7.3750,-0.9622
clamp8,form,7.6250,-0.8745
clamp8,form,7.8750,-0.7900
clamp8,form,8.1250,-0.7079
clamp8,form,8.3750,-0.6436
clamp8,form,8.6250,-0.5777
clamp8,form,8.8750,-0.5171
clamp8,form,9.1250,-0.4669
clamp8,form,9.3750,-0.4092
clamp8,form,9.6250,-0.3595
clamp8,form,9.8750,-0.3035
clamp8,form,10.1250,-0.2572
clamp8,form,10.3750,-0.2272
clamp8,form,10.6250,-0.1920
clamp8,form,10.8750,-0.1651
clamp8,form,11.1250,-0.1351
clamp8,form,11.3750,-0.1107
clamp8,form,11.6250,-0.0900
clamp8,form,11.8750,-0.0674
clamp8,form,12.1250,-0.0508
clamp8,form,12.3750,-0.0353
clamp8,form,12.6250,-0.0255
clamp8,form,12.8750,-0.0189
clamp8,form,13.1250,-0.0126
clamp8,form,13.3750,-0.0116
clamp8,form,13.6250,-0.0073
clamp8,form,13.8750,-0.0051
clamp8,form,14.1250,-0.0032
clamp8,form,14.3750,-0.0020
clamp8,form,14.6250,-0.0016
clamp8,form,14.8750,-0.0009
blank60,release,0.1250,-3.0169
blank60,release,0.3750,-3.0378
blank60,release,0.6250,-3.0588
blank60,release,0.8750,-3.0786
blank60,release,1.1250,-3.0959
blank60,release,1.3750,-3.1150
blank60,release,1.6250,-3.1299
blank60,release,1.8750,-3.1338
blank60,release,2.1250,-3.1306
blank60,release,2.3750,-3.0975
blank60,release,2.6250,-3.0513
blank60,release,2.8750,-3.0021
blank60,release,3.1250,-2.9554
blank60,release,3.3750,-2.8860
blank60,release,3.6250,-2.8248
blank60,release,3.8750,-2.7622
blank60,release,4.1250,-2.7010
blank60,release,4.3750,-2.6284
blank60,release,4.6250,-2.5542
blank60,release,4.8750,-2.4768
blank60,release,5.1250,-2.4034
blank60,release,5.3750,-2.3301
blank60,release,5.6250,-2.2524
blank60,release,5.8750,-2.1816
blank60,release,6.1250,-2.1156
blank60,release,6.3750,-2.0497
blank60,release,6.6250,-1.9877
blank60,release,6.8750,-1.9281
blank60,release,7.1250,-1.8733
blank60,release,7.3750,-1.8207
blank60,release,7.6250,-1.7675
blank60,release,7.8750,-1.7142
blank60,release,8.1250,-1.6616
blank60,release,8.3750,-1.6169
blank60,release,8.6250,-1.5716
blank60,release,8.8750,-1.5300
blank60,release,9.1250,-1.4918
blank60,release,9.3750,-1.4518
blank60,release,9.6250,-1.4127
blank60,release,9.8750,-1.3725
blank60,release,10.1250,-1.3360
blank60,release,10.3750,-1.3036
blank60,release,10.6250,-1.2702
blank60,release,10.8750,-1.2384
blank60,release,11.1250,-1.2065
blank60,release,11.3750,-1.1766
blank60,release,11.6250,-1.1477
blank60,release,11.8750,-1.1184
blank60,release,12.1250,-1.0909
blank60,release,12.3750,-1.0630
blank60,release,12.6250,-1.0358
blank60,release,12.8750,-1.0103
blank60,release,13.1250,-0.9857
blank60,release,13.3750,-0.9632
blank60,release,13.6250,-0.9386
blank60,release,13.8750,-0.9153
blank60,release,14.1250,-0.8910
blank60,release,14.3750,-0.8690
blank60,release,14.6250,-0.8482
blank60,release,14.8750,-0.8275
blank60,form,0.1250,-2.8622
blank60,form,0.3750,-2.8826
blank60,form,0.6250,-2.9034
blank60,form,0.8750,-2.9230
blank60,form,1.1250,-2.9401
blank60,form,1.3750,-2.9590
blank60,form,1.6250,-2.9737
blank60,form,1.8750,-2.9770
blank60,form,2.1250,-2.9731
blank60,form,2.3750,-2.9391
blank60,form,2.6250,-2.8920
blank60,form,2.8750,-2.8418
blank60,form,3.1250,-2.7939
blank60,form,3.3750,-2.7233
blank60,form,3.6250,-2.6611
blank60,form,3.8750,-2.5976
blank60,form,4.1250,-2.5355
blank60,form,4.3750,-2.4620
blank60,form,4.6250,-2.3871
blank60,form,4.8750,-2.3088
blank60,form,5.1250,-2.2344
blank60,form,5.3750,-2.1608
blank60,form,5.6250,-2.0820
blank60,form,5.8750,-2.0105
blank60,form,6.1250,-1.9439
blank60,form,6.3750,-1.8771
blank60,form,6.6250,-1.8143
blank60,form,6.8750,-1.7537
blank60,form,7.1250,-1.6983
blank60,form,7.3750,-1.6450
blank60,form,7.6250,-1.5911
blank60,form,7.8750,-1.5369
blank60,form,8.1250,-1.4835
blank60,form,8.3750,-1.4379
blank60,form,8.6250,-1.3916
blank60,form,8.8750,-1.3493
blank60,form,9.1250,-1.3100
blank60,form,9.3750,-1.2691
blank60,form,9.6250,-1.2290
blank60,form,9.8750,-1.1880
blank60,form,10.1250,-1.1507
blank60,form,10.3750,-1.1168
blank60,form,10.6250,-1.0826
blank60,form,10.8750,-1.0496
blank60,form,11.1250,-1.0168
blank60,form,11.3750,-0.9859
blank60,form,11.6250,-0.9560
blank60,form,11.8750,-0.9257
blank60,form,12.1250,-0.8971
blank60,form,12.3750,-0.8684
blank60,form,12.6250,-0.8398
blank60,form,12.8750,-0.8136
blank60,form,13.1250,-0.7880
blank60,form,13.3750,-0.7645
blank60,form,13.6250,-0.7391
blank60,form,13.8750,-0.7148
blank60,form,14.1250,-0.6897
blank60,form,14.3750,-0.6669
blank60,form,14.6250,-0.6451
blank60,form,14.8750,-0.6239
scale2,release,0.1250,-2.8512
scale2,release,0.3750,-2.8693
scale2,release,0.6250,-2.8875
scale2,release,0.8750,-2.9018
scale2,release,1.1250,-2.9144
scale2,release,1.3750,-2.9506
scale2,release,1.6250,-2.9986
scale2,release,1.8750,-3.0451
scale2,release,2.1250,-3.0954
scale2,release,2.3750,-3.1124
scale2,release,2.6250,-3.1070
scale2,release,2.8750,-3.0960
scale2,release,3.1250,-3.0733
scale2,release,3.3750,-3.0069
scale2,release,3.6250,-2.9073
scale2,release,3.8750,-2.8055
scale2,release,4.1250,-2.6954
scale2,release,4.3750,-2.5804
scale2,release,4.6250,-2.4567
scale2,release,4.8750,-2.3325
scale2,release,5.1250,-2.2143
scale2,release,5.3750,-2.0988
scale2,release,5.6250,-1.9849
scale2,release,5.8750,-1.8755
scale2,release,6.1250,-1.7674
scale2,release,6.3750,-1.6572
scale2,release,6.6250,-1.5513
scale2,release,6.8750,-1.4550
scale2,release,7.1250,-1.3657
scale2,release,7.3750,-1.2893
scale2,release,7.6250,-1.2130
scale2,release,7.8750,-1.1399
scale2,release,8.1250,-1.0703
scale2,release,8.3750,-1.0114
scale2,release,8.6250,-0.9532
scale2,release,8.8750,-0.8979
scale2,release,9.1250,-0.8490
scale2,release,9.3750,-0.8000
scale2,release,9.6250,-0.7556
scale2,release,9.8750,-0.7091
scale2,release,10.1250,-0.6667
scale2,release,10.3750,-0.6302
scale2,release,10.6250,-0.5902
scale2,release,10.8750,-0.5547
scale2,release,11.1250,-0.5168
scale2,release,11.3750,-0.4840
scale2,release,11.6250,-0.4538
scale2,release,11.8750,-0.4200
scale2,release,12.1250,-0.3927
scale2,release,12.3750,-0.3605
scale2,release,12.6250,-0.3313
scale2,release,12.8750,-0.3041
scale2,release,13.1250,-0.2754
scale2,release,13.3750,-0.2578
scale2,release,13.6250,-0.2303
scale2,release,13.8750,-0.2121
scale2,release,14.1250,-0.1880
scale2,release,14.3750,-0.1704
scale2,release,14.6250,-0.1571
scale2,release,14.8750,-0.1421
scale2,form,0.1250,-2.7562
scale2,form,0.3750,-2.7736
scale2,form,0.6250,-2.7910
scale2,form,0.8750,-2.8048
scale2,form,1.1250,-2.8169
scale2,form,1.3750,-2.8520
scale2,form,1.6250,-2.8987
scale2,form,1.8750,-2.9437
scale2,form,2.1250,-2.9921
scale2,form,2.3750,-3.0069
scale2,form,2.6250,-2.9997
scale2,form,2.8750,-2.9868
scale2,form,3.1250,-2.9623
scale2,form,3.3750,-2.8943
scale2,form,3.6250,-2.7933
scale2,form,3.8750,-2.6904
scale2,form,4.1250,-2.5793
scale2,form,4.3750,-2.4636
scale2,form,4.6250,-2.3396
scale2,form,4.8750,-2.2152
scale2,form,5.1250,-2.0966
scale2,form,5.3750,-1.9817
scale2,form,5.6250,-1.8679
scale2,form,5.8750,-1.7588
scale2,form,6.1250,-1.6513
scale2,form,6.3750,-1.5413
scale2,form,6.6250,-1.4359
scale2,form,6.8750,-1.3401
scale2,form,7.1250,-1.2513
scale2,form,7.3750,-1.1752
scale2,form,7.6250,-1.0994
scale2,form,7.8750,-1.0268
scale2,form,8.1250,-0.9577
scale2,form,8.3750,-0.8990
scale2,form,8.6250,-0.8411
scale2,form,8.8750,-0.7866
scale2,form,9.1250,-0.7377
scale2,form,9.3750,-0.6893
scale2,form,9.6250,-0.6450
scale2,form,9.8750,-0.5992
scale2,form,10.1250,-0.5574
scale2,form,10.3750,-0.5207
scale2,form,10.6250,-0.4815
scale2,form,10.8750,-0.4462
scale2,form,11.1250,-0.4092
scale2,form,11.3750,-0.3769
scale2,form,11.6250,-0.3470
scale2,form,11.8750,-0.3143
scale2,form,12.1250,-0.2870
scale2,form,12.3750,-0.2562
scale2,form,12.6250,-0.2277
scale2,form,12.8750,-0.2013
scale2,form,13.1250,-0.1741
scale2,form,13.3750,-0.1563
scale2,form,13.6250,-0.1309
scale2,form,13.8750,-0.1131
scale2,form,14.1250,-0.0907
scale2,form,14.3750,-0.0746
scale2,form,14.6250,-0.0624
scale2,form,14.8750,-0.0491
stepdown05,release,0.1250,-2.8652
stepdown05,release,0.3750,-2.9032
stepdown05,release,0.6250,-2.9416
stepdown05,release,0.8750,-2.9768
stepdown05,release,1.1250,-3.0082
stepdown05,release,1.3750,-3.0438
stepdown05,release,1.6250,-3.0724
stepdown05,release,1.8750,-3.0842
stepdown05,release,2.1250,-3.0865
stepdown05,release,2.3750,-3.0514
stepdown05,release,2.6250,-2.9976
stepdown05,release,2.8750,-2.9372
stepdown05,release,3.1250,-2.8799
stepdown05,release,3.3750,-2.7927
stepdown05,release,3.6250,-2.7171
stepdown05,release,3.8750,-2.6382
stepdown05,release,4.1250,-2.5613
stepdown05,release,4.3750,-2.4729
stepdown05,release,4.6250,-2.3810
stepdown05,release,4.8750,-2.2856
stepdown05,release,5.1250,-2.1949
stepdown05,release,5.3750,-2.1018
stepdown05,release,5.6250,-2.0057
stepdown05,release,5.8750,-1.9154
stepdown05,release,6.1250,-1.8300
stepdown05,release,6.3750,-1.7406
stepdown05,release,6.6250,-1.6557
stepdown05,release,6.8750,-1.5746
stepdown05,release,7.1250,-1.4991
stepdown05,release,7.3750,-1.4271
stepdown05,release,7.6250,-1.3548
stepdown05,release,7.8750,-1.2827
stepdown05,release,8.1250,-1.2124
stepdown05,release,8.3750,-1.1530
stepdown05,release,8.6250,-1.0929
stepdown05,release,8.8750,-1.0372
stepdown05,release,9.1250,-0.9872
stepdown05,release,9.3750,-0.9335
stepdown05,release,9.6250,-0.8827
stepdown05,release,9.8750,-0.8291
stepdown05,release,10.1250,-0.7812
stepdown05,release,10.3750,-0.7410
stepdown05,release,10.6250,-0.6970
stepdown05,release,10.8750,-0.6575
stepdown05,release,11.1250,-0.6154
stepdown05,release,11.3750,-0.5775
stepdown05,release,11.6250,-0.5422
stepdown05,release,11.8750,-0.5040
stepdown05,release,12.1250,-0.4727
stepdown05,release,12.3750,-0.4375
stepdown05,release,12.6250,-0.4060
stepdown05,release,12.8750,-0.3772
stepdown05,release,13.1250,-0.3477
stepdown05,release,13.3750,-0.3268
stepdown05,release,13.6250,-0.2970
stepdown05,release,13.8750,-0.2744
stepdown05,release,14.1250,-0.2473
stepdown05,release,14.3750,-0.2269
stepdown05,release,14.6250,-0.2106
stepdown05,release,14.8750,-0.1934
stepdown05,form,0.1250,-2.7689
stepdown05,form,0.3750,-2.8070
stepdown05,form,0.6250,-2.8451
stepdown05,form,0.8750,-2.8802
stepdown05,form,1.1250,-2.9114
stepdown05,form,1.3750,-2.9467
stepdown05,form,1.6250,-2.9750
stepdown05,form,1.8750,-2.9862
stepdown05,form,2.1250,-2.9877
stepdown05,form,2.3750,-2.9513
stepdown05,form,2.6250,-2.8964
stepdown05,form,2.8750,-2.8348
stepdown05,form,3.1250,-2.7760
stepdown05,form,3.3750,-2.6875
stepdown05,form,3.6250,-2.6106
stepdown05,form,3.8750,-2.5306
stepdown05,form,4.1250,-2.4527
stepdown05,form,4.3750,-2.3633
stepdown05,form,4.6250,-2.2706
stepdown05,form,4.8750,-2.1745
stepdown05,form,5.1250,-2.0828
stepdown05,form,5.3750,-1.9895
stepdown05,form,5.6250,-1.8926
stepdown05,form,5.8750,-1.8017
stepdown05,form,6.1250,-1.7159
stepdown05,form,6.3750,-1.6259
stepdown05,form,6.6250,-1.5407
stepdown05,form,6.8750,-1.4592
stepdown05,form,7.1250,-1.3836
stepdown05,form,7.3750,-1.3113
stepdown05,form,7.6250,-1.2389
stepdown05,form,7.8750,-1.1665
stepdown05,form,8.1250,-1.0960
stepdown05,form,8.3750,-1.0366
stepdown05,form,8.6250,-0.9764
stepdown05,form,8.8750,-0.9210
stepdown05,form,9.1250,-0.8709
stepdown05,form,9.3750,-0.8174
stepdown05,form,9.6250,-0.7666
stepdown05,form,9.8750,-0.7132
stepdown05,form,10.1250,-0.6656
stepdown05,form,10.3750,-0.6253
stepdown05,form,10.6250,-0.5820
stepdown05,form,10.8750,-0.5427
stepdown05,form,11.1250,-0.5013
stepdown05,form,11.3750,-0.4639
stepdown05,form,11.6250,-0.4290
stepdown05,form,11.8750,-0.3915
stepdown05,form,12.1250,-0.3606
stepdown05,form,12.3750,-0.3265
stepdown05,form,12.6250,-0.2958
stepdown05,form,12.8750,-0.2681
stepdown05,form,13.1250,-0.2399
stepdown05,form,13.3750,-0.2196
stepdown05,form,13.6250,-0.1914
stepdown05,form,13.8750,-0.1697
stepdown05,form,14.1250,-0.1441
stepdown05,form,14.3750,-0.1252
stepdown05,form,14.6250,-0.1104
stepdown05,form,14.8750,-0.0950
tool6,release,0.1250,-2.9969
tool6,release,0.3750,-2.9986
tool6,release,0.6250,-3.0004
tool6,release,0.8750,-3.0044
tool6,release,1.1250,-3.0070
tool6,release,1.3750,-3.0063
tool6,release,1.6250,-3.0079
tool6,release,1.8750,-2.9966
tool6,release,2.1250,-2.9768
tool6,release,2.3750,-2.9272
tool6,release,2.6250,-2.8636
tool6,release,2.8750,-2.7945
tool6,release,3.1250,-2.7265
tool6,release,3.3750,-2.6340
tool6,release,3.6250,-2.5506
tool6,release,3.8750,-2.4695
tool6,release,4.1250,-2.3877
tool6,release,4.3750,-2.2947
tool6,release,4.6250,-2.2002
tool6,release,4.8750,-2.1012
tool6,release,5.1250,-2.0108
tool6,release,5.3750,-1.9166
tool6,release,5.6250,-1.8203
tool6,release,5.8750,-1.7332
tool6,release,6.1250,-1.6517
tool6,release,6.3750,-1.5727
tool6,release,6.6250,-1.4974
tool6,release,6.8750,-1.4254
tool6,release,7.1250,-1.3592
tool6,release,7.3750,-1.2957
tool6,release,7.6250,-1.2314
tool6,release,7.8750,-1.1671
tool6,release,8.1250,-1.1040
tool6,release,8.3750,-1.0506
tool6,release,8.6250,-0.9965
tool6,release,8.8750,-0.9458
tool6,release,9.1250,-0.9008
tool6,release,9.3750,-0.8520
tool6,release,9.6250,-0.8062
tool6,release,9.8750,-0.7573
tool6,release,10.1250,-0.7136
tool6,release,10.3750,-0.6769
tool6,release,10.6250,-0.6362
tool6,release,10.8750,-0.5998
tool6,release,11.1250,-0.5605
tool6,release,11.3750,-0.5252
tool6,release,11.6250,-0.4924
tool6,release,11.8750,-0.4567
tool6,release,12.1250,-0.4275
tool6,release,12.3750,-0.3944
tool6,release,12.6250,-0.3650
tool6,release,12.8750,-0.3378
tool6,release,13.1250,-0.3102
tool6,release,13.3750,-0.2907
tool6,release,13.6250,-0.2626
tool6,release,13.8750,-0.2415
tool6,release,14.1250,-0.2160
tool6,release,14.3750,-0.1967
tool6,release,14.6250,-0.1816
tool6,release,14.8750,-0.1653
tool6,form,0.1250,-2.9589
tool6,form,0.3750,-2.9595
tool6,form,0.6250,-2.9595
tool6,form,0.8750,-2.9622
tool6,form,1.1250,-2.9635
tool6,form,1.3750,-2.9611
tool6,form,1.6250,-2.9614
tool6,form,1.8750,-2.9488
tool6,form,2.1250,-2.9275
tool6,form,2.3750,-2.8765
tool6,form,2.6250,-2.8114
tool6,form,2.8750,-2.7408
tool6,form,3.1250,-2.6713
tool6,form,3.3750,-2.5773
tool6,form,3.6250,-2.4925
tool6,form,3.8750,-2.4100
tool6,form,4.1250,-2.3270
tool6,form,4.3750,-2.2328
tool6,form,4.6250,-2.1374
tool6,form,4.8750,-2.0374
tool6,form,5.1250,-1.9459
tool6,form,5.3750,-1.8513
tool6,form,5.6250,-1.7539
tool6,form,5.8750,-1.6661
tool6,form,6.1250,-1.5840
tool6,form,6.3750,-1.5041
tool6,form,6.6250,-1.4282
tool6,form,6.8750,-1.3554
tool6,form,7.1250,-1.2887
tool6,form,7.3750,-1.2247
tool6,form,7.6250,-1.1598
tool6,form,7.8750,-1.0949
tool6,form,8.1250,-1.0312
tool6,form,8.3750,-0.9773
tool6,form,8.6250,-0.9226
tool6,form,8.8750,-0.8717
tool6,form,9.1250,-0.8262
tool6,form,9.3750,-0.7771
tool6,form,9.6250,-0.7307
tool6,form,9.8750,-0.6816
tool6,form,10.1250,-0.6377
tool6,form,10.3750,-0.6003
tool6,form,10.6250,-0.5596
tool6,form,10.8750,-0.5228
tool6,form,11.1250,-0.4836
tool6,form,11.3750,-0.4482
tool6,form,11.6250,-0.4153
tool6,form,11.8750,-0.3796
tool6,form,12.1250,-0.3502
tool6,form,12.3750,-0.3175
tool6,form,12.6250,-0.2882
tool6,form,12.8750,-0.2615
tool6,form,13.1250,-0.2343
tool6,form,13.3750,-0.2149
tool6,form,13.6250,-0.1877
tool6,form,13.8750,-0.1668
tool6,form,14.1250,-0.1420
tool6,form,14.3750,-0.1237
tool6,form,14.6250,-0.1092
tool6,form,14.8750,-0.0941
