case,h,nz,elem,mu,travel,tp,form_dz_rms_mm,form_dz_max_mm,form_uz_min_mm,unload_dz_rms_mm,unload_dz_max_mm,unload_uz_min_mm,release_dz_rms_mm,release_dz_max_mm,release_uz_min_mm,ref_release_uz_min_mm,F4_N_per_mm,F4_ref,F4_rel
strip_h0.5_im_nz4,0.5,4,im,0.1,0.1,0,0.007446799500716256,0.01611345069165404,-4.001131030035601,0.006055186741142638,0.010347951668773225,-3.868421982312587,0.005858319876649985,0.015284571223244114,-3.899751571223244,-3.884467,99.8422,105.70822,-0.05549256245162384
strip_h0.5_im_nz8,0.5,8,im,0.1,0.1,0,0.006546514253152734,0.013836945432056602,-4.000983135941583,0.006028043573625587,0.01156732144145467,-3.868304299050658,0.006195335095440768,0.015623686583760232,-3.90009068658376,-3.884467,99.9425,105.70822,-0.05454372422504136
strip_h0.5_std_nz4,0.5,4,std,0.1,0.1,0,0.004691597051641551,0.009878558852055574,-3.9999930549925584,0.007113483609768049,0.014405259950488025,-3.8667497315796093,0.008832992624778935,0.018693747938248073,-3.9006079323037555,-3.884467,100.792,105.70822,-0.04650745230597957
strip_h1_im_nz2,1.0,2,im,0.1,0.1,0,0.014874316652586636,0.0420241937395297,-3.9999552647597083,0.013135083602706061,0.04037802878510954,-3.8672770697809877,0.015038373376143697,0.03744249877115802,-3.9135125507774653,-3.884467,101.545,105.70822,-0.03938407060491602
strip_h1_im_nz4,1.0,4,im,0.1,0.1,0,0.015280522416342491,0.04158650353767668,-3.9999522210249547,0.013847047739125177,0.04021060875070637,-3.8672454611025726,0.014963269050777599,0.03688165706099428,-3.9106919930612887,-3.884467,101.533,105.70822,-0.039497590632024605
strip_h1_std_nz4,1.0,4,std,0.1,0.1,0,0.01816809994511357,0.04728938178456804,-3.9999621749058374,0.01833453226052212,0.045153828344543456,-3.8667962310359476,0.021794413693352315,0.04889940482391686,-3.900933642626782,-3.884467,103.766,105.70822,-0.018373405587569176
strip_h2_im_mu0.1,2.0,2,im,0.1,0.1,0,0.07439285222337413,0.12123169428163494,-3.9999046418369573,0.06791722683146752,0.11227866463834446,-3.854828577736565,0.08124010127752485,0.12762977195039515,-3.906889906343227,-3.884467,94.3998,105.70822,-0.10697767874626966
strip_h2_im_mu0.1_remove,2.0,2,im,0.1,0.1,0,0.07439285222337413,0.12123169428163494,-3.9999046418369573,0.06791722683146752,0.11227866463834446,-3.854828577736565,0.08124010127752485,0.12762977195039515,-3.906889906343227,-3.884467,94.3998,105.70822,-0.10697767874626966
strip_h2_im_nz4,2.0,4,im,0.1,0.1,0,0.07438005506627908,0.1185371775052011,-3.9999045546139436,0.06759171978681346,0.10894706641613738,-3.8549590746946985,0.08003754914030155,0.12350981223455415,-3.902997583539318,-3.884467,94.4861,105.70822,-0.10616128055131384
strip_h2_nobbar_mu0.1,2.0,2,std_nobbar,0.1,0.1,0,0.07215352141964701,0.1494429575246179,-3.9998656056113675,0.05132663872541476,0.10081304665697521,-3.803643755462416,0.2134707671128354,0.5111452927621518,-3.373321707237848,-3.884467,133.044,105.70822,0.258596540552854
strip_h2_std_mu0.1,2.0,2,std,0.1,0.1,0,0.0685621168762127,0.10314545494537586,-3.999901176923118,0.06393531136664724,0.09784603078524956,-3.855581810245662,0.0777878367453852,0.10124697334864372,-3.913123746197269,-3.884467,97.8299,105.70822,-0.07452892499750731
strip_h2_std_nz2_tp5,2.0,2,std,0.1,0.1,5,0.06852987242918279,0.10301807849090028,-3.999901180147968,0.06390567549426986,0.09771815169222109,-3.855593409708685,0.07773788042853905,0.10111821751230923,-3.9130673941671894,-3.884467,97.8267,105.70822,-0.07455919700473619
strip_h2_std_nz2_trav1,2.0,2,std,0.1,1.0,0,0.06871551045393724,0.1045706793648476,-3.9999012909777516,0.06414008536746664,0.09929622903543717,-3.8556304098817353,0.07703313645704303,0.10254603961680173,-3.911367270604117,-3.884467,97.7169,105.70822,-0.07559790525277979
strip_h2_std_nz4_tp5,2.0,4,std,0.1,0.1,5,0.06859249038083141,0.10493517276364428,-3.999900853249138,0.06412699087325283,0.09969090799196262,-3.8559925542291174,0.07708662786728662,0.10303215229220056,-3.910939538661601,-3.884467,98.1503,105.70822,-0.0714979402737081
