case,form_rms_0_8,form_max_0_8,form_rms_8_15,form_max_8_15,form_rms_15_19,form_max_15_19,unload_rms_0_8,unload_max_0_8,unload_rms_8_15,unload_max_8_15,unload_rms_15_19,unload_max_15_19,release_rms_0_8,release_max_0_8,release_rms_8_15,release_max_8_15,release_rms_15_19,release_max_15_19
strip_h0.5_im_nz4,0.017561845579492828,0.023945755118644385,0.006329057764894392,0.012961474099187825,0.0,0.0,0.012829490739225619,0.017885702449728758,0.0054087362057053286,0.012085068018688944,0.0,0.0,0.013393896432351018,0.030730571223243963,0.007476225197792814,0.011479313275630953,8.886332099262153e-05,0.00013661632352396195
strip_h0.5_im_nz8,0.01566753750125356,0.021636823756529644,0.005754669220793903,0.012293397707406284,0.0,0.0,0.011187201960131338,0.015747717273458584,0.005497363416939492,0.011445692361133242,0.0,0.0,0.014172458935581705,0.03106968658376008,0.008304746921782211,0.010801734643182126,0.00011305217343792404,0.00017593274352261604
strip_h0.5_std_nz4,0.008941393767016432,0.013236896407761822,0.005986571071524421,0.014065294290477148,0.0,0.0,0.0063256059526379015,0.009278731579609456,0.007001292580565055,0.013170213739694875,0.0,0.0,0.01837337049116539,0.03158693230375542,0.01051972199559187,0.014056079984704262,0.0003503706387252559,0.000660463397832788
strip_h1_im_nz2,0.017842920159245025,0.024952504552198995,0.027344924833680888,0.047233193739529666,0.0,0.0,0.015088600372365545,0.021497546296969983,0.025155478235824032,0.04562242878510958,0.0,0.0,0.02585501974118301,0.04449155077746525,0.016884940216870502,0.03786219877115804,0.0023688002241192305,0.00407000963263005
strip_h1_im_nz4,0.01701157080026011,0.02479104183376002,0.028378845138697834,0.04679550353767664,0.0,0.0,0.014575989393325618,0.02165754645868123,0.026457376057995717,0.045455008750706405,0.0,0.0,0.025076886595614477,0.04167099306128863,0.017154904765230915,0.0373013570609943,0.0024103949708293745,0.004161929109662084
strip_h1_std_nz4,0.008861340541579641,0.014249165907004535,0.032289022996002927,0.052498381784568005,0.0,0.0,0.01226783591228514,0.020125537228643964,0.029832522285561228,0.050398228344543494,0.0,0.0,0.029437781101225215,0.04171228905039914,0.027468556695351375,0.04931910482391688,9.444128758111994e-05,0.00016553987121726709
strip_h2_im_mu0.1,0.03566248345787533,0.04637243181860695,0.1010503390581471,0.11550169428163493,0.0,0.0,0.029557736620548104,0.037802780053085794,0.09224850533420674,0.10622266463834462,0.0,0.0,0.06487861023158463,0.07115031544720152,0.11220867809600625,0.12940077195039534,0.004311842430505121,0.00609786604403679
strip_h2_im_mu0.1_remove,0.03566248345787533,0.04637243181860695,0.1010503390581471,0.11550169428163493,0.0,0.0,0.029557736620548104,0.037802780053085794,0.09224850533420674,0.10622266463834462,0.0,0.0,0.06487861023158463,0.07115031544720152,0.11220867809600625,0.12940077195039534,0.004311842430505121,0.00609786604403679
strip_h2_im_nz4,0.03944400652327613,0.04847709182172011,0.09961082540143043,0.11280717750520108,0.0,0.0,0.033473119790615756,0.03986637931431858,0.09032744928473004,0.10289106641613754,0.0,0.0,0.06567511244957756,0.07162836500230485,0.10966400568620029,0.12528081223455434,0.00422854082326571,0.005980059781311293
strip_h2_nobbar_mu0.1,0.10544406235737121,0.1415599575246178,0.033968582822658695,0.03850542227050169,0.0,0.0,0.06587089212360481,0.09273904665697552,0.04291005618143628,0.05874248859826947,0.0,0.0,0.3216262596897435,0.49569929276215197,0.11234516645914829,0.15883243435130678,0.030161332992498898,0.042654566177243856
strip_h2_std_mu0.1,0.05344819029368117,0.07301805984942877,0.08277732429961605,0.09582945494537587,0.0,0.0,0.048290209150879615,0.0663016246890673,0.07702593152269431,0.09053503078524955,0.0,0.0,0.08437782967997698,0.10115183628786495,0.09393730512026541,0.0979192457273399,0.002414828113997805,0.0034150826696160816
strip_h2_std_nz2_tp5,0.05346365089175061,0.07303012302962308,0.08270888895764697,0.09570207849090029,0.0,0.0,0.04831319772760167,0.06632151791602992,0.07695828775943551,0.09040715169222108,0.0,0.0,0.08435316406230901,0.10112595321793805,0.09385716669491442,0.09785765172528116,0.002414701892129872,0.0034149041649382456
strip_h2_std_nz2_trav1,0.05222158036984705,0.07185739322419593,0.08378283195355303,0.09725467936484761,0.0,0.0,0.0470990739195093,0.0651722702412556,0.07808670682284374,0.09198522903543715,0.0,0.0,0.08163505683921729,0.09872163352727448,0.09440569147171311,0.09902543961680171,0.0023839867312647964,0.003371466367872391
strip_h2_std_nz4_tp5,0.05561778585462034,0.07496504060278486,0.08151378883446597,0.09761917276364429,0.0,0.0,0.050717440268240446,0.06851787786432784,0.07592910976342508,0.0923799079919626,0.0,0.0,0.08479549744981967,0.10159153819719524,0.0921383479126423,0.09951155229220054,0.002445398721518766,0.0034583160373821
