deck_hash,status,runtime_s,exit_code,increments,newton_iterations,cuts,warnings,max_plastic_strain,reason,role
00bcf5280b722e8da141de50cf1687ec25dc7c0a1ff20752071c4549d5b125da,complete,1211,0,241,2159,1,1,0.5354,,data pyramid-s2026-0016-unco
0139f53d547d402cc5d0b3c76febbb06cd54c29f155e0c2a2e3a0767d43cc27f,complete,1102,0,196,1835,1,1,0.6462,,data elliptic_cone-s2026-0011-comp
01529d43f9382705f264e204ae0e8a7acfebf18c51bf2a6e64dbed4a13cdde81,complete,1407,0,250,2399,1,1,0.6131,,data pyramid-s2026-0015-comp
018acd40dc1be50505d25a6e5a251b0137bcb38904425c829c982db3e3c954e5,complete,1194,0,231,1989,1,1,0.4501,,data elliptic_cone-s2026-0016-unco
02336f09ebc1155d7981fa9d1bca1a7a29dc437110f9c17f03277c31376dcfa1,complete,741.1,0,124,1159,1,1,0.6113,,data dome-s2026-0009-unco
02fc29dbd6cdff6227268048d8dc85b175b79413be673356b26aed2efa61a55f,complete,1476,0,241,2287,1,1,0.5493,,data truncated_cone-s2026-0011-unco
05b67d26ddeed85e90166c23359fdc45d3a5819ef100897488231c619a9499c7,complete,3056,0,278,3177,3,1,0.8461,,ML-MLP elliptic_cone-s2026-0001
06159286637fb3834a3989291a328a988de07ad83d65a8640a41db008b68c141,complete,1461,0,271,2497,1,1,0.5291,,data elliptic_cone-s2026-0004-unco
06510ffea1471d4adef5bb6277f3b009fa59cc5afa24397dd93244037ee77431,complete,1020,0,193,1754,1,1,0.8308,,data dome-s2026-0013-comp
076e921eee7175ceecc69f05dd9229b5ebd5e8c7e88978097eb777594a25c7a2,complete,1284,0,237,2150,1,1,0.6979,,data truncated_cone-s2026-0010-unco
094b35fad07eee47e4a380fc5961e10194fd9d4d159af9aab4023697d84b2cd5,complete,861.2,0,197,1776,1,1,0.4552,,data truncated_cone-s2026-0017-comp
0c0aa3c2ab9ec017bdaa7697505920edd06bbed54b66612cf00109ef3e0cfaff,complete,2048,0,256,2410,1,1,0.5916,,data pyramid-s2026-0021-unco
0e299b22437e54290a521e351895b0fefe9c71dcdd9df94d02761aa8a3c2a8fd,complete,888.5,0,145,1422,0,1,0.7024,,data truncated_cone-s2026-0016-comp
0eb9f25db902a5a9da4be3bbc48561e5e41391441a56ea29a3febff43568fd5b,complete,1599,0,167,1496,1,1,0.667,,data pyramid-s2026-0002-comp
101d5ddcf44242e42d00924a7447f0ef8760869470b3d77e534c2f51bbf08ce9,complete,1002,0,182,1629,1,1,0.4328,,data elliptic_cone-s2026-0007-comp
107ad44ac8f3ceebe3c962607ded26a9296faee286a5e388293e4666a0001237,complete,1444,0,204,1759,2,1,0.8336,,data dome-s2026-0025-unco
1118c1786957d0cf5200ca77007cbc1f99caa2bb2ac6e5bdea6951dc48f4bc70,complete,3703,0,334,3771,2,1,0.7935,,ML-GBM pyramid-s2026-0000
11cd25d49c142eb6e0672fe958895d22fb6a10df50573d32a75f117fb3558706,complete,757.7,0,153,1313,1,1,0.4502,,data truncated_cone-s2026-0005-comp
1297f26001ce2752657b58e193cda2b6792fcc08d08b2e37a3362b7a31dd5865,complete,1956,0,334,3088,2,1,0.6756,,data truncated_cone-s2026-0006-comp
13c489afe3d5cc261da5e7f9372551dca7a205fced210105a461ced0e7ebdbed,complete,1657,0,226,2087,1,1,0.5322,,data elliptic_cone-s2026-0002-comp
1585d9acaa4adcfef495b6a90a3c24fa204a629a8ba51f7de6ebee1aaec69892,complete,1138,0,201,1827,2,1,0.4847,,data dome-s2026-0008-unco
165f0f8ef3fe5a99e0d08bf379fa506d031edc0b49c63af30f4182037dc74434,complete,960.9,0,221,2018,1,1,0.5777,,data elliptic_cone-s2026-0017-unco
17c7e511254e9465cff7a5638f3e775053a760c50055e1695fbb8a4e434cba52,complete,1909,0,335,3067,2,1,0.6393,,data pyramid-s2026-0008-comp
1a4d77841e045826fc4d8dc51ca8f8ce28ab06ee7c19a8a9f46059964254ef5f,complete,1065,0,181,1722,1,1,0.5629,,data elliptic_cone-s2026-0010-comp
1c3de11f22fd8d9e0be9e278e784a7cc7f2dcfe2c67cdca4ea12e9e56438d147,complete,1074,0,209,2016,1,1,0.7234,,data pyramid-s2026-0017-unco
1cb4d862488dfbd32b7bb2ec1f898554d640b1965b47757d570fce98aa26f3c0,complete,1159,0,195,1853,1,1,0.6455,,data truncated_cone-s2026-0007-comp
1d3301473516f0b6756e186c8106eb328a4d88b4d83eb054e9277d6a98862924,complete,1813,0,249,2136,2,1,0.9014,,data truncated_cone-s2026-0002-comp
1e3ceca2cd40d7e79023c7216c284e687c667341d4e31c7c1c32db9df5a3f674,complete,1335,0,239,2216,1,1,0.6733,,data elliptic_cone-s2026-0011-unco
1f4e0bc5f4ee81db1acdc9e3551c6d5621990c33ffc6012dfee66c9e209d6d2f,complete,834.7,0,142,1283,1,1,0.4693,,data pyramid-s2026-0006-comp
207b40cdeef15d705a5ee3b561a8356a12333bd1c9b9f70e404932178e553361,complete,1141,0,252,2359,1,1,0.4796,,data truncated_cone-s2026-0017-unco
20ad96bec9d39aa8b402caaada28201246375a3a89b9ba2f3deff95878fb8c59,complete,1099,0,164,1624,0,1,0.7403,,data elliptic_cone-s2026-0009-unco
21b1b37562da6ab71afa0fe5134bd58e73ab6cce8d755a5315ccf119cfe87cb2,complete,1352,0,233,2209,1,1,0.6934,,data truncated_cone-s2026-0007-unco
2398f4a65a567676009e36fa565fb17d8386445c3387097850c3a8c258f60885,complete,2325,0,276,2613,1,1,0.5554,,data truncated_cone-s2026-0021-unco
2468a96830c87b0d142b3059ec48a5b3046db58369de25423e1fb0ea1736c85b,complete,967,0,188,1623,1,1,0.4792,,data truncated_cone-s2026-0005-unco
258711b55dbccf7034ff3bd4a203bd9a11f4755268064c6577c42af256dbca0f,complete,2110,0,343,3173,1,1,0.5122,,data pyramid-s2026-0003-unco
25b28beda4587b3c2da6055865ee1d6de774382fb07e364e9f4bf97333c0c3d9,complete,1005,0,194,1726,1,1,0.429,,data elliptic_cone-s2026-0016-comp
266c5fd18365223434cedf3f812d8e194665404f3b1ff7254465d8b2e873775b,complete,879.3,0,140,1304,1,1,0.5329,,data pyramid-s2026-0009-comp
26ab1988d1dc4e7a24dc21e8b60d9aa8576319d5cede2c90748f46413c9781d2,complete,1964,0,252,2345,1,1,0.4559,,data pyramid-s2026-0022-comp
27cd081c2ed86242cb7a1e911ee3fe9bde19c4ab94976fbd7dfe96c1404b079f,complete,1567,0,209,1903,1,1,0.3991,,data dome-s2026-0020-unco
27ec3a4627780bc5e3b6f5abd2e55d9ac18d6b84f1cbce16b12c71e84d683105,complete,1155,0,160,1361,1,1,0.3222,,data dome-s2026-0024-unco
28f4ec734d4d1eb446aa5ce51950fb847dffdb7bc8036af89e6f6e641f9d7002,complete,5063,0,678,8107,3,1,0.5911,,ML-GBM truncated_cone-s2026-0001
2a8238f16b3b53b5ed110fe442f629326cef2d47b026dd9f0f043394d9ed90b0,complete,2425,0,360,3077,2,1,0.7116,,data pyramid-s2026-0025-unco
2b21ac713f3131a982311859645f929543407ee4fc39cbb0c123a2e75ceec84b,complete,806.7,0,128,1230,0,1,0.6771,,data truncated_cone-s2026-0010-comp
2c4c6849505d3cb882545b093781f819e82900ad99f5b3b922a054a1e1f04e5d,complete,1634,0,133,1251,1,1,0.6695,,data pyramid-s2026-0002-unco
2e96e3a1698addb9a207338ba771a522e666ac18824b7635acf83fc5dc2501ab,complete,5917,0,467,5747,2,1,0.6809,,ML-MLP dome-s2026-0001
2fb30793c2a0fa1701e2f37020bed91dc7f2b950ac4b8f0cb739b555e50cd38a,complete,2064,0,309,2751,1,1,0.4352,,data truncated_cone-s2026-0003-unco
3093401ec62d1cf2f09d984b0bfa100cbe7308b20410aa25bc311f7dd7c7269b,complete,1228,0,195,1899,1,1,0.6628,,data elliptic_cone-s2026-0003-comp
31715eac13802b0b174b85043fbec71587818ca45ef6f3f9f79a145e1e3d1537,complete,1799,0,311,3028,1,1,0.7401,,data truncated_cone-s2026-0004-unco
32a8b7c52f472918f6bcc239d2b63bd1a829ec455a39643c200c46de2282b99d,complete,1223,0,161,1467,1,1,0.5554,,data elliptic_cone-s2026-0019-unco
32f53faf903158d57c6562c7dbfe9a25e486fef555129a9312b6f3e28dc7a263,complete,2495,0,320,3016,1,1,0.564,,data pyramid-s2026-0024-unco
340ad949f44e4d346147898f9303195a0a7d1060eea1d715d0bf9f6a40e6faf3,complete,1101,0,136,1253,1,1,0.6397,,data elliptic_cone-s2026-0021-unco
34b8875d401449aa9e6f076c4b08f560f6fe801ff44d24625c6dfcbd543cd4fe,complete,582.5,0,128,1147,1,1,0.5029,,data elliptic_cone-s2026-0017-comp
3574d17b23ff416336b141a59a54c630d7d59cf3def0f504f6e4c713c5116e3c,complete,1161,0,143,1300,1,1,0.4079,,data pyramid-s2026-0019-comp
3629b0ed72211ceceb9ba51f090b028d4f7de55942601a017fd84b653df25cbc,complete,1136,0,157,1350,1,1,0.3819,,data dome-s2026-0020-comp
37900f117adadbf69139c34cdddad8f9f02bde1ddfa670cee01dfa27648305d4,complete,1343,0,215,1737,2,1,0.9287,,data dome-s2026-0021-comp
37ac7e22a323566e23ab3e1197bdfc051d2d440a6e502fce1261e70a1ffb7785,complete,1201,0,185,1818,1,1,0.5374,,data dome-s2026-0003-unco
3915033ddecb2d8fc572ea789742e2fcaf3a31e25ebe2d625d795be3f8d5f976,complete,1000,0,159,1552,1,1,0.6776,,data elliptic_cone-s2026-0015-comp
39f6293668ca3915694b7ecdee833f9b949f87fa5125a6db012873294d2d9980,complete,923.9,0,183,1577,1,1,0.775,,data dome-s2026-0007-unco
3a9d731c8d7f5f5929464e4c15db0b215c08451389c1649f4448b2936b1a08f6,complete,667.8,0,171,1498,1,1,0.5937,,data dome-s2026-0014-unco
3aebb0d46a15659c725981ee212b61415314444fe8fe6ce565ed19b5a9cee5f5,complete,1159,0,173,1463,2,1,0.6453,,data dome-s2026-0023-comp
3b1eca0b6b3a14de6fed70c1656e1f2be6da5ec9173bb2a12901dd3ac1e9bd65,complete,2378,0,257,2595,1,1,0.7408,,data truncated_cone-s2026-0018-unco
3c275c9695043059e822db14ed8bc9a954ad8b050174ce0f3069046e488c80d7,complete,890.8,0,143,1366,0,1,0.6422,,data elliptic_cone-s2026-0013-unco
3db3f6f0fd88cf03fdf909a8d320e8ce3a67147b49e433873261cb1d9e204548,complete,737.3,0,140,1193,1,1,0.3588,,data dome-s2026-0006-comp
3e8acd727eb39cf764946a6a3d3de87a57471abd0c5361217bf645da4a54fe7c,complete,1633,0,211,1961,1,1,0.5383,,data pyramid-s2026-0021-comp
3fababafc3fe59ca83cf624210b1ee7c005639a557417e0e3bc0d5362d4f4623,complete,1791,0,313,2901,1,1,0.7283,,data pyramid-s2026-0005-unco
3fb3838185ec2c76dd3f5598fa5076c8cdf51d0344bed667ea2fe9bd2260c425,complete,1071,0,236,2022,2,1,0.5005,,data pyramid-s2026-0016-comp
41f9780bd01d3922aa89701a82376a3ff8ffe8e9070960202240224ae4af4bce,complete,1184,0,182,1775,1,1,0.6944,,data truncated_cone-s2026-0012-comp
420e3787aa1d6be0fec49abff413b6b29714d5594d9efd9db322c579b8eeac79,complete,1461,0,268,2467,1,1,0.4745,,data pyramid-s2026-0003-comp
4402ba51d5dbb4b198f61584e87f5e1044af1bd4e4ca86cab353a9051657b0f0,complete,1996,0,262,2470,1,1,0.4709,,data elliptic_cone-s2026-0025-unco
4528bedcd5e41ec1e9f4bc3ec255714a52cb0ecfff1803af45b5f71a52833697,complete,691,0,124,1147,0,1,0.6313,,data dome-s2026-0017-comp
453376583c6f6165fd9340539085bdae6b03f27451505069f4e1c2d4e5df8a3f,complete,1231,0,150,1389,1,1,0.5185,,data elliptic_cone-s2026-0023-comp
46645f98c16262837fe440979c796044094a8828ddd6caec67efd8855eb245f7,complete,936.1,0,185,1638,1,1,0.5746,,data pyramid-s2026-0014-comp
47039f1eda17349e69ef561f271930dd9814ee8e2661966954d3996d8f4883b0,complete,1607,0,322,2894,2,1,0.7352,,data truncated_cone-s2026-0016-unco
4879385e9601b99903f5f87747648f37ce9bb07938b946be3e0ed133b2d951da,complete,1866,0,240,2231,1,1,0.6557,,data elliptic_cone-s2026-0022-comp
498c4094720c6dcfc2182f272c4a4d625379ee8204a4b12d93dda4b82726cef9,complete,1005,0,153,1255,1,1,0.6028,,data truncated_cone-s2026-0019-comp
4a2cbb21d4c9fe123939e9f143c4cb954a4016c5a312789f251291e22c8c2ee6,complete,622.3,0,108,957,1,1,0.8182,,data dome-s2026-0005-comp
4add7a90cb44fdff4fa57c3b3030072c8413bcc859bff51769703d06aa8a42e1,complete,1025,0,170,1537,1,1,0.4872,,data truncated_cone-s2026-0009-comp
4aef82d76b7c68b053d3002c22e23b68d9040f2906a5e7a61dde51b3a78fdaff,complete,1356,0,241,2182,1,1,0.5179,,data truncated_cone-s2026-0011-comp
4b50a3a91ca9a7cbb910b713b5cd0fc65571a773736ab785c1ec5935dccceb0e,complete,1512,0,206,1834,1,1,0.6904,,data elliptic_cone-s2026-0024-unco
4eba88a7bceb6bcde53ea910a56987fb8114ef71506e7a1323538108721cc952,complete,1631,0,132,1529,1,1,0.436,,ML-MLP dome-s2026-0000
4ed6185c9fa6b5f263b55ba4952f05fa86694c804225e63eb3527150f6acf590,complete,2537,0,298,2886,1,1,0.6654,,data truncated_cone-s2026-0024-comp
4fec3b2d8f3b65dea52375c7811ec85baea7a4eb2004b45f05a38b4ffcbe201b,complete,1234,0,218,2058,1,1,0.7039,,data elliptic_cone-s2026-0015-unco
51d04aa9e35039e3a8c86b94b2b61418b3a3963f4952fe949a2e9d68263e8798,complete,1380,0,207,2117,0,1,0.723,,data truncated_cone-s2026-0014-unco
522d379e878caf4f5fa6a8544886b99ebe1cd20053f9b56d3769aed77d8c571a,complete,1127,0,187,1762,1,1,0.6282,,data elliptic_cone-s2026-0006-comp
52e92fe5f337ed832266d4efa3c4f6b9bb29ec93e094d19309bac04d3e98d72e,complete,1377,0,232,2207,1,1,0.7048,,data pyramid-s2026-0005-comp
5a3c773383428988241a2e179ec1eed51011208fdb5c8dd923b15e74295e6bec,complete,1315,0,232,2149,1,1,0.4379,,data truncated_cone-s2026-0003-comp
5aa920dbebaadcc4e14075b4805d4b98f5c0fc995a24359bb241abcdff0bdc57,complete,816.3,0,131,1217,0,1,0.535,,data elliptic_cone-s2026-0012-comp
5b764735cdb2571e8243198d1e5c27a12c88117fb53ff43d4425114aec49a01d,complete,1237,0,193,1913,1,1,0.4168,,data pyramid-s2026-0012-comp
5d32123198578819fe2e878354c3ac581a91a0520ced4b3ab41524ac8362262c,complete,1711,0,227,2032,2,1,0.8825,,data truncated_cone-s2026-0022-comp
61c5d706d2c430c3dda2ed8efa4135a99a1b891744ed171cddc353d6d044e85c,complete,1321,0,223,2085,1,1,0.5277,,data elliptic_cone-s2026-0005-unco
61fc20535b992a4ec5bdff66c7a6fd52e61c21c9046a31cab55d7b9ab3a98bb3,complete,1442,0,186,1733,1,1,0.7269,,data truncated_cone-s2026-0020-comp
63c36c5968ff2fa5db18d33ccb668a9b43554f8945764545f26819dbea7bea3f,complete,1260,0,211,1993,1,1,0.5384,,data pyramid-s2026-0004-comp
658b1c004b2738f3eef1ae079c54c771afabb82a150a2bdcaf082ab8fbed99b8,complete,1228,0,227,2013,1,1,0.5194,,data pyramid-s2026-0006-unco
67e55e1e7a86df8cee4d312822fecdeaecc19e60219b7e3947a569303bd624bf,complete,1669,0,258,2497,1,1,0.7,,data truncated_cone-s2026-0006-unco
683892b6673c9791e621a47ebff73bc27fe83984a4b9f9c85504d269e9985612,complete,1458,0,266,2419,1,1,0.4825,,data pyramid-s2026-0012-unco
6890295956a6430a0506dec4e21c0fdedc5fc17067cbdc5076ae4a7c60c240a9,complete,1200,0,219,2009,1,1,0.5374,,data elliptic_cone-s2026-0008-unco
68eaf19df7677f33402b78f2bf62294e34c7a2ab0779d33e75f7d87d59d2868a,complete,996.1,0,122,1110,0,1,0.2982,,data dome-s2026-0024-comp
6b29e8ac299458cbf86e46bcc66caf8520ea3d49a21800c4222cac1cc0140758,complete,976.3,0,184,1692,1,1,0.5198,,data elliptic_cone-s2026-0014-comp
6c7c9d291fc5d6243bda75d9d8c9a857989d5f38a1b12a17eb2c2d20e8e12a0b,complete,938.5,0,193,1692,1,1,0.5585,,data dome-s2026-0016-unco
6e454f1a9a1e2362bc474fd112bc0a542c8d9485c8d8726949fc4384ecc6e76a,complete,1521,0,216,1864,1,1,0.4573,,data pyramid-s2026-0019-unco
7016b01830b869fc1cb229144523e7b9a404418dbc4f27d32b53a677a4dbe318,complete,2123,0,414,3683,2,1,0.7579,,data truncated_cone-s2026-0012-unco
713da213eed0d0eac18cab103e206ab92c1ca02b69c0f7f396c9e2ba6f7297b0,complete,825.9,0,129,1239,0,1,0.4895,,data elliptic_cone-s2026-0005-comp
71b29db669847859835af62ec111aef07c223749b34769c1fc79ecf5a4337a35,complete,1149,0,210,1918,1,1,0.6126,,data pyramid-s2026-0011-comp
72671a64b4104277790e26f26362a67e644c3ca0b91e9b722625e7c057deb9ae,complete,1051,0,183,1707,1,1,0.518,,data dome-s2026-0015-comp
7419a1c64c62f40ac8190ee6615860b7e8367cbd03dc9b4ef2e628debe54e85b,complete,1447,0,253,2376,1,1,0.6565,,data elliptic_cone-s2026-0010-unco
74aba61fe5e5cb0d27d2fe8564b9ef581a3da175e474702613f59cf3dabaf767,complete,2013,0,298,2590,2,1,0.6149,,data elliptic_cone-s2026-0018-comp
74ea726585744f16cffe8ee0dbc067a48254fc9ce2c7be49e4868f605864dbdd,complete,1531,0,272,2565,1,1,0.5839,,data pyramid-s2026-0004-unco
7527f47a3ee04ca70fb4bce8b0bddbcc7098ab71aa6ac7d4b9f2d46090674b3d,complete,1000,0,222,2040,1,1,0.554,,data elliptic_cone-s2026-0014-unco
75ee54dd50cf851318ac5098f5fbc3f1d949d8d6c14cd2e24126a64f66dfe39a,complete,1668,0,212,1968,1,1,0.6734,,data elliptic_cone-s2026-0018-unco
784869aa1cf950372dd9683041797a7efae4b8de84efec2758657b53626e89de,complete,1187,0,177,1510,1,1,0.6828,,data truncated_cone-s2026-0025-unco
787994a66b208ed17edda6fada51ec656b8dc944de8f69b41f9b8a9ee07fa8e0,complete,1182,0,163,1413,1,1,0.4088,,data dome-s2026-0022-comp
7c0e178fe7b9b182888a0b3a3957301264e3fda6365c94f6741850aedd830d3c,complete,1479,0,250,2381,1,1,0.4422,,data dome-s2026-0004-unco
7ff4b1a0029b1c4433a3c0ea59080f2c0feb46137c63226de4c5cb085f516748,complete,1678,0,134,1624,1,1,0.4322,,ML-GBM dome-s2026-0000
8296626e21be14fcbff69d114b8ab530dcc065fe94f057690563960203026404,complete,875.2,0,188,1673,1,1,0.6051,,data truncated_cone-s2026-0013-comp
858cf553cb9145021f5b67a84a18c17de0764e7019fc39d04a9ebb9b2ea3f47a,complete,1298,0,233,2155,1,1,0.4847,,data dome-s2026-0004-comp
86352c008171aeb8e4ec13af444edc590a77c942c2dc7d2182e8eba212b52608,complete,1706,0,316,2946,1,1,0.6987,,data pyramid-s2026-0015-unco
8640f50789a1832806267470f1bd670dd7f9216e377aa3807a316f6783313b2d,complete,1655,0,289,2691,1,1,0.5225,,data truncated_cone-s2026-0009-unco
866f5530b1bf9832cd624698803143c5ed558040f05661afdaafc10b9e44198c,complete,931.2,0,146,1423,1,1,0.5223,,data dome-s2026-0003-comp
8cfe185b72db8760cde0e6caa6d1f5b362ab01c9bbd43ab8e365097158ef7148,complete,2483,0,316,3007,1,1,0.7659,,data elliptic_cone-s2026-0020-unco
8fafad59aa88cc8f146a065be67ad8e56bfc05c49297b5499a92e839e9b816b1,complete,2154,0,293,2706,1,1,0.5877,,data pyramid-s2026-0018-unco
8fb6db8c5182dae5c85e9ea24dc91501f519d114b0abb9d925699b9285814737,complete,2015,0,244,2316,1,1,0.6863,,data truncated_cone-s2026-0018-comp
915982468dde2e6eee86a41258fe3595bf7e28818f60cd06a243a24a57d2ca4c,complete,2102,0,365,3408,2,1,0.7003,,data pyramid-s2026-0008-unco
9172bd40b40e5475d0e3d6b1a413f30c56312173a06069ab3e9afc2baf850a32,complete,806.7,0,146,1273,1,1,0.4299,,data dome-s2026-0010-comp
973dcfda439037b72fcaf750489b6f8fa7578977b49310a3108b44de077d1c78,complete,936.5,0,170,1531,1,1,0.5126,,data pyramid-s2026-0007-comp
9844453cfc50fd0f6d79d1deae86fa4b1cb9705b42a305febebc246e8c6594ab,complete,1095,0,201,1843,1,1,0.6383,,data truncated_cone-s2026-0013-unco
99c0725227d4528a9b4c57aafc0df76751314566cd21bf164ad9d40f70fe35ff,complete,531.2,0,104,896,0,1,0.5543,,data dome-s2026-0014-comp
9b42661f5478d22bf8975e7d95781d06dbbd8fd94d7e30c89ba32a9b271b2817,complete,1020,0,182,1636,1,1,0.5064,,data elliptic_cone-s2026-0008-comp
9f1b3252ac29f785307f023e6638a104bed98daeaa31ca49ed06fd4b6d679d15,complete,730.3,0,133,1214,1,1,0.3736,,data dome-s2026-0012-comp
9f2dbecd4d58a7fcdab1af46a1408e9f58244afbb3403eb0586ffebb4833037c,complete,592.1,0,84,691,1,1,0.4622,,data dome-s2026-0018-comp
a0657e790ef7a335529e20786113562658664ba236c601f97474afbfd7cc01e8,complete,807.7,0,124,1063,1,1,0.5053,,data dome-s2026-0018-unco
a16724b1b3645d7acb418efc7dc81ca181ba90521acc5389e48c6e3698a26586,complete,1687,0,229,2095,1,1,0.5246,,data truncated_cone-s2026-0023-unco
a2400cb0d38a139b10d53f6621436759d802d093b7d13eb8624e9347c188b775,complete,1569,0,189,1728,1,1,0.5053,,data truncated_cone-s2026-0021-comp
a2fdb9c55ee04c8cc7fb7d54e75a16a7bcada9390d3d6a64b4b065a4ede71b09,complete,1093,0,142,1260,1,1,0.4974,,data truncated_cone-s2026-0023-comp
a34391cedd3743ff4d1d8fcc40d1a7dab038ef3a9b1e0a6bbc6d960d20aa3689,complete,1006,0,169,1537,1,1,0.7163,,data elliptic_cone-s2026-0009-comp
a525af2670b2ce0cb013ebbf8a22f0a8c18d6fc47c8e1e2a9c7a58f8a9a150f6,complete,1176,0,210,1925,1,1,0.8188,,data dome-s2026-0013-unco
a632a725968305fdb5ffb157cdccd4e5875370396dc6e941e25ba282106bfbcd,complete,1773,0,233,2164,1,1,0.5179,,data pyramid-s2026-0018-comp
a6ce56cbe932fb4847aa804d41689e3f2827870e9785e7482958a057b0ddda09,complete,854.8,0,179,1556,1,1,0.5441,,data dome-s2026-0016-comp
a80fa7ee5cf4e292617cf1c36d6f1a566c0bff5e0d76d6c555833fda9f33a0ef,complete,2802,0,240,2763,2,1,0.5303,,ML-GBM pyramid-s2026-0001
a86ba11f77ea7adf1ecea147aa45786c1a7191a6ed1f6a328dae2de9c2ee4077,complete,1689,0,183,1884,0,1,0.6822,,data elliptic_cone-s2026-0003-unco
a89ffaa148f88ac7fd2248198aafc21b37536538e048cf9b4be4dfc174e74213,complete,6592,0,596,6612,3,1,0.4726,,ML-MLP elliptic_cone-s2026-0000
aa401395ff8f9776abf69f005b7c534ee78aeec8e34d1a52600ebcbdc9d2964a,complete,1443,0,290,2527,2,1,0.6519,,data pyramid-s2026-0014-unco
aedbc98efbfcebf0af0a05e5f65f0582c8813a129163c43078f508c911606dac,complete,4731,0,349,4443,2,1,0.664,,ML-GBM dome-s2026-0001
b20d8c38a7766c7699a203f1a5f545d3c749c32dc7c93b676c8b6b857c59385c,complete,2188,0,169,1640,1,1,0.8854,,data truncated_cone-s2026-0002-unco
b263572a2ac56c54cb3bf3c0516786fb2814fca7387ad43b35f6650dee7d6868,complete,838.3,0,104,962,0,1,0.4921,,data elliptic_cone-s2026-0019-comp
b26cf3ca3262ec35eb220c36fac44f3dd1c0bf4ba92a330f211e29cc87408643,complete,1282,0,205,2018,1,1,0.7145,,data truncated_cone-s2026-0014-comp
b294f6cb0aa567bb67dba84643cd190a8b8e26761ec343ae3ea115e9819f880b,complete,1525,0,199,1807,1,1,0.4582,,data elliptic_cone-s2026-0025-comp
b36a543f8c4f6f7c4dc60091a8e7c74bc97a24c9773fb97ea3d9fbff66573035,complete,1960,0,284,2418,2,1,0.6568,,data pyramid-s2026-0025-comp
b3da1daf823be407e662d41c3aacaa7664b93775194b6a63556ccbabdac9aee9,complete,881.5,0,149,1394,1,1,0.785,,data dome-s2026-0011-unco
b414695d50d4d354d26c4ef9b83cd718f6b996fa2768105c4829061c1c5ded39,complete,3037,0,332,3329,3,1,0.7148,,ML-MLP truncated_cone-s2026-0000
b4784d4b935e9195d3fd8d300c39652bd786dc996d434636f02dc6e829142236,complete,1374,0,243,2298,1,1,0.5484,,data dome-s2026-0015-unco
b4a19ee9e2b4b4bc33ca1f1b5a5f593246958b7f8e063cf6f301d34234f30468,complete,1798,0,229,2117,1,1,0.7173,,data elliptic_cone-s2026-0022-unco
b4ea56a9129a7783cc08bc0881f863d82b37415c5c57c477eab46e0aba557131,complete,1254,0,225,2153,1,1,0.4807,,data truncated_cone-s2026-0015-unco
b54de18b51b07e3a26f9fc84deb67d9f4cbff39af4f0905b75b730a16a04d3d4,complete,3237,0,411,3825,1,1,0.6737,,data truncated_cone-s2026-0024-unco
ba4af6ed427399799c621a5bb24f3d6809e1574c8aacd5fc037cd98dcb34e1c8,complete,1217,0,184,1815,1,1,0.7199,,data truncated_cone-s2026-0004-comp
badf8e8223cbe445a8a4e30a3be89b030d7939c5a3f22c1df1af9fde7801360f,complete,847.7,0,125,1240,0,1,0.482,,data elliptic_cone-s2026-0004-comp
bb69d21ed193984105b8635f5e8e1decbfd9af0fbfe3a0de6639acc2300191c9,complete,980.5,0,115,1087,0,1,0.583,,data elliptic_cone-s2026-0024-comp
bc5d209158987a596314300e97b83d5cfac0bdfe28434f6cfff3d35dda536214,complete,3179,0,274,2681,1,1,0.5722,,data elliptic_cone-s2026-0002-unco
beb890a95f1f2f0a37e586f91d97218f76d66833a1f78c1f722ed76b3243f33d,complete,1732,0,232,2104,1,1,0.6021,,data pyramid-s2026-0020-comp
bf30a22648efa9526d26acd8b6e9a6aadcf6174514328bc6c2015de316261da5,complete,1848,0,317,3005,2,1,0.7382,,data pyramid-s2026-0010-comp
bf8b9708ad4cc07430ef615e67eb86a35bcd8dc8034c2af208b5a01cb0ce41b9,complete,966.3,0,135,1152,1,1,0.6614,,data truncated_cone-s2026-0025-comp
c1b4150f483c3d8e67ef581daddaa84efd623c6c03751542a7231148c7b3e52a,complete,1214,0,217,1958,1,1,0.4701,,data elliptic_cone-s2026-0007-unco
c2187e543b6b4fb31deec4408175db2d6d31a9a16197462555ea4fa73396c8ba,complete,3005,0,325,3309,3,1,0.8164,,ML-GBM elliptic_cone-s2026-0001
c25c1c1dd9defdba0f37254be286cac7a8c43e1b7b543ec975f8d4e9c4ded946,complete,953.7,0,191,1709,1,1,0.6838,,data elliptic_cone-s2026-0013-comp
c350679a2e7896fb61746af6c47ffec3583aba43828427786e836075b54e4011,complete,6182,0,576,6324,3,1,0.5935,,ML-MLP pyramid-s2026-0001
c350d2b1d09044d0a297fff8f85c4098899d592f9c7382257c72435f96ca4247,complete,847.8,0,158,1386,1,1,0.4455,,data dome-s2026-0010-unco
c43f45fe4edddd30c71a0a3db572b7976f520a997166d4079acf41d83075db49,complete,2514,0,329,3056,1,1,0.4689,,data pyramid-s2026-0022-unco
c7f8a9e4d2074288b658e65420832a51940404feb18a8a4e66960cfcdbc17155,complete,1175,0,163,1437,1,1,0.6099,,data elliptic_cone-s2026-0021-comp
c7fba31d587deccdaff8e441be41b5e1b7568ea0130cc5c7099b89af3662a4ec,complete,1548,0,176,1718,1,1,0.7209,,data elliptic_cone-s2026-0020-comp
c7feea8e4309656d84b8c5dddb6feae22264cd04774c8faf93740b7d93465330,complete,924.1,0,133,1362,0,1,0.5551,,data pyramid-s2026-0009-unco
cc2ed53736b6ed7ed1d2d2d6cec5cf16fe128a3612587f2af1ce9c302eb3a249,complete,747.6,0,124,1107,1,1,0.7565,,data dome-s2026-0007-comp
cf633e27c0410c1b94074e1b465178ef19599705b72273601dc9651812183288,complete,644.2,0,102,970,0,1,0.8027,,data dome-s2026-0005-unco
cf89690a2d9ffebc0750486fb7f4d7f0f1b7834fc7a71815ab36a0b0cf0b8456,complete,4525,0,445,4793,3,1,0.8051,,ML-MLP pyramid-s2026-0000
d01b3cb73e07fc6fc2997a26e67ff4e3bba341eb64e9c2735a4a4e4efdf23d1e,complete,1493,0,201,1797,1,1,0.422,,data dome-s2026-0022-unco
d07304217a7a35e13942434defaf3f4276988f15df7ad9b7f57a591e3d8702d2,complete,1351,0,240,2223,1,1,0.6985,,data elliptic_cone-s2026-0006-unco
d20f4d45b61b776e7f37614eb27d03ac9997df92c9031d5a542980930ff6483b,complete,825.4,0,150,1282,1,1,0.4733,,data dome-s2026-0008-comp
d45bcac9867c395e3a63acc88e61df5979bc349188151e7ccc8c7189046149b4,complete,1919,0,242,2226,1,1,0.5116,,data pyramid-s2026-0024-comp
d48b2f4bf69b20a3dbb375431b585fc11ef677bb21621c28808dc29ba45b1415,complete,1207,0,121,1084,1,1,0.5339,,data dome-s2026-0002-comp
d63521bb8f55b2a9c9c25625740b1d1722807e65f68012495d22f84a1111d01f,complete,2630,0,238,2749,2,1,0.7273,,ML-GBM truncated_cone-s2026-0000
d8254bfbce5b36c05a5e14c7e9e009de103c0af8d107b85cce60488e263631b5,complete,1581,0,223,1922,3,1,0.859,,data dome-s2026-0025-comp
d8aac5ac132cf2565f49256aeb53e2e188fd9577717a966fc3259d14b05f1021,complete,1373,0,251,2267,1,1,0.6366,,data pyramid-s2026-0011-unco
d8cb412ae0ff22216d5f4b99e40df96b938067412b5f92fda16d7bbcd8f3696f,complete,793.4,0,135,1279,0,1,0.6492,,data dome-s2026-0017-unco
de4cc4bb05076e391c6046373f7115393652e8279a9c2d41558e5af0129772bd,complete,929.2,0,164,1491,1,1,0.5368,,data pyramid-s2026-0007-unco
e00bdee9748c744ebf6f5f759bd4ebf3c2e2c908b8a06a15c4be1903fb6d8749,complete,1399,0,176,1611,1,1,0.6051,,data dome-s2026-0019-comp
e08dc76fbe2806bb717a06f2c4d4120072c86a7543dc6d71f9111f479e4e402a,complete,1470,0,174,1675,0,1,0.6018,,data dome-s2026-0019-unco
e09a22e7012a5b295772c29236a8546ebadf3e20656e24a231722252ca1f5ffd,complete,882.1,0,161,1433,1,1,0.3814,,data dome-s2026-0006-unco
e0ca94767e185d550b4119517688aa502397ccc625a6b857b6d3b6801ee21187,complete,875.1,0,164,1446,1,1,0.6348,,data dome-s2026-0009-comp
e1309c7bbd3a5d599f4c06021deec3d7952c222178b9c196e68bf4a92cb11823,complete,1354,0,275,2334,2,1,0.9087,,data truncated_cone-s2026-0008-unco
e202d76c65d838981cbbde8ed518ce49ea0f4d2a5ae268fc68748277a4fa3414,complete,874.5,0,158,1365,1,1,0.869,,data truncated_cone-s2026-0008-comp
e51c12c4dbbcd8074d4dfda3af7ed410f312b372c8cf1c014000fba86176c7f7,complete,1475,0,184,1707,1,1,0.7419,,data pyramid-s2026-0023-unco
e93c893694a056e80c20a104652146230b26160200e5f987faeb31d54ebae19c,complete,1211,0,137,1340,0,1,0.7023,,data truncated_cone-s2026-0020-unco
ea652e904e42d764cb99bbc1e244ac80887671b31836b060bf2bcfd1e805ed49,complete,2626,0,492,4464,2,1,0.7632,,data pyramid-s2026-0010-unco
eaf6f8bb7a50f7520fad32abce5a6e0a1ba04e9dd4201c9eb8e2051661d11a7c,complete,1240,0,236,2172,1,1,0.7428,,data pyramid-s2026-0013-comp
ebe871c9b302ca5986165ae5107196ee59cf1e145f9268b0438d8b52ef8c8466,complete,1094,0,195,1770,1,1,0.8071,,data dome-s2026-0011-comp
ecbc6712e0c2227a888df9169a15ea5a00e596751af791f779854c2d3dc608f7,complete,1448,0,259,2439,1,1,0.6255,,data elliptic_cone-s2026-0012-unco
ecf418d0c088f02574e3cf34333c18209e0746e77ff3431a1afa91ccfa478345,complete,1227,0,163,1437,2,1,0.8812,,data dome-s2026-0021-unco
ee7280ac5e60a2bd2299681bfe733852d55323f020fcdcdadd19649f8ab7c9b2,complete,946.2,0,178,1589,1,1,0.4041,,data dome-s2026-0012-unco
eee9ad8007281d610ad2dc3b9de275e52e1c009ecc1d8b81a89ad02c9da2b71c,complete,1749,0,317,2955,1,1,0.7545,,data pyramid-s2026-0013-unco
ef26ac87f4d27ad49830e1df8815da4e517f0a6816f8011fc9fa24861ea6a6cd,complete,1274,0,178,1581,1,1,0.6445,,data dome-s2026-0023-unco
f04c3b677f05fa985a7e91b278868f28fb4cb2cf057b9047f4912acdf8a56dbe,complete,2150,0,294,2650,1,1,0.6501,,data pyramid-s2026-0020-unco
f4aa153d80207cfb8fbf66acccca5b68b33e07342008e4329dde55da8195478a,complete,2584,0,210,2521,1,1,0.4516,,ML-GBM elliptic_cone-s2026-0000
f874e54631047794ec28e2ac29ca2bb687fe5920fc38dd3d4f2ce3b5b54205f8,complete,1698,0,232,2056,2,1,0.7324,,data pyramid-s2026-0023-comp
f995d09aea572cc021cdaf1ff098b7b002de9c00559a816476754bc8d61f6766,complete,1500,0,175,1681,1,1,0.8534,,data truncated_cone-s2026-0022-unco
fcdd63c521733527a9bac0260b4199e9709ac0d7d5bf9b7866d68352fbe45415,complete,1938,0,176,1602,1,1,0.5651,,data dome-s2026-0002-unco
fe50c9cd79c059826aa917533cd5697d3dc516f51562af2750a0dd6490407e90,complete,867.7,0,173,1541,1,1,0.4592,,data truncated_cone-s2026-0015-comp
feea2a446d88445979aee128933239e1d5255079dd292a6366240e4378db8a06,complete,1319,0,191,1645,1,1,0.6465,,data truncated_cone-s2026-0019-unco
feeece0f2a1ef17bbaa99213536798a0cade12c128a1313a1b37bfa341628f8b,complete,858.7,0,163,1572,1,1,0.7109,,data pyramid-s2026-0017-comp
ff283f8b9c2fb7433f22ba51568448eaf50d28e8a002067c5107e018f809e55f,complete,1567,0,174,1749,0,1,0.5511,,data elliptic_cone-s2026-0023-unco
